JvmtiExport can_access_local_variables 0
JvmtiExport can_hotswap_or_post_breakpoint 0
JvmtiExport can_post_on_exceptions 0
# 375 ciObject found
instanceKlass akka/dispatch/MonitorableThreadFactory$AkkaForkJoinWorkerThread$$anon$3
instanceKlass sun/nio/fs/WindowsNativeDispatcher$1
instanceKlass sun/nio/fs/WindowsNativeDispatcher
instanceKlass scala/concurrent/impl/Promise$KeptPromise
instanceKlass sun/nio/fs/WindowsDirectoryStream
instanceKlass java/nio/file/DirectoryStream
instanceKlass com/neowit/apex/actions/ActionSuccess
instanceKlass com/neowit/apex/actions/ActionResult
instanceKlass com/neowit/apex/actions/ActionSuccess$
instanceKlass java/nio/file/Files$AcceptAllFilter
instanceKlass java/nio/file/DirectoryStream$Filter
instanceKlass java/nio/file/Files
instanceKlass org/antlr/v4/runtime/dfa/DFAState$PredPrediction
instanceKlass org/antlr/v4/runtime/ProxyErrorListener
instanceKlass org/antlr/v4/runtime/tree/TerminalNodeImpl
instanceKlass org/antlr/v4/runtime/misc/FlexibleHashMap$Entry
instanceKlass org/antlr/v4/runtime/misc/FlexibleHashMap
instanceKlass org/antlr/v4/runtime/misc/DoubleKeyMap
instanceKlass org/antlr/v4/runtime/atn/LL1Analyzer
instanceKlass org/antlr/v4/runtime/CommonToken
instanceKlass org/antlr/v4/runtime/WritableToken
instanceKlass org/antlr/v4/runtime/atn/LexerIndexedCustomAction
instanceKlass org/antlr/v4/runtime/atn/LexerActionExecutor
instanceKlass scala/runtime/RichChar$
instanceKlass scala/collection/mutable/ArrayOps$ofChar$
instanceKlass scala/collection/mutable/ArrayOps$ofChar
instanceKlass org/antlr/v4/runtime/misc/MurmurHash
instanceKlass org/antlr/v4/runtime/tree/ErrorNode
instanceKlass org/antlr/v4/runtime/tree/TerminalNode
instanceKlass scala/collection/convert/Wrappers$IteratorWrapper
instanceKlass java/util/concurrent/CopyOnWriteArrayList$COWIterator
instanceKlass scala/collection/convert/Wrappers$IterableWrapperTrait
instanceKlass scala/collection/JavaConversions$
instanceKlass com/neowit/apex/parser/ApexParserUtils$
instanceKlass org/antlr/v4/runtime/atn/SemanticContext
instanceKlass org/antlr/v4/runtime/DefaultErrorStrategy
instanceKlass java/net/NetworkInterface$2
instanceKlass org/antlr/v4/runtime/tree/ParseTreeListener
instanceKlass org/antlr/v4/runtime/RuleContext
instanceKlass org/antlr/v4/runtime/tree/RuleNode
instanceKlass org/antlr/v4/runtime/tree/ParseTree
instanceKlass org/antlr/v4/runtime/tree/SyntaxTree
instanceKlass org/antlr/v4/runtime/tree/Tree
instanceKlass org/antlr/v4/runtime/ANTLRErrorStrategy
instanceKlass org/antlr/v4/runtime/atn/LexerATNSimulator$SimState
instanceKlass org/antlr/v4/runtime/misc/AbstractEqualityComparator
instanceKlass org/antlr/v4/runtime/misc/EqualityComparator
instanceKlass org/antlr/v4/runtime/misc/Array2DHashSet
instanceKlass org/antlr/v4/runtime/dfa/DFAState
instanceKlass org/antlr/v4/runtime/atn/ATNConfigSet
instanceKlass org/antlr/v4/runtime/atn/ATNConfig
instanceKlass org/antlr/v4/runtime/misc/IntegerList
instanceKlass org/antlr/v4/runtime/Token
instanceKlass org/antlr/v4/runtime/CommonTokenFactory
instanceKlass org/antlr/v4/runtime/TokenFactory
instanceKlass java/util/concurrent/CopyOnWriteArrayList
instanceKlass org/antlr/v4/runtime/dfa/DFA
instanceKlass org/antlr/v4/runtime/atn/LexerChannelAction
instanceKlass org/antlr/v4/runtime/atn/LexerSkipAction
instanceKlass org/antlr/v4/runtime/atn/ATNDeserializer$1
instanceKlass org/antlr/v4/runtime/misc/Interval
instanceKlass org/antlr/v4/runtime/misc/IntervalSet
instanceKlass org/antlr/v4/runtime/misc/Pair
instanceKlass org/antlr/v4/runtime/misc/IntSet
instanceKlass org/antlr/v4/runtime/atn/ATN
instanceKlass org/antlr/v4/runtime/atn/ATNDeserializationOptions
instanceKlass java/util/UUID
instanceKlass org/antlr/v4/runtime/atn/LexerAction
instanceKlass org/antlr/v4/runtime/atn/ATNState
instanceKlass org/antlr/v4/runtime/atn/Transition
instanceKlass org/antlr/v4/runtime/atn/ATNDeserializer
instanceKlass org/antlr/v4/runtime/VocabularyImpl
instanceKlass org/antlr/v4/runtime/atn/PredictionContext
instanceKlass org/antlr/v4/runtime/atn/PredictionContextCache
instanceKlass org/antlr/v4/runtime/RuntimeMetaData
instanceKlass org/antlr/v4/runtime/Vocabulary
instanceKlass org/antlr/v4/runtime/atn/ATNSimulator
instanceKlass org/antlr/v4/runtime/ANTLRInputStream
instanceKlass org/antlr/v4/runtime/BufferedTokenStream
instanceKlass org/antlr/v4/runtime/BaseErrorListener
instanceKlass org/antlr/v4/runtime/ANTLRErrorListener
instanceKlass com/neowit/apex/parser/ApexTree
instanceKlass org/antlr/v4/runtime/CharStream
instanceKlass org/antlr/v4/runtime/Recognizer
instanceKlass org/antlr/v4/runtime/TokenStream
instanceKlass org/antlr/v4/runtime/IntStream
instanceKlass org/antlr/v4/runtime/TokenSource
instanceKlass com/neowit/apex/parser/SourceScanner
instanceKlass com/neowit/response/BaseResult
instanceKlass scala/io/Position
instanceKlass scala/io/Source$Positioner
instanceKlass scala/io/Source
instanceKlass scala/io/Source$
instanceKlass scala/io/Codec
instanceKlass scala/io/LowPriorityCodecImplicits$class
instanceKlass scala/io/Codec$
instanceKlass java/io/FilenameFilter
instanceKlass java/nio/channels/ReadableByteChannel
instanceKlass java/nio/channels/Channel
instanceKlass com/neowit/utils/FileUtils$
instanceKlass com/neowit/utils/JsonProperties$class
instanceKlass com/neowit/utils/JsonProperties
instanceKlass spray/json/ProductFormatsInstances$$anon$9
instanceKlass scala/Product9$class
instanceKlass scala/Tuple9
instanceKlass scala/Product9
instanceKlass spray/json/ProductFormats$
instanceKlass scala/runtime/IntRef
instanceKlass scala/math/Ordering$$anon$5
instanceKlass scala/math/Ordering$IntOrdering$class
instanceKlass scala/math/Ordering$Int$
instanceKlass scala/math/Ordering$IntOrdering
instanceKlass scala/reflect/ClassTypeManifest
instanceKlass com/neowit/auth/Oauth2Tokens
instanceKlass spray/json/StandardFormats$OptionFormat
instanceKlass spray/json/JsValue
instanceKlass spray/json/BasicFormats$StringJsonFormat$
instanceKlass scala/Function9$class
instanceKlass scala/runtime/AbstractFunction9
instanceKlass scala/Function9
instanceKlass com/neowit/auth/OAuth2JsonSupport$class
instanceKlass com/neowit/apex/LogUtils$LogInfoCreatorProvider
instanceKlass com/neowit/apex/Session
instanceKlass com/neowit/apex/Session$
instanceKlass com/neowit/utils/Config
instanceKlass com/neowit/auth/OAuth2JsonSupport
instanceKlass akka/dispatch/TaskInvocation
instanceKlass akka/dispatch/Batchable
instanceKlass sun/reflect/ClassDefiner$1
instanceKlass sun/reflect/ClassDefiner
instanceKlass sun/reflect/MethodAccessorGenerator$1
instanceKlass sun/reflect/Label$PatchInfo
instanceKlass sun/reflect/Label
instanceKlass sun/reflect/UTF8
instanceKlass sun/reflect/ClassFileAssembler
instanceKlass sun/reflect/ByteVectorImpl
instanceKlass sun/reflect/ByteVector
instanceKlass sun/reflect/ByteVectorFactory
instanceKlass sun/reflect/AccessorGenerator
instanceKlass sun/reflect/ClassFileConstants
instanceKlass scala/Function0$mcI$sp$class
instanceKlass scala/Function0$mcI$sp
instanceKlass java/net/Socket$3
instanceKlass akka/util/Collections$PartialImmutableValuesIterable
instanceKlass com/neowit/Shutdown
instanceKlass com/neowit/Ping
instanceKlass akka/actor/dungeon/ChildrenContainer$NormalChildrenContainer$
instanceKlass akka/actor/dungeon/ChildrenContainer$TerminatedChildrenContainer$
instanceKlass akka/actor/dungeon/ChildrenContainer$Termination$
instanceKlass com/neowit/Command
instanceKlass com/neowit/CommandProcessor
instanceKlass java/net/Socket$2
instanceKlass com/neowit/Message
instanceKlass com/neowit/CommandParser
instanceKlass sun/security/validator/EndEntityChecker
instanceKlass sun/security/validator/Validator
instanceKlass sun/util/logging/LoggingSupport$2
instanceKlass java/util/logging/LoggingProxyImpl
instanceKlass sun/util/logging/LoggingProxy
instanceKlass sun/util/logging/LoggingSupport$1
instanceKlass sun/util/logging/LoggingSupport
instanceKlass sun/util/logging/PlatformLogger$LoggerProxy
instanceKlass sun/util/logging/PlatformLogger$1
instanceKlass sun/util/logging/PlatformLogger
instanceKlass sun/security/x509/NetscapeCertTypeExtension$MapEntry
instanceKlass java/security/interfaces/DSAPublicKey
instanceKlass java/security/interfaces/DSAKey
instanceKlass java/security/spec/DSAPublicKeySpec
instanceKlass java/security/AlgorithmParametersSpi
instanceKlass java/security/AlgorithmParameters
instanceKlass sun/security/util/Pem
instanceKlass javax/crypto/JarVerifier$1
instanceKlass javax/crypto/JarVerifier
instanceKlass java/util/Vector$1
instanceKlass javax/crypto/CryptoPolicyParser$CryptoPermissionEntry
instanceKlass javax/crypto/CryptoPolicyParser$GrantEntry
instanceKlass java/io/StreamTokenizer
instanceKlass javax/crypto/CryptoPolicyParser
instanceKlass java/util/zip/ZipFile$ZipEntryIterator
instanceKlass java/util/jar/JarFile$JarEntryIterator
instanceKlass sun/nio/fs/AbstractPath
instanceKlass sun/nio/fs/Util
instanceKlass sun/nio/fs/WindowsPathParser$Result
instanceKlass sun/nio/fs/WindowsPathParser
instanceKlass java/nio/file/FileSystem
instanceKlass java/nio/file/spi/FileSystemProvider
instanceKlass sun/nio/fs/DefaultFileSystemProvider
instanceKlass java/nio/file/FileSystems$DefaultFileSystemHolder$1
instanceKlass java/nio/file/FileSystems$DefaultFileSystemHolder
instanceKlass java/nio/file/FileSystems
instanceKlass java/nio/file/Paths
instanceKlass javax/crypto/JceSecurity$1
instanceKlass java/security/SecureRandomSpi
instanceKlass javax/crypto/JceSecurity
instanceKlass javax/crypto/Cipher$Transform
instanceKlass javax/crypto/Cipher
instanceKlass sun/security/ssl/Utilities
instanceKlass sun/security/ssl/JsseJce
instanceKlass sun/security/ssl/SSLCipher$StreamWriteCipherGenerator
instanceKlass sun/security/ssl/SSLCipher$StreamReadCipherGenerator
instanceKlass sun/security/ssl/SSLCipher$NullWriteCipherGenerator
instanceKlass sun/security/ssl/SSLCipher$WriteCipherGenerator
instanceKlass sun/security/ssl/SSLCipher$NullReadCipherGenerator
instanceKlass sun/security/ssl/SSLCipher$ReadCipherGenerator
instanceKlass sun/security/ssl/SSLAlgorithmConstraints
instanceKlass sun/security/ssl/SSLLogger
instanceKlass sun/security/ssl/SunJSSE$1
instanceKlass java/util/concurrent/ConcurrentHashMap$MapEntry
instanceKlass java/util/concurrent/ConcurrentHashMap$Traverser
instanceKlass java/security/spec/ECFieldF2m
instanceKlass java/security/spec/ECPoint
instanceKlass java/security/spec/EllipticCurve
instanceKlass java/security/spec/ECFieldFp
instanceKlass java/security/spec/ECParameterSpec
instanceKlass java/security/spec/AlgorithmParameterSpec
instanceKlass java/security/spec/ECField
instanceKlass sun/security/ec/CurveDB
instanceKlass sun/security/ec/SunECEntries
instanceKlass java/net/URI$Parser
instanceKlass java/net/URI
instanceKlass sun/security/ec/SunEC$1
instanceKlass sun/security/util/ManifestEntryVerifier$SunProviderHolder
instanceKlass sun/nio/cs/Surrogate
instanceKlass sun/nio/cs/Surrogate$Parser
instanceKlass java/util/Base64$Encoder
instanceKlass java/util/Base64$Decoder
instanceKlass java/util/Base64
instanceKlass java/security/cert/CertPath
instanceKlass java/math/MutableBigInteger
instanceKlass sun/security/rsa/RSAPadding
instanceKlass sun/security/rsa/RSACore
instanceKlass sun/security/rsa/RSAUtil$1
instanceKlass java/security/interfaces/RSAPrivateCrtKey
instanceKlass sun/security/pkcs/PKCS8Key
instanceKlass java/security/interfaces/RSAPrivateKey
instanceKlass java/security/PrivateKey
instanceKlass sun/security/util/SignatureUtil
instanceKlass sun/security/jca/ServiceId
instanceKlass java/security/Signature$1
instanceKlass sun/misc/JavaSecuritySignatureAccess
instanceKlass java/security/SignatureSpi
instanceKlass javax/crypto/SecretKey
instanceKlass javax/security/auth/Destroyable
instanceKlass sun/security/util/Length
instanceKlass sun/security/util/KeyUtil
instanceKlass sun/text/normalizer/NormalizerBase$1
instanceKlass sun/text/normalizer/NormalizerBase$QuickCheckResult
instanceKlass sun/text/normalizer/NormalizerBase$Mode
instanceKlass sun/text/normalizer/NormalizerBase
instanceKlass java/text/Normalizer
instanceKlass sun/security/pkcs/PKCS9Attribute
instanceKlass sun/security/x509/AVAKeyword
instanceKlass sun/security/util/ConstraintsParameters
instanceKlass java/lang/Class$4
instanceKlass sun/security/pkcs/SignerInfo
instanceKlass jdk/internal/event/EventHelper
instanceKlass sun/security/util/MemoryCache$CacheEntry
instanceKlass sun/security/x509/X509AttributeName
instanceKlass sun/security/x509/GeneralNames
instanceKlass sun/security/x509/KeyIdentifier
instanceKlass sun/security/x509/OIDMap$OIDInfo
instanceKlass sun/security/x509/PKIXExtensions
instanceKlass sun/security/x509/OIDMap
instanceKlass sun/security/x509/Extension
instanceKlass java/security/cert/Extension
instanceKlass java/util/Collections$SynchronizedMap
instanceKlass sun/security/x509/CertificateExtensions
instanceKlass sun/security/rsa/RSAUtil
instanceKlass java/security/interfaces/RSAPublicKey
instanceKlass java/security/interfaces/RSAKey
instanceKlass java/security/spec/RSAPrivateKeySpec
instanceKlass java/security/spec/RSAPublicKeySpec
instanceKlass java/security/KeyFactorySpi
instanceKlass sun/security/jca/ProviderList$ServiceList$1
instanceKlass java/security/KeyFactory
instanceKlass java/security/spec/EncodedKeySpec
instanceKlass java/security/spec/KeySpec
instanceKlass sun/security/util/BitArray
instanceKlass sun/security/x509/X509Key
instanceKlass java/security/PublicKey
instanceKlass java/security/Key
instanceKlass sun/security/x509/CertificateX509Key
instanceKlass sun/security/x509/CertificateValidity
instanceKlass sun/security/x509/AVA
instanceKlass sun/security/x509/RDN
instanceKlass javax/security/auth/x500/X500Principal
instanceKlass sun/security/x509/X500Name$1
instanceKlass sun/security/x509/X500Name
instanceKlass sun/security/x509/GeneralNameInterface
instanceKlass sun/security/x509/CertificateAlgorithmId
instanceKlass sun/security/x509/SerialNumber
instanceKlass sun/security/x509/CertificateSerialNumber
instanceKlass sun/security/x509/CertificateVersion
instanceKlass sun/security/x509/X509CertInfo
instanceKlass sun/security/x509/CertAttrSet
instanceKlass sun/security/util/Cache$EqualByteArray
instanceKlass java/security/cert/X509Extension
instanceKlass sun/security/util/Cache
instanceKlass java/security/cert/CertificateFactorySpi
instanceKlass java/security/cert/CertificateFactory
instanceKlass sun/security/x509/AlgorithmId
instanceKlass sun/security/util/ByteArrayTagOrder
instanceKlass sun/security/util/ByteArrayLexOrder
instanceKlass sun/security/util/DerEncoder
instanceKlass sun/security/util/DerValue
instanceKlass sun/security/util/ObjectIdentifier
instanceKlass sun/security/pkcs/ContentInfo
instanceKlass sun/security/util/DerIndefLenConverter
instanceKlass sun/security/util/DerInputStream
instanceKlass sun/security/pkcs/PKCS7
instanceKlass sun/security/util/ManifestDigester$Section
instanceKlass sun/security/util/ManifestDigester$Entry
instanceKlass sun/security/util/ManifestDigester$Position
instanceKlass sun/security/util/ManifestDigester
instanceKlass sun/security/util/DisabledAlgorithmConstraints$1
instanceKlass sun/security/util/DisabledAlgorithmConstraints$Constraint
instanceKlass sun/security/util/DisabledAlgorithmConstraints$Constraints
instanceKlass sun/security/util/AbstractAlgorithmConstraints$1
instanceKlass sun/security/util/AlgorithmDecomposer
instanceKlass sun/security/util/AbstractAlgorithmConstraints
instanceKlass java/security/AlgorithmConstraints
instanceKlass sun/security/util/SignatureFileVerifier
instanceKlass sun/security/util/ManifestEntryVerifier
instanceKlass sun/security/rsa/SunRsaSignEntries
instanceKlass javax/net/ssl/SSLContextSpi
instanceKlass javax/net/ssl/SSLContext
instanceKlass javax/net/ssl/SSLSocketFactory$1
instanceKlass javax/net/SocketFactory
instanceKlass javax/net/ssl/HttpsURLConnection$DefaultHostnameVerifier
instanceKlass javax/net/ssl/HostnameVerifier
instanceKlass java/net/Proxy
instanceKlass com/sforce/ws/transport/JdkHttpTransport
instanceKlass com/sforce/ws/transport/Transport
instanceKlass com/sforce/ws/ConnectorConfig
instanceKlass com/neowit/apex/Connection$
instanceKlass scala/math/Numeric
instanceKlass com/neowit/apex/AppVersion$
instanceKlass sun/security/provider/ByteArrayAccess
instanceKlass sun/security/util/MessageDigestSpi2
instanceKlass sun/security/jca/GetInstance$Instance
instanceKlass java/security/Provider$UString
instanceKlass java/security/Provider$Service
instanceKlass sun/security/provider/NativePRNG$NonBlocking
instanceKlass sun/security/provider/NativePRNG$Blocking
instanceKlass sun/security/provider/NativePRNG
instanceKlass sun/security/provider/SunEntries$1
instanceKlass sun/security/provider/SunEntries
instanceKlass sun/security/jca/ProviderConfig$2
instanceKlass sun/security/jca/ProviderList$2
instanceKlass sun/misc/FDBigInteger
instanceKlass java/security/Provider$EngineDescription
instanceKlass java/security/Provider$ServiceKey
instanceKlass sun/security/jca/ProviderConfig
instanceKlass sun/security/jca/ProviderList
instanceKlass sun/security/jca/Providers
instanceKlass sun/security/jca/GetInstance
instanceKlass java/security/MessageDigestSpi
instanceKlass java/util/Formatter$Conversion
instanceKlass java/util/Formatter$Flags
instanceKlass java/util/Formatter$FormatSpecifier
instanceKlass java/util/Formatter$FormatString
instanceKlass java/util/Formatter
instanceKlass java/lang/Byte$ByteCache
instanceKlass scala/collection/mutable/ArrayOps$ofByte$
instanceKlass scala/Array$$anon$2
instanceKlass scala/collection/mutable/ArrayOps$ofByte
instanceKlass akka/event/EventStreamUnsubscriber$Register
instanceKlass java/net/Socket
instanceKlass akka/util/BoxedType$
instanceKlass akka/actor/DeadLetter
instanceKlass akka/actor/AllDeadLetters
instanceKlass akka/event/EventStreamUnsubscriber
instanceKlass akka/event/EventStreamUnsubscriber$
instanceKlass akka/event/DeadLetterListener
instanceKlass akka/event/Logging$Info
instanceKlass akka/actor/LightArrayRevolverScheduler$$anon$7
instanceKlass akka/actor/LightArrayRevolverScheduler$$anon$3
instanceKlass akka/actor/LightArrayRevolverScheduler$$anon$6
instanceKlass akka/actor/LightArrayRevolverScheduler$$anon$5
instanceKlass akka/actor/LightArrayRevolverScheduler$
instanceKlass scala/concurrent/BatchingExecutor$Batch
instanceKlass scala/concurrent/impl/Promise$
instanceKlass akka/actor/Status$Failure
instanceKlass akka/actor/Status$Success
instanceKlass akka/actor/Status$Status
instanceKlass java/util/concurrent/locks/LockSupport
instanceKlass akka/pattern/PromiseActorRef$Stopped$
instanceKlass akka/pattern/AbstractPromiseActorRef
instanceKlass akka/event/Logging$LoggerInitialized
instanceKlass scala/concurrent/AwaitPermission$
instanceKlass scala/concurrent/BlockContext$DefaultBlockContext$
instanceKlass akka/actor/package$
instanceKlass scala/concurrent/BlockContext$
instanceKlass akka/actor/AutoReceivedMessage
instanceKlass scala/concurrent/package$
instanceKlass akka/actor/NotInfluenceReceiveTimeout
instanceKlass akka/dispatch/Envelope$
instanceKlass akka/actor/LightArrayRevolverScheduler$TaskHolder
instanceKlass scala/concurrent/duration/package$LongMult$
instanceKlass akka/actor/Scheduler$$anon$4
instanceKlass akka/pattern/PromiseActorRef$
instanceKlass akka/actor/Actor$
instanceKlass akka/pattern/AskableActorRef$
instanceKlass akka/event/Logging$InitializeLogger
instanceKlass java/util/concurrent/CompletionStage
instanceKlass akka/pattern/FutureTimeoutSupport$class
instanceKlass akka/pattern/GracefulStopSupport$class
instanceKlass akka/pattern/AskSupport$class
instanceKlass akka/pattern/PipeToSupport$class
instanceKlass akka/pattern/package$
instanceKlass akka/pattern/PipeToSupport
instanceKlass akka/pattern/GracefulStopSupport
instanceKlass akka/pattern/FutureTimeoutSupport
instanceKlass akka/pattern/AskSupport
instanceKlass scala/concurrent/CanAwait
instanceKlass scala/concurrent/Await$
instanceKlass akka/actor/UnstartedCell
instanceKlass akka/actor/AbstractActorRef
instanceKlass akka/event/LoggerMailboxType
instanceKlass akka/dispatch/CachingConfig$
instanceKlass scala/runtime/VolatileByteRef
instanceKlass java/util/Random
instanceKlass java/util/concurrent/CountDownLatch
instanceKlass akka/actor/ExtensionId$class
instanceKlass scala/util/hashing/MurmurHash3
instanceKlass akka/event/Logging$LogExt
instanceKlass akka/actor/Extension
instanceKlass akka/actor/ExtensionKey
instanceKlass akka/actor/ExtensionIdProvider
instanceKlass akka/actor/ExtensionId
instanceKlass scala/Function1$mcII$sp$class
instanceKlass akka/event/Logging$DefaultLogger
instanceKlass scala/Function1$mcII$sp
instanceKlass scala/collection/TraversableLike$WithFilter
instanceKlass akka/routing/MurmurHash$
instanceKlass akka/dispatch/sysmsg/Terminate
instanceKlass akka/dispatch/sysmsg/Resume
instanceKlass akka/dispatch/sysmsg/Suspend
instanceKlass akka/dispatch/sysmsg/Recreate
instanceKlass akka/dispatch/sysmsg/Unwatch
instanceKlass scala/Function3$class
instanceKlass akka/dispatch/sysmsg/Watch
instanceKlass scala/runtime/AbstractFunction3
instanceKlass scala/Function3
instanceKlass akka/actor/ChildRestartStats
instanceKlass akka/actor/DefaultSupervisorStrategy
instanceKlass akka/actor/SupervisorStrategyConfigurator
instanceKlass akka/util/Collections$EmptyImmutableSeq$
instanceKlass akka/actor/LocalActorRefProvider$SystemGuardian
instanceKlass scala/collection/immutable/RedBlackTree$BlackTree$
instanceKlass akka/actor/Actor$class
instanceKlass scala/collection/immutable/RedBlackTree$RedTree$
instanceKlass akka/dispatch/sysmsg/DeathWatchNotification
instanceKlass akka/actor/DeadLetterSuppression
instanceKlass akka/dispatch/Mailbox$
instanceKlass akka/actor/dungeon/ChildrenContainer$TerminatingChildrenContainer
instanceKlass akka/dispatch/sysmsg/EarliestFirstSystemMessageList$
instanceKlass scala/collection/immutable/RedBlackTree$Tree
instanceKlass scala/collection/immutable/RedBlackTree$
instanceKlass akka/actor/ChildNameReserved$
instanceKlass akka/actor/ChildStats
instanceKlass akka/actor/dungeon/ChildrenContainer$NormalChildrenContainer
instanceKlass akka/dispatch/LoadMetrics
instanceKlass akka/dispatch/sysmsg/Failed
instanceKlass akka/dispatch/sysmsg/StashWhenWaitingForChildren
instanceKlass akka/dispatch/sysmsg/StashWhenFailed
instanceKlass akka/dispatch/sysmsg/Supervise
instanceKlass akka/dispatch/sysmsg/LatestFirstSystemMessageList$
instanceKlass akka/dispatch/sysmsg/NoMessage$
instanceKlass akka/dispatch/Envelope
instanceKlass akka/actor/dungeon/AbstractActorCell
instanceKlass akka/dispatch/sysmsg/SystemMessage$class
instanceKlass akka/dispatch/sysmsg/Create
instanceKlass sun/reflect/generics/reflectiveObjects/LazyReflectiveObjectGenerator
instanceKlass java/lang/reflect/TypeVariable
instanceKlass sun/reflect/generics/reflectiveObjects/ParameterizedTypeImpl
instanceKlass java/lang/reflect/ParameterizedType
instanceKlass sun/reflect/generics/visitor/Reifier
instanceKlass sun/reflect/generics/visitor/TypeTreeVisitor
instanceKlass sun/reflect/generics/tree/ClassSignature
instanceKlass sun/reflect/generics/tree/Signature
instanceKlass sun/reflect/generics/tree/ClassTypeSignature
instanceKlass sun/reflect/generics/tree/SimpleClassTypeSignature
instanceKlass sun/reflect/generics/tree/FieldTypeSignature
instanceKlass sun/reflect/generics/tree/BaseType
instanceKlass sun/reflect/generics/tree/TypeSignature
instanceKlass sun/reflect/generics/tree/ReturnType
instanceKlass sun/reflect/generics/tree/TypeArgument
instanceKlass sun/reflect/generics/tree/FormalTypeParameter
instanceKlass sun/reflect/generics/tree/TypeTree
instanceKlass sun/reflect/generics/tree/Tree
instanceKlass sun/reflect/generics/parser/SignatureParser
instanceKlass sun/reflect/generics/factory/CoreReflectionFactory
instanceKlass sun/reflect/generics/factory/GenericsFactory
instanceKlass sun/reflect/generics/scope/AbstractScope
instanceKlass sun/reflect/generics/scope/Scope
instanceKlass akka/dispatch/DefaultSystemMessageQueue$class
instanceKlass akka/dispatch/UnboundedQueueBasedMessageQueue$class
instanceKlass akka/dispatch/QueueBasedMessageQueue$class
instanceKlass java/util/concurrent/ConcurrentLinkedQueue$Node
instanceKlass akka/dispatch/UnboundedQueueBasedMessageQueue
instanceKlass akka/dispatch/sysmsg/SystemMessageList$
instanceKlass akka/actor/dungeon/ChildrenContainer$SuspendReason
instanceKlass akka/actor/dungeon/FaultHandling$class
instanceKlass akka/actor/dungeon/DeathWatch$class
instanceKlass akka/actor/dungeon/Dispatch$class
instanceKlass scala/collection/immutable/SortedSet
instanceKlass scala/collection/immutable/SortedMap$class
instanceKlass scala/collection/SortedMap$class
instanceKlass scala/collection/SortedMapLike$class
instanceKlass scala/collection/generic/Sorted$class
instanceKlass scala/collection/SortedSet
instanceKlass scala/collection/SortedSetLike
instanceKlass scala/collection/immutable/TreeMap
instanceKlass scala/collection/immutable/SortedMap
instanceKlass scala/math/Ordering$StringOrdering$class
instanceKlass scala/math/Ordering$String$
instanceKlass scala/math/Ordering$StringOrdering
instanceKlass scala/collection/SortedMap
instanceKlass scala/collection/SortedMapLike
instanceKlass scala/collection/generic/Sorted
instanceKlass scala/collection/generic/SortedMapFactory
instanceKlass akka/actor/dungeon/ChildrenContainer$EmptyChildrenContainer$class
instanceKlass akka/actor/dungeon/ChildrenContainer$class
instanceKlass akka/actor/dungeon/ChildrenContainer$EmptyChildrenContainer$
instanceKlass akka/actor/dungeon/ChildrenContainer$EmptyChildrenContainer
instanceKlass akka/actor/dungeon/ChildrenContainer
instanceKlass akka/actor/dungeon/Children$class
instanceKlass akka/actor/dungeon/ReceiveTimeout$
instanceKlass akka/actor/dungeon/ReceiveTimeout$class
instanceKlass akka/actor/Cell$class
instanceKlass akka/actor/ActorContext$class
instanceKlass akka/dispatch/ProducesPushTimeoutSemanticsMailbox
instanceKlass akka/dispatch/UnboundedMailbox
instanceKlass akka/dispatch/ProducesMessageQueue
instanceKlass akka/actor/ArgsReflectConstructor
instanceKlass akka/actor/LocalActorRefProvider$Guardian
instanceKlass akka/dispatch/RequiresMessageQueue
instanceKlass akka/actor/ActorSystemImpl$$anon$3
instanceKlass scala/concurrent/impl/CallbackRunnable
instanceKlass scala/concurrent/OnCompleteRunnable
instanceKlass akka/actor/ActorSystemImpl$TerminationCallbacks
instanceKlass scala/concurrent/BatchingExecutor$class
instanceKlass scala/concurrent/Future$InternalCallbackExecutor$
instanceKlass scala/concurrent/BatchingExecutor
instanceKlass akka/dispatch/ExecutorServiceDelegate$class
instanceKlass akka/dispatch/SaneRejectedExecutionHandler
instanceKlass java/util/concurrent/RejectedExecutionHandler
instanceKlass akka/dispatch/ThreadPoolConfig$
instanceKlass akka/dispatch/ForkJoinExecutorConfigurator$ForkJoinExecutorServiceFactory
instanceKlass akka/dispatch/Dispatcher$LazyExecutorServiceDelegate
instanceKlass akka/dispatch/MessageDispatcher$$anon$2
instanceKlass akka/dispatch/BatchingExecutor$class
instanceKlass akka/dispatch/ExecutorServiceFactory
instanceKlass akka/dispatch/CachingConfig$StringPathEntry
instanceKlass akka/dispatch/DefaultSystemMessageQueue
instanceKlass akka/dispatch/ExecutorServiceDelegate
instanceKlass akka/dispatch/AbstractMessageDispatcher
instanceKlass akka/dispatch/BatchingExecutor
instanceKlass akka/dispatch/ExecutorServiceConfigurator
instanceKlass akka/dispatch/ExecutorServiceFactoryProvider
instanceKlass akka/dispatch/CachingConfig$ValuePathEntry
instanceKlass akka/dispatch/CachingConfig$PathEntry
instanceKlass scala/collection/convert/Wrappers$MapWrapper$$anon$1$$anon$5$$anon$6
instanceKlass scala/collection/convert/Wrappers$MapWrapper$$anon$1$$anon$5
instanceKlass java/time/Duration
instanceKlass java/time/temporal/TemporalAmount
instanceKlass scala/collection/convert/WrapAsJava$class
instanceKlass scala/collection/convert/WrapAsJava$
instanceKlass scala/collection/convert/WrapAsJava
instanceKlass scala/collection/convert/Decorators$AsJava
instanceKlass akka/dispatch/CachingConfig
instanceKlass akka/dispatch/DefaultDispatcherPrerequisites
instanceKlass akka/dispatch/MessageDispatcherConfigurator
instanceKlass akka/dispatch/Dispatchers
instanceKlass akka/dispatch/UnboundedControlAwareMessageQueueSemantics
instanceKlass akka/dispatch/UnboundedDequeBasedMessageQueueSemantics
instanceKlass akka/dispatch/UnboundedMessageQueueSemantics
instanceKlass akka/dispatch/BoundedDequeBasedMessageQueueSemantics
instanceKlass akka/dispatch/DequeBasedMessageQueueSemantics
instanceKlass akka/event/LoggerMessageQueueSemantics
instanceKlass akka/dispatch/BoundedControlAwareMessageQueueSemantics
instanceKlass akka/dispatch/ControlAwareMessageQueueSemantics
instanceKlass akka/dispatch/QueueBasedMessageQueue
instanceKlass akka/dispatch/MultipleConsumerSemantics
instanceKlass akka/dispatch/BoundedMessageQueueSemantics
instanceKlass akka/actor/ActorCell
instanceKlass akka/actor/dungeon/ReceiveTimeout
instanceKlass akka/actor/dungeon/FaultHandling
instanceKlass akka/actor/dungeon/Dispatch
instanceKlass akka/actor/dungeon/DeathWatch
instanceKlass akka/actor/dungeon/Children
instanceKlass akka/actor/UntypedActorContext
instanceKlass akka/actor/Cell
instanceKlass akka/actor/AbstractActorContext
instanceKlass akka/actor/ActorContext
instanceKlass akka/dispatch/AbstractMailbox
instanceKlass akka/dispatch/Mailboxes$$anon$1$$anon$2
instanceKlass akka/dispatch/MessageQueue
instanceKlass akka/dispatch/MailboxType
instanceKlass akka/dispatch/SystemMessageQueue
instanceKlass akka/dispatch/Mailboxes
instanceKlass scala/concurrent/Promise$
instanceKlass akka/actor/ChildActorPath
instanceKlass akka/util/Reflect$
instanceKlass akka/actor/NoArgsReflectConstructor
instanceKlass akka/actor/TypedCreatorFunctionConsumer
instanceKlass akka/actor/CreatorConsumer
instanceKlass akka/actor/CreatorFunctionConsumer
instanceKlass akka/actor/IndirectActorProducer
instanceKlass akka/actor/IndirectActorProducer$
instanceKlass akka/actor/Props
instanceKlass akka/actor/Props$EmptyActor
instanceKlass akka/actor/LocalScope
instanceKlass akka/actor/Deploy$
instanceKlass akka/routing/NoRouter
instanceKlass akka/actor/AbstractProps$class
instanceKlass akka/actor/Props$
instanceKlass akka/actor/AbstractProps
instanceKlass akka/actor/ActorCell$$anon$2
instanceKlass akka/actor/ActorCell$
instanceKlass akka/event/DummyClassForStringSources
instanceKlass akka/event/LogSource$$anon$7
instanceKlass akka/event/LogSource$$anon$6
instanceKlass akka/event/LogSource$$anon$5
instanceKlass akka/event/LogSource$class
instanceKlass akka/event/LogSource$$anon$4
instanceKlass akka/event/LogSource
instanceKlass akka/event/LogSource$
instanceKlass java/util/regex/Pattern$CharPropertyNames$CharPropertyFactory
instanceKlass java/util/regex/Pattern$CharPropertyNames
instanceKlass akka/actor/ActorPath$
instanceKlass scala/Function1$mcVI$sp$class
instanceKlass scala/Function1$mcVI$sp
instanceKlass akka/actor/NoScopeGiven
instanceKlass akka/actor/Deploy
instanceKlass akka/routing/PoolOverrideUnsetConfig$class
instanceKlass akka/routing/RouterActor
instanceKlass akka/actor/Actor
instanceKlass akka/routing/Routee
instanceKlass akka/routing/Pool$class
instanceKlass akka/routing/RouterConfig$class
instanceKlass akka/actor/SupervisorStrategyLowPriorityImplicits$class
instanceKlass akka/actor/SupervisorStrategy$
instanceKlass akka/actor/SupervisorStrategyLowPriorityImplicits
instanceKlass akka/actor/OneForOneStrategy$
instanceKlass akka/routing/Pool$
instanceKlass akka/routing/ConsistentHashingRouter$emptyConsistentHashMapping$
instanceKlass scala/Function7$class
instanceKlass scala/runtime/AbstractFunction7
instanceKlass scala/Function7
instanceKlass akka/routing/Resizer$
instanceKlass akka/routing/RoutingLogic
instanceKlass akka/routing/ConsistentHashingPool
instanceKlass akka/routing/PoolOverrideUnsetConfig
instanceKlass akka/routing/Pool
instanceKlass scala/collection/mutable/ResizableArray$class
instanceKlass scala/collection/mutable/ResizableArray
instanceKlass scala/PartialFunction$$anon$1
instanceKlass scala/PartialFunction$
instanceKlass scala/collection/convert/Wrappers$JMapWrapperLike$class
instanceKlass scala/collection/convert/Wrappers$class
instanceKlass scala/collection/convert/Wrappers$
instanceKlass scala/collection/convert/Wrappers$JMapWrapperLike
instanceKlass scala/collection/convert/Wrappers
instanceKlass scala/collection/convert/WrapAsScala$class
instanceKlass scala/collection/convert/WrapAsScala$
instanceKlass scala/collection/convert/WrapAsScala
instanceKlass scala/collection/convert/Decorators$class
instanceKlass scala/collection/convert/Decorators$
instanceKlass scala/collection/convert/Decorators$AsScala
instanceKlass scala/collection/convert/DecorateAsScala$class
instanceKlass scala/collection/convert/Decorators
instanceKlass scala/collection/convert/DecorateAsJava$class
instanceKlass scala/collection/JavaConverters$
instanceKlass scala/collection/convert/DecorateAsScala
instanceKlass scala/collection/convert/DecorateAsJava
instanceKlass akka/util/WildcardTree
instanceKlass akka/util/WildcardTree$
instanceKlass akka/actor/Scope
instanceKlass akka/actor/Deployer
instanceKlass akka/actor/SupervisorStrategy
instanceKlass akka/routing/RouterConfig
instanceKlass akka/actor/RepointableRef
instanceKlass akka/dispatch/sysmsg/SystemMessage
instanceKlass akka/actor/PossiblyHarmful
instanceKlass akka/actor/LocalActorRefProvider
instanceKlass akka/actor/ActorRefProvider
instanceKlass java/lang/Long$LongCache
instanceKlass scala/collection/mutable/ArrayBuilder
instanceKlass scala/collection/mutable/ArrayBuilder$
instanceKlass akka/actor/LightArrayRevolverScheduler$$anon$4
instanceKlass akka/dispatch/AbstractNodeQueue$Node
instanceKlass akka/util/Unsafe
instanceKlass scala/math/Ordering$LongOrdering$class
instanceKlass scala/math/Ordering$class
instanceKlass scala/math/PartialOrdering$class
instanceKlass scala/math/Ordering$Long$
instanceKlass scala/math/Ordering$LongOrdering
instanceKlass scala/runtime/RichLong$
instanceKlass scala/runtime/OrderedProxy$class
instanceKlass scala/Proxy$class
instanceKlass scala/math/ScalaNumericAnyConversions$class
instanceKlass scala/runtime/RichLong
instanceKlass scala/runtime/IntegralProxy
instanceKlass scala/runtime/ScalaWholeNumberProxy
instanceKlass scala/runtime/ScalaNumberProxy
instanceKlass scala/runtime/OrderedProxy
instanceKlass scala/runtime/RangedProxy
instanceKlass scala/Proxy$Typed
instanceKlass scala/Proxy
instanceKlass scala/concurrent/duration/package$DurationInt$
instanceKlass scala/concurrent/duration/DurationConversions$class
instanceKlass scala/concurrent/duration/package$
instanceKlass scala/concurrent/duration/package$DurationInt
instanceKlass scala/concurrent/duration/DurationConversions
instanceKlass scala/Function1$mcZI$sp$class
instanceKlass scala/Function1$mcZI$sp
instanceKlass akka/util/Helpers$Requiring$
instanceKlass akka/actor/Scheduler$class
instanceKlass akka/actor/LightArrayRevolverScheduler$TimerTask
instanceKlass akka/actor/Cancellable
instanceKlass akka/actor/LightArrayRevolverScheduler
instanceKlass akka/actor/Scheduler
instanceKlass akka/event/LoggingAdapter$class
instanceKlass akka/event/BusLogging
instanceKlass scala/runtime/AbstractPartialFunction
instanceKlass scala/runtime/RichInt$
instanceKlass akka/event/DefaultLoggingFilter
instanceKlass scala/util/Try$
instanceKlass scala/reflect/ClassTag$$anon$1
instanceKlass akka/event/LoggingFilter
instanceKlass scala/reflect/ClassTag$
instanceKlass akka/event/Logging$LogEvent$class
instanceKlass akka/event/Logging$Debug
instanceKlass akka/event/Logging$Warning
instanceKlass scala/collection/BufferedIterator$class
instanceKlass scala/LowPriorityImplicits$$anon$4
instanceKlass akka/util/SubclassifiedIndex$
instanceKlass scala/collection/mutable/SetBuilder
instanceKlass scala/collection/generic/GenSetFactory$$anon$1
instanceKlass akka/util/SubclassifiedIndex
instanceKlass akka/event/Logging$Error
instanceKlass scala/Predef$any2stringadd$
instanceKlass akka/actor/ActorPath$class
instanceKlass akka/actor/Address
instanceKlass akka/actor/Address$
instanceKlass akka/actor/RootActorPath
instanceKlass java/text/DigitList
instanceKlass java/text/FieldPosition
instanceKlass java/util/Currency$CurrencyNameGetter
instanceKlass java/util/Currency$1
instanceKlass java/util/Currency
instanceKlass java/text/DecimalFormatSymbols
instanceKlass java/util/concurrent/atomic/AtomicMarkableReference$Pair
instanceKlass java/util/concurrent/atomic/AtomicMarkableReference
instanceKlass java/text/DateFormatSymbols
instanceKlass sun/util/calendar/CalendarUtils
instanceKlass sun/util/calendar/CalendarDate
instanceKlass sun/util/locale/LanguageTag
instanceKlass java/util/ResourceBundle$CacheKeyReference
instanceKlass java/util/ResourceBundle$CacheKey
instanceKlass java/util/ResourceBundle$RBClassLoader$1
instanceKlass java/util/spi/ResourceBundleControlProvider
instanceKlass java/util/ResourceBundle
instanceKlass java/util/ResourceBundle$Control
instanceKlass sun/util/resources/LocaleData$1
instanceKlass sun/util/resources/LocaleData
instanceKlass sun/util/locale/provider/LocaleResources
instanceKlass sun/util/locale/provider/CalendarDataUtility$CalendarWeekParameterGetter
instanceKlass sun/util/locale/provider/LocaleServiceProviderPool$LocalizedObjectGetter
instanceKlass java/util/ServiceLoader$1
instanceKlass java/util/ServiceLoader$LazyIterator
instanceKlass java/util/ServiceLoader
instanceKlass sun/util/locale/provider/SPILocaleProviderAdapter$1
instanceKlass sun/util/locale/provider/LocaleServiceProviderPool
instanceKlass sun/util/locale/provider/CalendarDataUtility
instanceKlass java/util/Calendar$Builder
instanceKlass sun/util/locale/provider/JRELocaleProviderAdapter$1
instanceKlass sun/util/locale/provider/LocaleDataMetaInfo
instanceKlass sun/util/locale/provider/AvailableLanguageTags
instanceKlass sun/util/locale/provider/LocaleProviderAdapter$1
instanceKlass sun/util/locale/provider/ResourceBundleBasedAdapter
instanceKlass sun/util/locale/provider/LocaleProviderAdapter
instanceKlass java/util/spi/LocaleServiceProvider
instanceKlass java/util/Calendar
instanceKlass java/util/TimeZone$1
instanceKlass java/util/zip/CRC32
instanceKlass java/util/zip/Checksum
instanceKlass sun/util/calendar/ZoneInfoFile$ZoneOffsetTransitionRule
instanceKlass java/io/DataInput
instanceKlass sun/util/calendar/ZoneInfoFile$1
instanceKlass sun/util/calendar/ZoneInfoFile
instanceKlass java/util/TimeZone
instanceKlass java/util/Locale$1
instanceKlass java/text/AttributedCharacterIterator$Attribute
instanceKlass sun/util/calendar/CalendarSystem
instanceKlass java/util/Date
instanceKlass akka/event/Logging$LogEvent
instanceKlass akka/actor/NoSerializationVerificationNeeded
instanceKlass akka/event/Logging$StdOutLogger$class
instanceKlass akka/actor/MinimalActorRef$class
instanceKlass akka/actor/LocalRef$class
instanceKlass akka/actor/ScalaActorRef$class
instanceKlass akka/actor/ActorPath
instanceKlass akka/event/Logging$StdOutLogger
instanceKlass akka/actor/MinimalActorRef
instanceKlass akka/event/Logging$SerializedStandardOutLogger
instanceKlass scala/collection/mutable/WrappedArray$
instanceKlass akka/event/Logging$LogLevel
instanceKlass akka/event/DiagnosticLoggingAdapter
instanceKlass akka/event/Logging$
instanceKlass akka/event/EventStream$$anon$1
instanceKlass scala/util/Either
instanceKlass scala/collection/immutable/Set$class
instanceKlass scala/collection/Set$class
instanceKlass scala/collection/SetLike$class
instanceKlass scala/collection/GenSet$class
instanceKlass scala/collection/generic/GenericSetTemplate$class
instanceKlass scala/collection/GenSetLike$class
instanceKlass java/util/concurrent/atomic/AtomicReference
instanceKlass akka/event/SubchannelClassification$class
instanceKlass akka/event/LoggingBus$class
instanceKlass akka/event/ActorEventBus$class
instanceKlass akka/util/Subclassification
instanceKlass akka/event/EventStream
instanceKlass akka/event/SubchannelClassification
instanceKlass akka/dispatch/MonitorableThreadFactory$$anon$2
instanceKlass akka/dispatch/MonitorableThreadFactory$
instanceKlass akka/actor/ActorSystemImpl$$anon$2
instanceKlass akka/dispatch/MonitorableThreadFactory
instanceKlass scala/collection/immutable/VectorBuilder
instanceKlass akka/japi/Util$
instanceKlass java/util/regex/ASCII
instanceKlass scala/collection/immutable/DefaultMap$class
instanceKlass scala/collection/DefaultMap$class
instanceKlass scala/collection/DefaultMap
instanceKlass scala/collection/immutable/DefaultMap
instanceKlass scala/concurrent/duration/Duration$
instanceKlass akka/util/Helpers$
instanceKlass akka/util/Helpers$ConfigOps$
instanceKlass akka/util/Timeout
instanceKlass com/typesafe/config/impl/DefaultTransformer$2
instanceKlass com/typesafe/config/impl/SimpleConfigList$2
instanceKlass java/util/ComparableTimSort
instanceKlass java/util/AbstractMap$SimpleImmutableEntry
instanceKlass com/typesafe/config/impl/DefaultTransformer
instanceKlass akka/actor/ActorSystem$Settings
instanceKlass akka/actor/ActorRefFactory$class
instanceKlass akka/actor/LocalRef
instanceKlass akka/actor/ActorRefScope
instanceKlass akka/actor/ScalaActorRef
instanceKlass akka/actor/ActorRef
instanceKlass akka/actor/DynamicAccess
instanceKlass akka/dispatch/DispatcherPrerequisites
instanceKlass akka/event/LoggingAdapter
instanceKlass akka/event/LoggingBus
instanceKlass akka/event/ActorEventBus
instanceKlass akka/event/EventBus
instanceKlass com/typesafe/config/impl/ResolveResult
instanceKlass com/typesafe/config/impl/MemoKey
instanceKlass com/typesafe/config/impl/ResolveMemos
instanceKlass com/typesafe/config/impl/ResolveSource
instanceKlass com/typesafe/config/impl/ResolveContext
instanceKlass java/util/AbstractList$Itr
instanceKlass com/typesafe/config/impl/SimpleIncluder$RelativeNameSource
instanceKlass com/typesafe/config/impl/ConfigParser$1
instanceKlass com/typesafe/config/impl/ConfigParser$ParseContext
instanceKlass com/typesafe/config/impl/ConfigParser
instanceKlass java/util/Collections$1
instanceKlass java/util/ArrayList$SubList$1
instanceKlass com/typesafe/config/impl/PathParser$Element
instanceKlass com/typesafe/config/impl/PathParser
instanceKlass com/typesafe/config/impl/AbstractConfigNode
instanceKlass com/typesafe/config/impl/ConfigDocumentParser$ParseContext
instanceKlass com/typesafe/config/impl/ConfigDocumentParser
instanceKlass com/typesafe/config/impl/Tokenizer$TokenIterator$WhitespaceSaver
instanceKlass com/typesafe/config/impl/Token
instanceKlass com/typesafe/config/impl/Tokens
instanceKlass com/typesafe/config/impl/Tokenizer$TokenIterator
instanceKlass com/typesafe/config/impl/Tokenizer
instanceKlass sun/net/www/MimeEntry
instanceKlass sun/net/www/MimeTable$DefaultInstanceHolder$1
instanceKlass sun/net/www/MimeTable$DefaultInstanceHolder
instanceKlass sun/net/www/MimeTable$1
instanceKlass sun/net/www/MimeTable
instanceKlass java/net/URLConnection$1
instanceKlass java/net/FileNameMap
instanceKlass com/typesafe/config/impl/Parseable$3
instanceKlass com/typesafe/config/impl/ConfigImpl$1
instanceKlass com/typesafe/config/ConfigResolveOptions
instanceKlass java/util/LinkedList$Node
instanceKlass com/typesafe/config/impl/ConfigImpl$ClasspathNameSource
instanceKlass java/util/TimSort
instanceKlass java/util/Arrays$LegacyMergeSort
instanceKlass com/typesafe/config/impl/PropertiesParser$1
instanceKlass com/typesafe/config/impl/ConfigImplUtil
instanceKlass com/typesafe/config/impl/PathBuilder
instanceKlass com/typesafe/config/impl/Path
instanceKlass com/typesafe/config/impl/PropertiesParser
instanceKlass com/typesafe/config/impl/ConfigImpl$DebugHolder
instanceKlass com/typesafe/config/impl/SimpleIncludeContext
instanceKlass com/typesafe/config/impl/SimpleIncluder
instanceKlass com/typesafe/config/impl/FullIncluder
instanceKlass com/typesafe/config/ConfigIncluderURL
instanceKlass com/typesafe/config/ConfigIncluderFile
instanceKlass com/typesafe/config/ConfigIncluderClasspath
instanceKlass com/typesafe/config/impl/ConfigImpl$DefaultIncluderHolder
instanceKlass com/typesafe/config/impl/Parseable$Relativizer
instanceKlass com/typesafe/config/ConfigIncluder
instanceKlass com/typesafe/config/ConfigIncludeContext
instanceKlass com/typesafe/config/impl/Parseable
instanceKlass com/typesafe/config/ConfigParseable
instanceKlass com/typesafe/config/impl/ConfigImpl$SystemPropertiesHolder
instanceKlass com/typesafe/config/impl/ConfigImpl$LoaderCache
instanceKlass com/typesafe/config/impl/ConfigImpl$LoaderCacheHolder
instanceKlass com/typesafe/config/impl/SimpleConfig
instanceKlass java/util/Collections$EmptyIterator
instanceKlass com/typesafe/config/impl/AbstractConfigValue$NoExceptionsModifier
instanceKlass com/typesafe/config/impl/AbstractConfigValue$Modifier
instanceKlass com/typesafe/config/impl/Unmergeable
instanceKlass com/typesafe/config/impl/ReplaceableMergeStack
instanceKlass com/typesafe/config/impl/SimpleConfigOrigin
instanceKlass com/typesafe/config/ConfigList
instanceKlass java/net/DefaultInterface
instanceKlass java/net/InterfaceAddress
instanceKlass java/net/NetworkInterface$1
instanceKlass java/net/InetAddress$CacheEntry
instanceKlass java/util/LinkedList$ListItr
instanceKlass java/util/ListIterator
instanceKlass java/util/LinkedHashMap$LinkedHashIterator
instanceKlass sun/net/InetAddressCachePolicy$2
instanceKlass com/typesafe/config/impl/AbstractConfigValue
instanceKlass com/typesafe/config/impl/MergeableValue
instanceKlass com/typesafe/config/impl/Container
instanceKlass com/typesafe/config/ConfigObject
instanceKlass com/typesafe/config/ConfigValue
instanceKlass com/typesafe/config/Config
instanceKlass com/typesafe/config/impl/SimpleIncluder$NameSource
instanceKlass com/typesafe/config/ConfigOrigin
instanceKlass com/typesafe/config/impl/ConfigImpl
instanceKlass com/typesafe/config/ConfigFactory$1
instanceKlass java/security/Security$1
instanceKlass java/security/Security
instanceKlass com/typesafe/config/ConfigParseOptions
instanceKlass sun/net/InetAddressCachePolicy$1
instanceKlass sun/net/InetAddressCachePolicy
instanceKlass java/util/concurrent/Callable
instanceKlass com/typesafe/config/ConfigMergeable
instanceKlass com/typesafe/config/ConfigFactory
instanceKlass java/util/TreeMap$Entry
instanceKlass java/lang/ProcessEnvironment$CheckedEntry
instanceKlass java/lang/ProcessEnvironment$CheckedEntrySet$1
instanceKlass java/util/NavigableMap
instanceKlass java/util/SortedMap
instanceKlass java/util/ArrayList$Itr
instanceKlass java/util/Collections$UnmodifiableMap
instanceKlass java/lang/ProcessEnvironment$EntryComparator
instanceKlass java/lang/ProcessEnvironment$NameComparator
instanceKlass akka/Version$
instanceKlass akka/actor/ActorSystem
instanceKlass akka/actor/ActorRefFactory
instanceKlass akka/actor/ActorSystem$
instanceKlass com/neowit/TcpServer$
instanceKlass sun/net/NetHooks
instanceKlass java/net/Inet4AddressImpl
instanceKlass java/net/Inet6Address$Inet6AddressHolder
instanceKlass java/net/InetSocketAddress$InetSocketAddressHolder
instanceKlass java/net/SocketAddress
instanceKlass java/net/PlainSocketImpl$1
instanceKlass java/net/NetworkInterface
instanceKlass java/net/StandardSocketOptions$StdSocketOption
instanceKlass java/net/StandardSocketOptions
instanceKlass java/util/Collections$UnmodifiableCollection$1
instanceKlass jdk/net/ExtendedSocketOptions$PlatformSocketOptions$1
instanceKlass jdk/net/ExtendedSocketOptions$PlatformSocketOptions
instanceKlass jdk/net/SocketFlow
instanceKlass jdk/net/ExtendedSocketOptions$ExtSocketOption
instanceKlass java/net/SocketOption
instanceKlass jdk/net/ExtendedSocketOptions
instanceKlass sun/net/ExtendedSocketOptions
instanceKlass java/net/AbstractPlainSocketImpl$1
instanceKlass java/net/SocketImpl
instanceKlass java/net/SocketOptions
instanceKlass java/net/SocksConsts
instanceKlass java/net/ServerSocket
instanceKlass com/neowit/TcpServer
instanceKlass java/net/InetAddress$2
instanceKlass sun/net/spi/nameservice/NameService
instanceKlass java/net/Inet6AddressImpl
instanceKlass java/net/InetAddressImpl
instanceKlass java/net/InetAddressImplFactory
instanceKlass java/net/InetAddress$Cache
instanceKlass java/net/InetAddress$InetAddressHolder
instanceKlass com/neowit/apex/actions/Action$class
instanceKlass com/neowit/apex/actions/ActionHelp
instanceKlass com/neowit/apex/actions/AsyncAction
instanceKlass com/neowit/apex/actions/Action
instanceKlass java/net/InetAddress$1
instanceKlass sun/security/action/GetBooleanAction
instanceKlass java/net/InetAddress
instanceKlass com/neowit/apex/actions/ActionFactory$
instanceKlass scala/concurrent/forkjoin/ForkJoinPool$ManagedBlocker
instanceKlass scala/concurrent/forkjoin/ForkJoinPool$Submitter
instanceKlass java/util/concurrent/locks/AbstractQueuedSynchronizer$Node
instanceKlass java/util/concurrent/locks/AbstractOwnableSynchronizer
instanceKlass scala/concurrent/impl/Promise$class
instanceKlass scala/concurrent/Future$class
instanceKlass scala/concurrent/Promise$class
instanceKlass scala/concurrent/impl/AbstractPromise
instanceKlass scala/concurrent/impl/Promise
instanceKlass scala/concurrent/Promise
instanceKlass scala/util/Try
instanceKlass scala/concurrent/impl/Future$PromiseCompletingRunnable
instanceKlass scala/concurrent/Future
instanceKlass scala/concurrent/impl/Future$
instanceKlass scala/compat/Platform$
instanceKlass scala/FallbackArrayBuilding
instanceKlass scala/collection/generic/GenMapFactory$MapCanBuildFrom
instanceKlass scala/collection/generic/BitOperations$Int$class
instanceKlass scala/collection/immutable/HashMap$Merger
instanceKlass scala/collection/generic/BitOperations$Int
instanceKlass scala/concurrent/Future$
instanceKlass com/neowit/utils/UsageReporter
instanceKlass scala/Option$WithFilter
instanceKlass scala/Function0$mcV$sp$class
instanceKlass scala/Function0$mcV$sp
instanceKlass scala/util/PropertiesTrait$class
instanceKlass scala/util/Properties$
instanceKlass scala/util/PropertiesTrait
instanceKlass scala/runtime/ObjectRef
instanceKlass scala/Function2$class
instanceKlass scala/runtime/AbstractFunction2
instanceKlass scala/Predef$ArrowAssoc$
instanceKlass scala/Product2$class
instanceKlass scala/Tuple2
instanceKlass scala/Product2
instanceKlass java/util/regex/Matcher
instanceKlass java/util/regex/MatchResult
instanceKlass java/util/regex/Pattern$TreeInfo
instanceKlass java/util/regex/Pattern$Node
instanceKlass java/util/regex/Pattern
instanceKlass scala/util/matching/Regex
instanceKlass java/lang/Character$CharacterCache
instanceKlass scala/collection/mutable/GrowingBuilder
instanceKlass scala/runtime/BooleanRef
instanceKlass scala/collection/mutable/IndexedSeq$class
instanceKlass scala/collection/generic/SeqForwarder$class
instanceKlass scala/collection/generic/IterableForwarder$class
instanceKlass scala/collection/generic/TraversableForwarder$class
instanceKlass scala/collection/mutable/Buffer$class
instanceKlass scala/collection/mutable/BufferLike$class
instanceKlass scala/collection/mutable/Seq$class
instanceKlass scala/collection/mutable/SeqLike$class
instanceKlass scala/collection/generic/SeqForwarder
instanceKlass scala/collection/generic/IterableForwarder
instanceKlass scala/collection/generic/TraversableForwarder
instanceKlass scala/collection/mutable/ArrayOps$ofRef$
instanceKlass scala/collection/mutable/ArrayOps$class
instanceKlass scala/collection/mutable/ArrayLike$class
instanceKlass scala/collection/mutable/IndexedSeqView
instanceKlass scala/collection/mutable/IndexedSeqLike$class
instanceKlass scala/collection/mutable/ArrayOps$ofRef
instanceKlass scala/concurrent/forkjoin/ForkJoinPool$DefaultForkJoinWorkerThreadFactory
instanceKlass sun/nio/ch/Interruptible
instanceKlass scala/concurrent/forkjoin/ForkJoinPool$WorkQueue
instanceKlass java/util/HashMap$HashIterator
instanceKlass sun/reflect/UnsafeFieldAccessorFactory
instanceKlass scala/concurrent/util/Unsafe
instanceKlass java/util/concurrent/RunnableFuture
instanceKlass scala/concurrent/BlockContext
instanceKlass scala/concurrent/impl/ExecutionContextImpl$DefaultThreadFactory
instanceKlass java/lang/StrictMath
instanceKlass scala/math/package$
instanceKlass sun/misc/FloatingDecimal$ASCIIToBinaryBuffer
instanceKlass sun/misc/FloatingDecimal$PreparedASCIIToBinaryBuffer
instanceKlass sun/misc/FloatingDecimal$ASCIIToBinaryConverter
instanceKlass sun/misc/FloatingDecimal$BinaryToASCIIBuffer
instanceKlass sun/misc/FloatingDecimal$ExceptionalBinaryToASCIIBuffer
instanceKlass sun/misc/FloatingDecimal$BinaryToASCIIConverter
instanceKlass sun/misc/FloatingDecimal
instanceKlass scala/runtime/RichDouble$
instanceKlass scala/collection/immutable/StringOps$
instanceKlass scala/collection/immutable/StringLike$class
instanceKlass scala/math/Ordered$class
instanceKlass scala/collection/IndexedSeqOptimized$class
instanceKlass scala/collection/immutable/StringOps
instanceKlass scala/collection/immutable/StringLike
instanceKlass scala/concurrent/impl/ExecutionContextImpl$$anon$3
instanceKlass scala/concurrent/ExecutionContext$class
instanceKlass java/util/concurrent/BlockingQueue
instanceKlass java/util/concurrent/ThreadFactory
instanceKlass java/util/concurrent/AbstractExecutorService
instanceKlass java/util/concurrent/ExecutorService
instanceKlass scala/concurrent/forkjoin/ForkJoinPool$ForkJoinWorkerThreadFactory
instanceKlass scala/concurrent/forkjoin/ForkJoinTask
instanceKlass java/util/concurrent/Future
instanceKlass scala/concurrent/impl/ExecutionContextImpl
instanceKlass scala/concurrent/ExecutionContext$
instanceKlass scala/concurrent/impl/ExecutionContextImpl$
instanceKlass scala/concurrent/ExecutionContextExecutor
instanceKlass java/util/concurrent/Executor
instanceKlass scala/concurrent/ExecutionContext$Implicits$
instanceKlass scala/collection/immutable/Map$class
instanceKlass scala/collection/immutable/MapLike$class
instanceKlass scala/collection/mutable/MapBuilder
instanceKlass scala/Predef$$anon$3
instanceKlass scala/reflect/NoManifest$
instanceKlass scala/reflect/ManifestFactory$ClassTypeManifest
instanceKlass scala/runtime/Null$
instanceKlass scala/reflect/Manifest$class
instanceKlass scala/reflect/ClassTag$class
instanceKlass scala/reflect/ClassManifestDeprecatedApis$class
instanceKlass scala/reflect/AnyValManifest
instanceKlass scala/reflect/Manifest
instanceKlass scala/reflect/ManifestFactory$
instanceKlass scala/reflect/ClassTag
instanceKlass scala/reflect/ClassManifestDeprecatedApis
instanceKlass scala/reflect/OptManifest
instanceKlass scala/reflect/ClassManifestFactory$
instanceKlass scala/reflect/package$
instanceKlass scala/collection/immutable/Set
instanceKlass scala/collection/immutable/Map
instanceKlass scala/collection/immutable/MapLike
instanceKlass scala/util/Right$
instanceKlass scala/util/Left$
instanceKlass scala/util/Either$
instanceKlass scala/math/LowPriorityOrderingImplicits$class
instanceKlass scala/math/Ordering$
instanceKlass scala/math/LowPriorityOrderingImplicits
instanceKlass scala/math/Ordered$
instanceKlass scala/math/Numeric$
instanceKlass scala/math/Integral$
instanceKlass scala/math/Fractional$
instanceKlass scala/math/LowPriorityEquiv$class
instanceKlass scala/math/Equiv$
instanceKlass scala/math/ScalaNumericConversions
instanceKlass scala/math/ScalaNumericAnyConversions
instanceKlass scala/math/BigInt$
instanceKlass java/math/MathContext
instanceKlass scala/math/BigDecimal$
instanceKlass scala/collection/immutable/Range$
instanceKlass scala/collection/mutable/StringBuilder$
instanceKlass scala/collection/immutable/VectorPointer$class
instanceKlass scala/collection/immutable/IndexedSeq$class
instanceKlass scala/collection/IndexedSeq$class
instanceKlass scala/collection/IndexedSeqLike$class
instanceKlass scala/collection/immutable/VectorPointer
instanceKlass scala/collection/immutable/IndexedSeq
instanceKlass scala/collection/immutable/Stream$$hash$colon$colon$
instanceKlass scala/collection/$colon$plus$
instanceKlass scala/collection/$plus$colon$
instanceKlass scala/collection/immutable/$colon$colon$
instanceKlass scala/collection/immutable/List$$anon$1
instanceKlass scala/collection/BufferedIterator
instanceKlass scala/collection/Iterator$class
instanceKlass scala/collection/AbstractIterator
instanceKlass scala/collection/Iterator$
instanceKlass scala/runtime/BoxesRunTime
instanceKlass scala/Option$
instanceKlass scala/Function0$mcZ$sp$class
instanceKlass scala/Function0$class
instanceKlass scala/runtime/AbstractFunction0
instanceKlass scala/Function0$mcZ$sp
instanceKlass scala/sys/package$
instanceKlass scala/collection/mutable/HashEntry$class
instanceKlass scala/collection/mutable/DefaultEntry
instanceKlass scala/util/hashing/package$
instanceKlass scala/runtime/ScalaRunTime$
instanceKlass scala/runtime/BoxedUnit
instanceKlass scala/collection/CustomParallelizable$class
instanceKlass scala/collection/mutable/HashTable$
instanceKlass scala/collection/mutable/HashTable$class
instanceKlass scala/collection/mutable/HashTable$HashUtils$class
instanceKlass scala/collection/mutable/Map$class
instanceKlass scala/collection/mutable/MapLike$class
instanceKlass scala/collection/mutable/Cloneable$class
instanceKlass scala/collection/generic/Shrinkable$class
instanceKlass scala/collection/mutable/Builder$class
instanceKlass scala/collection/generic/Growable$class
instanceKlass scala/collection/mutable/Iterable$class
instanceKlass scala/collection/mutable/Traversable$class
instanceKlass scala/collection/Map$class
instanceKlass scala/collection/mutable/Buffer
instanceKlass scala/collection/mutable/BufferLike
instanceKlass scala/collection/MapLike$class
instanceKlass scala/collection/generic/Subtractable$class
instanceKlass scala/collection/GenMapLike$class
instanceKlass scala/collection/mutable/HashEntry
instanceKlass scala/collection/Parallel
instanceKlass scala/collection/Set
instanceKlass scala/collection/SetLike
instanceKlass scala/collection/GenSet
instanceKlass scala/collection/generic/GenericSetTemplate
instanceKlass scala/collection/GenSetLike
instanceKlass scala/collection/LinearSeqOptimized$class
instanceKlass scala/collection/immutable/LinearSeq$class
instanceKlass scala/collection/LinearSeq$class
instanceKlass scala/collection/LinearSeqLike$class
instanceKlass scala/collection/immutable/Seq$class
instanceKlass scala/collection/immutable/Iterable$class
instanceKlass scala/collection/immutable/Traversable$class
instanceKlass scala/collection/Seq$class
instanceKlass scala/collection/mutable/HashTable
instanceKlass scala/collection/mutable/HashTable$HashUtils
instanceKlass scala/collection/SeqView
instanceKlass scala/collection/SeqViewLike
instanceKlass scala/collection/SeqLike$class
instanceKlass scala/collection/GenSeq$class
instanceKlass scala/collection/GenSeqLike$class
instanceKlass scala/PartialFunction$class
instanceKlass scala/collection/Iterable$class
instanceKlass scala/collection/IterableLike$class
instanceKlass scala/collection/GenIterable$class
instanceKlass scala/collection/Traversable$class
instanceKlass scala/collection/GenTraversable$class
instanceKlass scala/collection/generic/GenericTraversableTemplate$class
instanceKlass scala/collection/TraversableLike$class
instanceKlass scala/collection/Parallelizable$class
instanceKlass scala/collection/TraversableOnce$class
instanceKlass scala/Function2
instanceKlass scala/collection/IterableView
instanceKlass scala/collection/IterableViewLike
instanceKlass scala/collection/TraversableView
instanceKlass scala/collection/TraversableViewLike
instanceKlass scala/collection/ViewMkString
instanceKlass scala/collection/generic/GenMapFactory
instanceKlass scala/Function1$class
instanceKlass scala/runtime/AbstractFunction1
instanceKlass scala/collection/mutable/Map
instanceKlass scala/collection/mutable/MapLike
instanceKlass scala/collection/mutable/Builder
instanceKlass scala/collection/generic/Growable
instanceKlass scala/collection/generic/Shrinkable
instanceKlass scala/collection/Map
instanceKlass scala/collection/MapLike
instanceKlass scala/collection/generic/Subtractable
instanceKlass scala/collection/GenMap
instanceKlass scala/collection/GenMapLike
instanceKlass scala/sys/PropImpl
instanceKlass scala/sys/BooleanProp
instanceKlass scala/sys/BooleanProp$
instanceKlass scala/sys/Prop
instanceKlass scala/sys/SystemProperties$
instanceKlass scala/util/control/NoStackTrace$
instanceKlass scala/util/control/NoStackTrace$class
instanceKlass scala/util/control/ControlThrowable
instanceKlass scala/util/control/NoStackTrace
instanceKlass scala/util/control/Breaks
instanceKlass scala/collection/generic/GenTraversableFactory$GenericCanBuildFrom
instanceKlass scala/collection/generic/GenericCompanion
instanceKlass scala/package$$anon$1
instanceKlass scala/Specializable
instanceKlass scala/package$
instanceKlass scala/DeprecatedPredef$class
instanceKlass scala/collection/mutable/ArrayOps
instanceKlass scala/Predef$$eq$colon$eq
instanceKlass scala/Predef$$less$colon$less
instanceKlass scala/collection/generic/CanBuildFrom
instanceKlass scala/collection/mutable/IndexedSeq
instanceKlass scala/collection/mutable/Seq
instanceKlass scala/collection/mutable/SeqLike
instanceKlass scala/collection/mutable/Cloneable
instanceKlass scala/Cloneable
instanceKlass scala/collection/mutable/Iterable
instanceKlass scala/collection/mutable/Traversable
instanceKlass scala/collection/IndexedSeq
instanceKlass scala/collection/mutable/ArrayLike
instanceKlass scala/collection/mutable/IndexedSeqOptimized
instanceKlass scala/collection/mutable/IndexedSeqLike
instanceKlass scala/collection/IndexedSeqOptimized
instanceKlass scala/collection/IndexedSeqLike
instanceKlass scala/collection/CustomParallelizable
instanceKlass scala/LowPriorityImplicits
instanceKlass com/neowit/utils/OptionProperties$class
instanceKlass com/neowit/utils/JsonSupport$class
instanceKlass spray/json/AdditionalFormats$class
instanceKlass scala/math/Ordering
instanceKlass scala/math/PartialOrdering
instanceKlass scala/math/Equiv
instanceKlass spray/json/ProductFormats$class
instanceKlass spray/json/ProductFormatsInstances$class
instanceKlass spray/json/CollectionFormats$class
instanceKlass spray/json/RootJsonFormat
instanceKlass spray/json/RootJsonWriter
instanceKlass spray/json/RootJsonReader
instanceKlass spray/json/StandardFormats$class
instanceKlass spray/json/BasicFormats$class
instanceKlass com/neowit/response/protocols/vim/ResponseWriterVim$
instanceKlass spray/json/JsonFormat
instanceKlass spray/json/JsonWriter
instanceKlass spray/json/JsonReader
instanceKlass com/neowit/response/protocols/vim/ResponseWriterVim
instanceKlass scala/collection/Iterator
instanceKlass scala/Product$class
instanceKlass scala/collection/AbstractTraversable
instanceKlass scala/collection/immutable/LinearSeq
instanceKlass scala/collection/immutable/Seq
instanceKlass scala/collection/immutable/Iterable
instanceKlass scala/collection/immutable/Traversable
instanceKlass scala/collection/LinearSeq
instanceKlass scala/collection/LinearSeqOptimized
instanceKlass scala/collection/LinearSeqLike
instanceKlass scala/util/DynamicVariable
instanceKlass scala/io/AnsiColor$class
instanceKlass scala/DeprecatedConsole
instanceKlass scala/io/AnsiColor
instanceKlass com/neowit/response/ResponseWriter
instanceKlass com/neowit/utils/JsonSupport
instanceKlass spray/json/DefaultJsonProtocol
instanceKlass spray/json/StandardFormats
instanceKlass spray/json/ProductFormats
instanceKlass spray/json/ProductFormatsInstances
instanceKlass spray/json/CollectionFormats
instanceKlass spray/json/BasicFormats
instanceKlass spray/json/AdditionalFormats
instanceKlass com/neowit/utils/OptionProperties
instanceKlass scala/Option
instanceKlass com/neowit/utils/BasicConfig
instanceKlass scala/collection/Seq
instanceKlass scala/collection/SeqLike
instanceKlass scala/collection/Iterable
instanceKlass scala/collection/Traversable
instanceKlass scala/collection/IterableLike
instanceKlass scala/collection/TraversableLike
instanceKlass scala/collection/generic/FilterMonadic
instanceKlass scala/collection/TraversableOnce
instanceKlass scala/collection/GenSeq
instanceKlass scala/collection/GenSeqLike
instanceKlass scala/collection/GenIterable
instanceKlass scala/collection/GenTraversable
instanceKlass scala/collection/generic/GenericTraversableTemplate
instanceKlass scala/collection/GenIterableLike
instanceKlass scala/collection/GenTraversableLike
instanceKlass scala/collection/Parallelizable
instanceKlass scala/collection/GenTraversableOnce
instanceKlass scala/PartialFunction
instanceKlass com/neowit/response/Message
instanceKlass com/neowit/response/RESULT
instanceKlass com/sforce/ws/bind/XMLizable
instanceKlass com/sforce/soap/partner/fault/IApiFault
instanceKlass scala/Product
instanceKlass scala/Equals
instanceKlass scala/concurrent/Awaitable
instanceKlass scala/concurrent/duration/Duration
instanceKlass scala/math/Ordered
instanceKlass scala/Serializable
instanceKlass scala/Function0
instanceKlass com/neowit/apex/Executor
instanceKlass org/apache/commons/logging/impl/SimpleLog$1
instanceKlass java/text/Format
instanceKlass org/apache/commons/logging/impl/SimpleLog
instanceKlass org/apache/commons/logging/Log
instanceKlass org/apache/commons/logging/impl/LogFactoryImpl$1
instanceKlass org/apache/commons/logging/impl/LogFactoryImpl$2
instanceKlass org/apache/commons/logging/LogFactory$2
instanceKlass java/net/URLClassLoader$2
instanceKlass org/apache/commons/logging/LogFactory$3
instanceKlass java/util/Properties$LineReader
instanceKlass sun/net/www/protocol/jar/JarFileFactory
instanceKlass sun/net/www/protocol/jar/URLJarFile$URLJarFileCloseController
instanceKlass org/apache/commons/logging/LogFactory$5
instanceKlass java/net/URLClassLoader$3$1
instanceKlass sun/misc/CompoundEnumeration
instanceKlass java/net/URLClassLoader$3
instanceKlass sun/misc/URLClassPath$1
instanceKlass java/lang/ClassLoader$2
instanceKlass sun/misc/URLClassPath$2
instanceKlass sun/misc/Launcher$BootClassPathHolder$1
instanceKlass sun/misc/Launcher$BootClassPathHolder
instanceKlass org/apache/commons/logging/LogFactory$4
instanceKlass org/apache/commons/logging/impl/WeakHashtable$Referenced
instanceKlass org/apache/commons/logging/LogFactory$1
instanceKlass org/apache/commons/logging/LogFactory$6
instanceKlass org/apache/commons/logging/LogFactory
instanceKlass scala/Function1
instanceKlass com/neowit/utils/Logging$class
instanceKlass scala/concurrent/ExecutionContext
instanceKlass com/neowit/apex/Runner$
instanceKlass java/lang/Void
instanceKlass com/neowit/utils/Logging
instanceKlass java/lang/Class$MethodArray
instanceKlass sun/launcher/LauncherHelper$FXHelper
instanceKlass com/neowit/apex/Runner
instanceKlass java/io/FilePermission$1
instanceKlass sun/net/www/MessageHeader
instanceKlass java/net/URLConnection
instanceKlass java/security/PermissionCollection
instanceKlass sun/nio/ByteBuffered
instanceKlass java/lang/Package
instanceKlass sun/misc/Resource
instanceKlass sun/misc/ExtensionDependency
instanceKlass sun/misc/JarIndex
instanceKlass sun/misc/FileURLMapper
instanceKlass sun/misc/URLClassPath$JarLoader$1
instanceKlass sun/nio/cs/ThreadLocalCoders$Cache
instanceKlass sun/nio/cs/ThreadLocalCoders
instanceKlass sun/misc/URLClassPath$Loader
instanceKlass sun/misc/URLClassPath$3
instanceKlass sun/net/util/URLUtil
instanceKlass java/net/URLClassLoader$1
instanceKlass sun/misc/ASCIICaseInsensitiveComparator
instanceKlass java/util/jar/Attributes$Name
instanceKlass java/util/jar/Attributes
instanceKlass java/util/jar/JarVerifier$3
instanceKlass java/security/CodeSigner
instanceKlass java/util/jar/JarVerifier
instanceKlass sun/misc/IOUtils
instanceKlass java/util/zip/ZStreamRef
instanceKlass java/util/zip/Inflater
instanceKlass java/util/zip/ZipEntry
instanceKlass sun/nio/ch/DirectBuffer
instanceKlass sun/misc/PerfCounter$CoreCounters
instanceKlass sun/misc/Perf
instanceKlass sun/misc/Perf$GetPerfAction
instanceKlass sun/misc/PerfCounter
instanceKlass java/util/zip/ZipCoder
instanceKlass java/util/Deque
instanceKlass java/util/Queue
instanceKlass java/nio/charset/StandardCharsets
instanceKlass java/util/jar/JavaUtilJarAccessImpl
instanceKlass sun/misc/JavaUtilJarAccess
instanceKlass java/util/zip/ZipFile$1
instanceKlass sun/misc/JavaUtilZipFileAccess
instanceKlass java/util/zip/ZipFile
instanceKlass java/util/zip/ZipConstants
instanceKlass java/lang/StringCoding$StringDecoder
instanceKlass sun/nio/cs/SingleByte
instanceKlass java/io/FileOutputStream$1
instanceKlass java/lang/StringCoding$StringEncoder
instanceKlass java/lang/ThreadLocal$ThreadLocalMap
instanceKlass java/lang/StringCoding
instanceKlass sun/usagetracker/UsageTrackerClient$3
instanceKlass sun/usagetracker/UsageTrackerClient$2
instanceKlass sun/usagetracker/UsageTrackerClient$4
instanceKlass sun/usagetracker/UsageTrackerClient$1
instanceKlass java/util/concurrent/atomic/AtomicBoolean
instanceKlass sun/usagetracker/UsageTrackerClient
instanceKlass sun/misc/PostVMInitHook$1
instanceKlass jdk/internal/util/EnvUtils
instanceKlass sun/misc/PostVMInitHook$2
instanceKlass sun/misc/PostVMInitHook
instanceKlass java/lang/invoke/MethodHandleStatics$1
instanceKlass java/lang/invoke/MethodHandleStatics
instanceKlass java/lang/invoke/MemberName$Factory
instanceKlass java/lang/ClassValue$Version
instanceKlass java/lang/ClassValue$Identity
instanceKlass java/lang/ClassValue
instanceKlass java/lang/invoke/MethodHandleImpl$3
instanceKlass java/lang/invoke/MethodHandleImpl$2
instanceKlass java/util/function/Function
instanceKlass java/lang/invoke/MethodHandleImpl$1
instanceKlass java/lang/invoke/MethodHandleImpl
instanceKlass java/lang/SystemClassLoaderAction
instanceKlass sun/misc/Launcher$AppClassLoader$1
instanceKlass sun/misc/URLClassPath
instanceKlass java/security/Principal
instanceKlass java/security/ProtectionDomain$Key
instanceKlass java/security/ProtectionDomain$2
instanceKlass sun/misc/JavaSecurityProtectionDomainAccess
instanceKlass java/security/ProtectionDomain$JavaSecurityAccessImpl
instanceKlass sun/misc/JavaSecurityAccess
instanceKlass sun/net/util/IPAddressUtil
instanceKlass java/net/URLStreamHandler
instanceKlass java/net/Parts
instanceKlass java/util/BitSet
instanceKlass sun/net/www/ParseUtil
instanceKlass java/io/FileInputStream$1
instanceKlass java/lang/CharacterData
instanceKlass sun/util/locale/LocaleUtils
instanceKlass java/util/Locale$LocaleKey
instanceKlass sun/util/locale/BaseLocale$Key
instanceKlass sun/util/locale/BaseLocale
instanceKlass java/util/concurrent/ConcurrentHashMap$CollectionView
instanceKlass java/util/concurrent/ConcurrentHashMap$CounterCell
instanceKlass java/util/concurrent/ConcurrentHashMap$Node
instanceKlass java/util/concurrent/locks/ReentrantLock
instanceKlass java/util/concurrent/locks/Lock
instanceKlass java/util/concurrent/ConcurrentMap
instanceKlass sun/util/locale/LocaleObjectCache
instanceKlass java/util/Locale
instanceKlass java/lang/reflect/Array
instanceKlass java/nio/charset/CoderResult$Cache
instanceKlass java/nio/charset/CoderResult
instanceKlass java/nio/charset/CharsetDecoder
instanceKlass sun/nio/cs/ArrayDecoder
instanceKlass java/io/Reader
instanceKlass java/lang/Readable
instanceKlass sun/misc/MetaIndex
instanceKlass java/util/StringTokenizer
instanceKlass sun/misc/Launcher$ExtClassLoader$1
instanceKlass java/net/URLClassLoader$7
instanceKlass sun/misc/JavaNetAccess
instanceKlass java/lang/ClassLoader$ParallelLoaders
instanceKlass sun/security/util/Debug
instanceKlass sun/misc/Launcher$Factory
instanceKlass java/net/URLStreamHandlerFactory
instanceKlass java/lang/Compiler$1
instanceKlass java/lang/Compiler
instanceKlass java/lang/System$2
instanceKlass sun/misc/JavaLangAccess
instanceKlass sun/io/Win32ErrorMode
instanceKlass sun/misc/OSEnvironment
instanceKlass java/lang/Integer$IntegerCache
instanceKlass sun/misc/NativeSignalHandler
instanceKlass sun/misc/Signal
instanceKlass java/lang/Terminator$1
instanceKlass sun/misc/SignalHandler
instanceKlass java/lang/Terminator
instanceKlass java/lang/ClassLoader$NativeLibrary
instanceKlass java/io/ExpiringCache$Entry
instanceKlass java/lang/ClassLoader$3
instanceKlass java/nio/file/Path
instanceKlass java/nio/file/Watchable
instanceKlass java/lang/Enum
instanceKlass java/io/ExpiringCache
instanceKlass java/io/FileSystem
instanceKlass java/io/DefaultFileSystem
instanceKlass java/nio/Bits$1
instanceKlass sun/misc/JavaNioAccess
instanceKlass java/nio/ByteOrder
instanceKlass java/nio/Bits
instanceKlass java/nio/charset/CodingErrorAction
instanceKlass java/nio/charset/CharsetEncoder
instanceKlass sun/nio/cs/ArrayEncoder
instanceKlass sun/reflect/ReflectionFactory$1
instanceKlass java/lang/Class$1
instanceKlass sun/nio/cs/HistoricallyNamedCharset
instanceKlass sun/security/action/GetPropertyAction
instanceKlass java/lang/ThreadLocal
instanceKlass java/nio/charset/spi/CharsetProvider
instanceKlass java/nio/charset/Charset
instanceKlass java/io/Writer
instanceKlass java/util/Arrays
instanceKlass sun/reflect/misc/ReflectUtil
instanceKlass java/lang/reflect/ReflectAccess
instanceKlass sun/reflect/LangReflectAccess
instanceKlass java/lang/reflect/Modifier
instanceKlass sun/reflect/annotation/AnnotationType
instanceKlass java/lang/Class$AnnotationData
instanceKlass sun/reflect/generics/repository/AbstractRepository
instanceKlass java/lang/Class$Atomic
instanceKlass java/lang/Class$ReflectionData
instanceKlass java/lang/Class$3
instanceKlass java/util/concurrent/atomic/AtomicReferenceFieldUpdater$AtomicReferenceFieldUpdaterImpl$1
instanceKlass java/security/PrivilegedExceptionAction
instanceKlass java/util/concurrent/atomic/AtomicReferenceFieldUpdater
instanceKlass java/io/OutputStream
instanceKlass java/io/Flushable
instanceKlass java/io/FileDescriptor$1
instanceKlass sun/misc/JavaIOFileDescriptorAccess
instanceKlass java/io/FileDescriptor
instanceKlass sun/misc/Version
instanceKlass java/lang/Runtime
instanceKlass java/util/Hashtable$Enumerator
instanceKlass java/util/Iterator
instanceKlass java/util/Enumeration
instanceKlass java/util/Objects
instanceKlass java/util/Collections$SynchronizedCollection
instanceKlass java/lang/Math
instanceKlass java/util/Hashtable$Entry
instanceKlass sun/misc/VM
instanceKlass java/util/HashMap$Node
instanceKlass java/util/Map$Entry
instanceKlass sun/reflect/Reflection
instanceKlass sun/misc/SharedSecrets
instanceKlass java/lang/ref/Reference$1
instanceKlass sun/misc/JavaLangRefAccess
instanceKlass java/lang/ref/ReferenceQueue$Lock
instanceKlass java/util/Collections$UnmodifiableCollection
instanceKlass java/util/AbstractMap
instanceKlass java/util/Set
instanceKlass java/util/Collections
instanceKlass java/lang/ref/Reference$Lock
instanceKlass sun/reflect/ReflectionFactory
instanceKlass java/util/AbstractCollection
instanceKlass java/util/RandomAccess
instanceKlass java/util/List
instanceKlass java/util/Collection
instanceKlass java/lang/Iterable
instanceKlass java/security/cert/Certificate
instanceKlass sun/reflect/ReflectionFactory$GetReflectionFactoryAction
instanceKlass java/security/PrivilegedAction
instanceKlass java/security/AccessController
instanceKlass java/security/Permission
instanceKlass java/security/Guard
instanceKlass java/lang/String$CaseInsensitiveComparator
instanceKlass java/util/Comparator
instanceKlass java/io/ObjectStreamField
instanceKlass java/lang/Number
instanceKlass java/lang/Character
instanceKlass java/lang/Boolean
instanceKlass java/nio/Buffer
instanceKlass java/lang/StackTraceElement
instanceKlass java/security/CodeSource
instanceKlass sun/misc/Launcher
instanceKlass java/util/jar/Manifest
instanceKlass java/net/URL
instanceKlass java/io/File
instanceKlass java/io/InputStream
instanceKlass java/io/Closeable
instanceKlass java/lang/AutoCloseable
instanceKlass sun/misc/Unsafe
instanceKlass java/lang/AbstractStringBuilder
instanceKlass java/lang/Appendable
instanceKlass java/lang/invoke/CallSite
instanceKlass java/lang/invoke/MethodType
instanceKlass java/lang/invoke/LambdaForm
instanceKlass java/lang/invoke/MethodHandleNatives
instanceKlass java/lang/invoke/MemberName
instanceKlass java/lang/invoke/MethodHandle
instanceKlass sun/reflect/CallerSensitive
instanceKlass java/lang/annotation/Annotation
instanceKlass sun/reflect/FieldAccessor
instanceKlass sun/reflect/ConstantPool
instanceKlass sun/reflect/ConstructorAccessor
instanceKlass sun/reflect/MethodAccessor
instanceKlass sun/reflect/MagicAccessorImpl
instanceKlass java/lang/reflect/Parameter
instanceKlass java/lang/reflect/Member
instanceKlass java/lang/reflect/AccessibleObject
instanceKlass java/util/Dictionary
instanceKlass java/util/Map
instanceKlass java/lang/ThreadGroup
instanceKlass java/lang/Thread$UncaughtExceptionHandler
instanceKlass java/lang/Thread
instanceKlass java/lang/Runnable
instanceKlass java/lang/ref/ReferenceQueue
instanceKlass java/lang/ref/Reference
instanceKlass java/security/AccessControlContext
instanceKlass java/security/ProtectionDomain
instanceKlass java/lang/SecurityManager
instanceKlass java/lang/Throwable
instanceKlass java/lang/System
instanceKlass java/lang/ClassLoader
instanceKlass java/lang/Cloneable
instanceKlass java/lang/Class
instanceKlass java/lang/reflect/Type
instanceKlass java/lang/reflect/GenericDeclaration
instanceKlass java/lang/reflect/AnnotatedElement
instanceKlass java/lang/String
instanceKlass java/lang/CharSequence
instanceKlass java/lang/Comparable
instanceKlass java/io/Serializable
ciInstanceKlass java/lang/Object 1 1 75 3 8 8 8 1 1 1 1 1 1 1 1 1 1 1 1 1 1 1 1 1 1 1 1 1 1 1 1 1 1 1 1 1 1 1 1 1 1 1 1 1 1 1 100 100 100 100 7 7 100 100 1 1 1 12 12 12 12 12 12 12 12 12 12 10 10 10 10 10 10 10 10 10 10
ciInstanceKlass java/io/Serializable 1 0 5 1 1 100 100
ciInstanceKlass java/lang/String 1 1 537 3 3 3 3 8 8 8 8 8 8 8 8 8 8 1 1 1 1 1 1 1 1 1 1 1 1 1 1 1 1 1 1 1 1 1 1 1 1 1 1 1 1 1 1 1 1 1 1 1 1 1 1 1 1 1 1 1 1 1 1 1 1 1 1 1 1 1 1 1 1 1 1 1 1 1 1 1 1 1 1 1 1 1 1 1 1 1 1 1 1 1 1 1 1 1 1 1 1 1 1 1 1 1 1 1 1 1 1 1 1 1 1 1 1 1 1 1 1 1 1 1 1 1 1 1 1 1 1 1 1 1 1 1 1 1 1 1 1 1 1 1 1 1 1 1 1 1 1 1 1 1 1 1 1 1 1 1 1 1 1 1 1 1 1 1 1 1 1 1 1 1 1 1 1 1 1 1 1 1 1 1 1 1 1 1 1 1 1 1 1 1 1 1 1 1 1 1 1 1 1 1 1 1 1 1 1 1 1 1 1 1 5 0 100 100 100 100 7 7 100 100 100 7 7 100 100 7 100 100 100 100 100 100 7 100 7 7 100 7 100 100 7 100 7 100 100 7 7 7 7 100 7 7 100 100 7 7 1 1 1 1 1 1 1 1 1 1 1 1 1 1 1 1 1 1 1 1 1 1 1 1 1 1 1 1 1 1 1 1 1 1 1 1 1 1 1 1 1 1 1 1 1 1 1 1 1 1 1 1 1 1 1 1 1 1 1 1 1 12 12 12 12 12 12 12 12 12 12 12 12 12 12 12 12 12 12 12 12 12 12 12 12 12 12 12 12 12 12 12 12 12 12 12 12 12 12 12 12 12 12 12 12 12 12 12 12 12 12 12 12 12 12 12 12 12 12 12 12 12 12 12 12 12 12 12 12 12 12 12 12 12 12 12 12 12 12 12 12 12 12 12 12 12 12 12 12 12 12 12 12 12 12 12 12 12 12 12 12 12 9 9 9 9 10 10 10 10 10 10 10 10 10 10 10 10 10 10 10 10 10 10 10 10 10 10 10 10 10 10 10 10 10 10 10 10 10 10 10 10 10 10 10 10 10 10 10 10 10 10 10 10 10 10 10 10 10 10 10 10 10 10 10 10 10 10 10 10 10 10 10 10 10 10 10 10 10 10 10 10 10 10 10 10 10 10 10 10 10 10 10 10 10 10 10 10 10 10 10 10 10 10 10 10 10 10 10 10 11 11 11 11 11 11 11 11 1
staticfield java/lang/String serialPersistentFields [Ljava/io/ObjectStreamField; 0 [Ljava/io/ObjectStreamField;
staticfield java/lang/String CASE_INSENSITIVE_ORDER Ljava/util/Comparator; java/lang/String$CaseInsensitiveComparator
ciInstanceKlass java/lang/Class 1 1 1187 8 8 8 8 8 8 8 8 8 8 8 8 8 8 8 8 8 8 7 1 1 1 1 1 1 1 1 1 1 1 1 1 1 1 1 1 1 1 1 1 1 1 1 1 1 1 1 1 1 1 1 1 1 1 1 1 1 1 1 1 1 1 1 1 1 1 1 1 1 1 1 1 1 1 1 1 1 1 1 1 1 1 1 1 1 1 1 1 1 1 1 1 1 1 1 1 1 1 1 1 1 1 1 1 1 1 1 1 1 1 1 1 1 1 1 1 1 1 1 1 1 1 1 1 1 1 1 1 1 1 1 1 1 1 1 1 1 1 1 1 1 1 1 1 1 1 1 1 1 1 1 1 1 1 1 1 1 1 1 1 1 1 1 1 1 1 1 1 1 1 1 1 1 1 1 1 1 1 1 1 1 1 1 1 1 1 1 1 1 1 1 1 1 1 1 1 1 1 1 1 1 1 1 1 1 1 1 1 1 1 1 1 1 1 1 1 1 1 1 1 1 1 1 1 1 1 1 1 1 1 1 1 1 1 1 1 1 1 1 1 1 1 1 1 1 1 1 1 1 1 1 1 1 1 1 1 1 1 1 1 1 1 1 1 1 1 1 1 1 1 1 1 1 1 1 1 1 1 1 1 1 1 1 1 1 1 1 1 1 1 1 1 1 1 1 1 1 1 1 1 1 1 1 1 1 1 1 1 1 1 1 1 1 1 1 1 1 1 1 1 1 1 1 1 1 1 1 1 1 1 1 1 1 1 1 1 1 1 1 1 1 1 1 1 1 1 1 1 1 1 1 1 1 1 1 1 1 1 1 1 1 1 1 1 1 1 1 1 1 1 1 1 1 1 1 1 1 1 1 1 1 1 1 1 1 1 1 1 1 1 1 1 1 1 1 1 1 1 1 1 1 1 1 1 1 1 1 1 1 1 1 1 1 1 1 1 1 1 1 3 3 3 5 0 8 8 8 8 8 7 7 7 100 100 100 7 7 100 7 100 7 7 100 7 100 7 7 100 7 100 100 100 7 100 100 100 100 100 100 100 7 7 100 100 100 100 7 7 7 100 100 100 7 100 100 7 7 100 100 100 7 7 100 100 100 7 100 100 100 100 100 100 100 100 100 100 100 100 100 100 100 7 7 7 100 100 100 100 7 7 100 100 7 100 100 1 1 1 1 1 1 1 1 1 1 1 1 1 1 1 1 1 1 1 1 1 1 1 1 1 1 1 1 1 1 1 1 1 1 1 1 1 1 1 1 1 1 1 1 1 1 1 1 1 1 1 1 1 1 1 1 1 1 1 1 1 1 1 1 1 1 1 1 1 1 1 1 1 1 1 1 1 1 1 1 1 1 1 1 1 1 1 1 1 1 1 1 1 1 1 1 1 1 1 1 1 1 1 1 1 1 1 1 1 1 1 1 1 1 1 1 1 1 1 1 1 1 1 1 1 1 1 1 1 1 1 1 1 1 1 1 1 1 1 1 1 1 1 1 1 1 1 1 1 1 1 1 1 1 1 1 1 1 1 1 1 1 1 1 1 1 1 12 12 12 12 12 12 12 12 12 12 12 12 12 12 12 12 12 12 12 12 12 12 12 12 12 12 12 12 12 12 12 12 12 12 12 12 12 12 12 12 12 12 12 12 12 12 12 12 12 12 12 12 12 12 12 12 12 12 12 12 12 12 12 12 12 12 12 12 12 12 12 12 12 12 12 12 12 12 12 12 12 12 12 12 12 12 12 12 12 12 12 12 12 12 12 12 12 12 12 12 12 12 12 12 12 12 12 12 12 12 12 12 12 12 12 12 12 12 12 12 12 12 12 12 12 12 12 12 12 12 12 12 12 12 12 12 12 12 12 12 12 12 12 12 12 12 12 12 12 12 12 12 12 12 12 12 12 12 12 12 12 12 12 12 12 12 12 12 12 12 12 12 12 12 12 12 12 12 12 12 12 12 12 12 12 12 12 12 12 12 12 12 12 12 12 12 12 12 12 12 12 12 12 12 12 12 12 12 12 12 12 12 12 12 12 12 12 12 12 12 12 12 12 12 12 12 12 12 12 12 12 12 9 9 9 9 9 9 9 9 9 9 9 9 9 9 9 9 9 9 9 9 9 9 9 9 9 9 9 9 9 9 9 9 9 9 9 9 9 10 10 10 10 10 10 10 10 10 10 10 10 10 10 10 10 10 10 10 10 10 10 10 10 10 10 10 10 10 10 10 10 10 10 10 10 10 10 10 10 10 10 10 10 10 10 10 10 10 10 10 10 10 10 10 10 10 10 10 10 10 10 10 10 10 10 10 10 10 10 10 10 10 10 10 10 10 10 10 10 10 10 10 10 10 10 10 10 10 10 10 10 10 10 10 10 10 10 10 10 10 10 10 10 10 10 10 10 10 10 10 10 10 10 10 10 10 10 10 10 10 10 10 10 10 10 10 10 10 10 10 10 10 10 10 10 10 10 10 10 10 10 10 10 10 10 10 10 10 10 10 10 10 10 10 10 10 10 10 10 10 10 10 10 10 10 10 10 10 10 10 10 10 10 10 10 10 10 10 10 10 10 10 10 10 10 10 10 10 10 10 10 10 10 10 10 10 10 10 10 10 10 10 10 10 10 10 10 10 10 11 11 11 11 11 11 11 11 11 11 11 11 11 11 11 11 11 11 1 1 1 1 1 1 1
staticfield java/lang/Class serialPersistentFields [Ljava/io/ObjectStreamField; 0 [Ljava/io/ObjectStreamField;
ciInstanceKlass java/lang/Cloneable 1 0 5 1 1 100 100
instanceKlass java/util/ResourceBundle$RBClassLoader
instanceKlass sun/reflect/DelegatingClassLoader
instanceKlass java/security/SecureClassLoader
ciInstanceKlass java/lang/ClassLoader 1 1 822 8 8 8 8 8 8 8 8 8 8 8 8 8 8 8 8 8 8 7 1 1 1 1 1 1 1 1 1 1 1 1 1 1 1 1 1 1 1 1 1 1 1 1 1 1 1 1 1 1 1 1 1 1 1 1 1 1 1 1 1 1 1 1 1 1 1 1 1 1 1 1 1 1 1 1 1 1 1 1 1 1 1 1 1 1 1 1 1 1 1 1 1 1 1 1 1 1 1 1 1 1 1 1 1 1 1 1 1 1 1 1 1 1 1 1 1 1 1 1 1 1 1 1 1 1 1 1 1 1 1 1 1 1 1 1 1 1 1 1 1 1 1 1 1 1 1 1 1 1 1 1 1 1 1 1 1 1 1 1 1 1 1 1 1 1 1 1 1 1 1 1 1 1 1 1 1 1 1 1 1 1 1 1 1 1 1 1 1 1 1 1 1 1 1 1 1 1 1 1 1 1 1 1 1 1 1 1 1 1 1 1 1 1 1 1 1 1 1 1 1 1 1 1 1 1 1 1 1 1 1 1 1 1 1 1 1 1 1 1 1 1 1 1 1 1 1 1 1 1 1 1 1 1 1 1 1 1 1 1 1 1 1 1 1 1 1 1 1 1 1 1 1 1 1 1 1 1 1 1 1 1 1 1 1 1 1 1 1 1 1 100 100 100 7 7 7 100 100 100 100 7 100 100 7 7 7 7 100 7 100 100 100 100 7 7 100 100 7 100 7 7 100 100 100 100 7 100 100 7 7 100 7 7 100 100 7 7 7 100 7 7 7 7 7 7 7 7 7 7 100 100 1 1 1 1 1 1 1 1 1 1 1 1 1 1 1 1 1 1 1 1 1 1 1 1 1 1 1 1 1 1 1 1 1 1 1 1 1 1 1 1 1 1 1 1 1 1 1 1 1 1 1 1 1 1 1 1 1 1 1 1 1 1 1 1 1 1 1 1 1 1 1 1 1 1 1 1 1 1 1 1 1 1 1 1 1 1 1 1 1 1 1 1 1 1 1 1 1 1 1 1 1 1 1 1 1 1 1 1 1 1 1 12 12 12 12 12 12 12 12 12 12 12 12 12 12 12 12 12 12 12 12 12 12 12 12 12 12 12 12 12 12 12 12 12 12 12 12 12 12 12 12 12 12 12 12 12 12 12 12 12 12 12 12 12 12 12 12 12 12 12 12 12 12 12 12 12 12 12 12 12 12 12 12 12 12 12 12 12 12 12 12 12 12 12 12 12 12 12 12 12 12 12 12 12 12 12 12 12 12 12 12 12 12 12 12 12 12 12 12 12 12 12 12 12 12 12 12 12 12 12 12 12 12 12 12 12 12 12 12 12 12 12 12 12 12 12 12 12 12 12 12 12 12 12 12 12 12 12 12 12 12 12 12 12 12 12 12 12 12 12 12 12 12 12 12 12 12 9 9 9 9 9 9 9 9 9 9 9 9 9 9 9 9 9 9 9 9 9 9 9 9 9 9 9 9 10 10 10 10 10 10 10 10 10 10 10 10 10 10 10 10 10 10 10 10 10 10 10 10 10 10 10 10 10 10 10 10 10 10 10 10 10 10 10 10 10 10 10 10 10 10 10 10 10 10 10 10 10 10 10 10 10 10 10 10 10 10 10 10 10 10 10 10 10 10 10 10 10 10 10 10 10 10 10 10 10 10 10 10 10 10 10 10 10 10 10 10 10 10 10 10 10 10 10 10 10 10 10 10 10 10 10 10 10 10 10 10 10 10 10 10 10 10 10 10 10 10 10 10 10 10 10 10 10 10 10 10 10 10 10 10 10 10 10 10 10 10 10 10 10 10 10 10 10 10 10 10 10 10 10 10 10 10 11 11 11 11 11 1 1
staticfield java/lang/ClassLoader nocerts [Ljava/security/cert/Certificate; 0 [Ljava/security/cert/Certificate;
ciInstanceKlass java/lang/System 1 1 366 8 8 8 8 8 8 8 8 8 8 8 8 8 7 1 1 1 1 1 1 1 1 1 1 1 1 1 1 1 1 1 1 1 1 1 1 1 1 1 1 1 1 1 1 1 1 1 1 1 1 1 1 1 1 1 1 1 1 1 1 1 1 1 1 1 1 1 1 1 1 1 1 1 1 1 1 1 1 1 1 1 1 1 1 1 1 1 1 1 1 1 1 1 1 1 1 1 1 1 1 1 1 1 1 1 1 1 1 1 1 1 1 1 1 1 1 1 1 1 1 1 1 1 1 1 1 1 1 1 1 1 1 1 1 1 1 1 1 1 1 1 1 1 1 1 1 1 1 1 7 7 7 7 7 100 7 100 100 100 100 100 100 7 7 100 100 7 100 100 7 7 7 7 100 100 100 7 100 100 7 7 7 7 1 1 1 1 1 1 1 1 1 1 1 1 1 1 1 1 1 1 1 1 1 1 1 1 1 1 1 1 1 1 1 1 1 1 1 1 1 1 1 1 12 12 12 12 12 12 12 12 12 12 12 12 12 12 12 12 12 12 12 12 12 12 12 12 12 12 12 12 12 12 12 12 12 12 12 12 12 12 12 12 12 12 12 12 12 12 12 12 12 12 12 12 12 12 12 12 12 12 12 12 12 12 12 12 12 12 12 12 9 9 9 9 9 9 9 9 9 9 10 10 10 10 10 10 10 10 10 10 10 10 10 10 10 10 10 10 10 10 10 10 10 10 10 10 10 10 10 10 10 10 10 10 10 10 10 10 10 10 10 10 10 10 10 10 10 10 10 10 10 10 10 10 10 10 10 10 10 10 10 10 10 11
staticfield java/lang/System in Ljava/io/InputStream; java/io/BufferedInputStream
staticfield java/lang/System out Ljava/io/PrintStream; java/io/PrintStream
staticfield java/lang/System err Ljava/io/PrintStream; java/io/PrintStream
instanceKlass scala/runtime/NonLocalReturnControl
instanceKlass scala/util/control/BreakControl
instanceKlass scala/runtime/Nothing$
instanceKlass java/lang/Exception
instanceKlass java/lang/Error
ciInstanceKlass java/lang/Throwable 1 1 350 8 8 8 8 8 8 8 8 8 8 8 8 8 8 8 8 8 8 8 7 1 1 1 1 1 1 1 1 1 1 1 1 1 1 1 1 1 1 1 1 1 1 1 1 1 1 1 1 1 1 1 1 1 1 1 1 1 1 1 1 1 1 1 1 1 1 1 1 1 1 1 1 1 1 1 1 1 1 1 1 1 1 1 1 1 1 1 1 1 1 1 1 1 1 1 1 1 1 1 1 1 1 1 1 1 1 1 1 1 1 1 1 1 1 1 1 1 1 1 1 1 1 1 1 1 1 1 1 1 1 1 1 1 1 1 1 1 1 1 1 1 1 1 1 1 1 1 1 1 1 1 1 1 1 1 1 5 0 100 100 100 100 100 100 100 100 7 100 100 100 100 100 100 7 100 7 100 100 100 100 100 100 100 100 100 7 7 100 100 100 100 100 1 1 1 1 1 1 1 1 1 1 1 1 1 1 1 1 1 1 1 1 1 1 1 1 1 1 1 1 1 1 1 12 12 12 12 12 12 12 12 12 12 12 12 12 12 12 12 12 12 12 12 12 12 12 12 12 12 12 12 12 12 12 12 12 12 12 12 12 12 12 12 12 12 12 12 12 12 12 12 12 12 12 12 12 12 12 12 12 9 9 9 9 9 9 9 9 9 9 9 9 10 10 10 10 10 10 10 10 10 10 10 10 10 10 10 10 10 10 10 10 10 10 10 10 10 10 10 10 10 10 10 10 10 10 10 10 10 10 10 10 10 10 10 10 10 11 11 11 11 11 11 11 11 1 1 1 1
staticfield java/lang/Throwable UNASSIGNED_STACK [Ljava/lang/StackTraceElement; 0 [Ljava/lang/StackTraceElement;
staticfield java/lang/Throwable SUPPRESSED_SENTINEL Ljava/util/List; java/util/Collections$UnmodifiableRandomAccessList
staticfield java/lang/Throwable EMPTY_THROWABLE_ARRAY [Ljava/lang/Throwable; 0 [Ljava/lang/Throwable;
staticfield java/lang/Throwable $assertionsDisabled Z 1
instanceKlass com/neowit/apex/actions/ActionError
instanceKlass java/lang/AssertionError
instanceKlass scala/NotImplementedError
instanceKlass com/neowit/apex/actions/RetrieveError
instanceKlass java/lang/VirtualMachineError
instanceKlass java/lang/LinkageError
instanceKlass java/lang/ThreadDeath
ciInstanceKlass java/lang/Error 1 1 27 1 1 1 1 1 1 1 1 1 1 5 0 100 7 1 1 12 12 12 12 12 10 10 10 10 10
ciInstanceKlass java/lang/ThreadDeath 0 0 15 1 1 1 1 1 1 1 1 5 0 100 100 12 10
instanceKlass java/security/GeneralSecurityException
instanceKlass com/typesafe/config/impl/Tokenizer$ProblemException
instanceKlass java/net/URISyntaxException
instanceKlass com/typesafe/config/impl/AbstractConfigValue$NotPossibleToResolve
instanceKlass java/util/concurrent/ExecutionException
instanceKlass java/util/concurrent/TimeoutException
instanceKlass com/sforce/ws/ConnectionException
instanceKlass java/security/PrivilegedActionException
instanceKlass java/io/IOException
instanceKlass java/lang/InterruptedException
instanceKlass java/lang/ReflectiveOperationException
instanceKlass java/lang/RuntimeException
ciInstanceKlass java/lang/Exception 1 1 27 1 1 1 1 1 1 1 1 1 1 5 0 100 7 1 1 12 12 12 12 12 10 10 10 10 10
instanceKlass java/util/EmptyStackException
instanceKlass org/antlr/v4/runtime/RecognitionException
instanceKlass com/neowit/apex/Session$ConnectionException
instanceKlass com/neowit/apex/Session$RestCallException
instanceKlass com/neowit/apex/Session$UnauthorizedConnectionException
instanceKlass akka/AkkaException
instanceKlass com/typesafe/config/ConfigException
instanceKlass java/util/concurrent/RejectedExecutionException
instanceKlass java/lang/UnsupportedOperationException
instanceKlass java/lang/IndexOutOfBoundsException
instanceKlass java/util/NoSuchElementException
instanceKlass java/lang/IllegalStateException
instanceKlass scala/MatchError
instanceKlass java/lang/SecurityException
instanceKlass org/apache/commons/logging/LogConfigurationException
instanceKlass java/lang/IllegalArgumentException
instanceKlass java/lang/ArithmeticException
instanceKlass java/lang/NullPointerException
instanceKlass java/lang/IllegalMonitorStateException
instanceKlass java/lang/ArrayStoreException
instanceKlass java/lang/ClassCastException
ciInstanceKlass java/lang/RuntimeException 1 1 27 1 1 1 1 1 1 1 1 1 1 5 0 7 100 1 1 12 12 12 12 12 10 10 10 10 10
ciInstanceKlass java/lang/SecurityManager 0 0 372 8 8 8 8 8 8 8 8 8 8 8 8 8 8 8 8 8 8 8 8 8 8 8 8 8 8 8 8 8 8 8 8 8 8 8 8 100 1 1 1 1 1 1 1 1 1 1 1 1 1 1 1 1 1 1 1 1 1 1 1 1 1 1 1 1 1 1 1 1 1 1 1 1 1 1 1 1 1 1 1 1 1 1 1 1 1 1 1 1 1 1 1 1 1 1 1 1 1 1 1 1 1 1 1 1 1 1 1 1 1 1 1 1 1 1 1 1 1 1 1 1 1 1 1 1 1 1 1 1 1 1 1 1 1 1 1 1 1 1 1 1 1 1 1 1 1 1 1 1 1 1 1 1 1 1 1 1 1 1 1 1 1 1 1 1 1 1 1 1 1 1 1 1 1 1 1 1 1 1 1 1 1 1 1 1 1 1 1 1 1 1 1 1 1 1 1 1 1 1 100 100 100 100 100 100 100 100 100 100 100 100 100 100 100 100 100 100 100 100 100 100 100 100 100 100 100 100 1 1 1 1 1 1 1 1 1 1 1 1 1 1 1 1 1 1 1 1 1 1 1 1 1 1 1 1 1 1 1 12 12 12 12 12 12 12 12 12 12 12 12 12 12 12 12 12 12 12 12 12 12 12 12 12 12 12 12 12 12 12 12 12 12 12 12 12 12 12 12 12 12 12 12 12 12 12 12 12 12 12 9 9 9 9 9 9 9 9 9 9 9 9 9 9 9 9 9 10 10 10 10 10 10 10 10 10 10 10 10 10 10 10 10 10 10 10 10 10 10 10 10 10 10 10 10 10 10 10 10 10 10 10 10 10 10 10 10 10 10 10 10 10
ciInstanceKlass java/security/ProtectionDomain 1 1 269 8 8 8 8 8 8 8 8 8 8 1 1 1 1 1 1 1 1 1 1 1 1 1 1 1 1 1 1 1 1 1 1 1 1 1 1 1 1 1 1 1 1 1 1 1 1 1 1 1 1 1 1 1 1 1 1 1 1 1 1 1 1 1 1 1 1 1 1 1 1 1 1 1 1 1 1 1 1 1 1 1 1 1 1 1 1 1 1 1 1 1 1 1 1 1 1 1 1 1 1 1 1 1 1 1 1 1 100 100 100 7 100 100 100 100 100 100 100 100 100 7 7 100 7 7 100 7 7 7 100 100 100 7 7 100 1 1 1 1 1 1 1 1 1 1 1 1 1 1 1 1 1 1 1 1 1 1 1 1 1 1 1 1 1 12 12 12 12 12 12 12 12 12 12 12 12 12 12 12 12 12 12 12 12 12 12 12 12 12 12 12 12 12 12 12 12 12 12 12 12 12 12 12 12 12 12 12 12 12 12 12 12 9 9 9 9 9 9 9 9 9 9 9 10 10 10 10 10 10 10 10 10 10 10 10 10 10 10 10 10 10 10 10 10 10 10 10 10 10 10 10 10 10 10 10 10 10 10 10 10 11 11 11 11 11 11 11 1
staticfield java/security/ProtectionDomain debug Lsun/security/util/Debug; null
ciInstanceKlass java/security/AccessControlContext 1 1 302 8 8 8 8 8 8 8 8 8 8 8 8 8 100 1 1 1 1 1 1 1 1 1 1 1 1 1 1 1 1 1 1 1 1 1 1 1 1 1 1 1 1 1 1 1 1 1 1 1 1 1 1 1 1 1 1 1 1 1 1 1 1 1 1 1 1 1 1 1 1 1 1 1 1 1 1 1 1 1 1 1 1 1 1 1 1 1 1 1 1 1 1 1 1 1 1 1 1 1 1 1 1 1 1 1 1 1 1 1 1 1 1 1 1 1 1 1 1 1 1 1 100 100 100 100 7 100 100 100 100 100 7 100 100 7 100 100 100 100 100 100 100 100 100 1 1 1 1 1 1 1 1 1 1 1 1 1 1 1 1 1 1 1 1 1 1 1 1 1 1 1 1 1 1 1 1 1 1 12 12 12 12 12 12 12 12 12 12 12 12 12 12 12 12 12 12 12 12 12 12 12 12 12 12 12 12 12 12 12 12 12 12 12 12 12 12 12 12 12 12 12 12 12 12 12 12 12 12 12 12 12 12 12 12 12 12 9 9 9 9 9 9 9 9 9 9 9 9 9 9 10 10 10 10 10 10 10 10 10 10 10 10 10 10 10 10 10 10 10 10 10 10 10 10 10 10 10 10 10 10 10 10 10 10 10 10 10 10 10 10 10 10 10 10 10 11 11 11 11 11 11
instanceKlass java/net/URLClassLoader
ciInstanceKlass java/security/SecureClassLoader 1 1 127 8 8 8 8 1 1 1 1 1 1 1 1 1 1 1 1 1 1 1 1 1 1 1 1 1 1 1 1 1 1 1 1 1 1 1 1 1 1 1 1 1 1 1 1 1 1 1 1 7 100 100 100 100 7 100 7 7 7 7 7 1 1 1 1 1 1 1 1 1 1 1 1 1 1 1 1 1 1 12 12 12 12 12 12 12 12 12 12 12 12 12 12 12 12 12 12 12 12 12 12 12 9 9 9 10 10 10 10 10 10 10 10 10 10 10 10 10 10 10 10 10 10 10 10 10 10
staticfield java/security/SecureClassLoader debug Lsun/security/util/Debug; null
instanceKlass java/lang/InstantiationException
instanceKlass java/lang/IllegalAccessException
instanceKlass java/lang/reflect/InvocationTargetException
instanceKlass java/lang/NoSuchMethodException
instanceKlass java/lang/ClassNotFoundException
ciInstanceKlass java/lang/ReflectiveOperationException 1 1 24 1 1 1 1 1 1 1 1 1 1 5 0 7 100 1 12 12 12 12 10 10 10 10
ciInstanceKlass java/lang/ClassNotFoundException 1 1 29 1 1 1 1 1 1 1 1 1 1 1 1 1 1 5 0 100 7 100 1 1 1 12 12 12 9 10 10
instanceKlass java/lang/UnsatisfiedLinkError
instanceKlass java/lang/ExceptionInInitializerError
instanceKlass java/lang/IncompatibleClassChangeError
instanceKlass java/lang/BootstrapMethodError
instanceKlass java/lang/NoClassDefFoundError
ciInstanceKlass java/lang/LinkageError 1 1 21 1 1 1 1 1 1 1 1 1 5 0 7 100 1 12 12 12 10 10 10
ciInstanceKlass java/lang/NoClassDefFoundError 0 0 18 1 1 1 1 1 1 1 1 1 5 0 100 100 12 12 10 10
ciInstanceKlass java/lang/ClassCastException 1 1 18 1 1 1 1 1 1 1 1 1 5 0 100 100 12 12 10 10
ciInstanceKlass java/lang/ArrayStoreException 1 1 18 1 1 1 1 1 1 1 1 1 5 0 100 100 12 12 10 10
instanceKlass java/lang/StackOverflowError
instanceKlass java/lang/OutOfMemoryError
ciInstanceKlass java/lang/VirtualMachineError 1 1 24 1 1 1 1 1 1 1 1 1 1 5 0 100 100 1 12 12 12 12 10 10 10 10
ciInstanceKlass java/lang/OutOfMemoryError 1 1 18 1 1 1 1 1 1 1 1 1 5 0 100 100 12 12 10 10
ciInstanceKlass java/lang/StackOverflowError 1 1 18 1 1 1 1 1 1 1 1 1 5 0 100 100 12 12 10 10
ciInstanceKlass java/lang/IllegalMonitorStateException 1 1 18 1 1 1 1 1 1 1 1 1 5 0 100 100 12 12 10 10
instanceKlass java/lang/ref/PhantomReference
instanceKlass java/lang/ref/FinalReference
instanceKlass java/lang/ref/WeakReference
instanceKlass java/lang/ref/SoftReference
ciInstanceKlass java/lang/ref/Reference 1 1 131 8 1 1 1 1 1 1 1 1 1 1 1 1 1 1 1 1 1 1 1 1 1 1 1 1 1 1 1 1 1 1 1 1 1 1 1 1 1 1 1 1 1 1 1 1 1 1 1 1 1 1 1 1 1 100 7 100 7 7 100 7 7 7 7 7 7 7 1 1 1 1 1 1 1 1 1 1 1 1 1 1 1 1 12 12 12 12 12 12 12 12 12 12 12 12 12 12 12 12 12 12 12 12 12 12 9 9 9 9 9 9 9 10 10 10 10 10 10 10 10 10 10 10 10 10 10 10 10 1 1
instanceKlass sun/security/util/MemoryCache$SoftCacheEntry
instanceKlass sun/util/locale/provider/LocaleResources$ResourceReference
instanceKlass java/util/ResourceBundle$BundleReference
instanceKlass sun/util/locale/LocaleObjectCache$CacheEntry
ciInstanceKlass java/lang/ref/SoftReference 1 1 32 1 1 1 1 1 1 1 1 1 1 1 1 1 1 100 7 7 1 1 1 1 12 12 12 12 12 9 9 10 10 10
instanceKlass java/util/ResourceBundle$LoaderReference
instanceKlass scala/concurrent/forkjoin/ForkJoinTask$ExceptionNode
instanceKlass org/apache/commons/logging/impl/WeakHashtable$WeakKey
instanceKlass java/lang/ThreadLocal$ThreadLocalMap$Entry
instanceKlass java/lang/ClassValue$Entry
instanceKlass java/util/WeakHashMap$Entry
ciInstanceKlass java/lang/ref/WeakReference 1 1 17 1 1 1 1 1 1 7 100 1 1 1 1 12 12 10 10
instanceKlass java/lang/ref/Finalizer
ciInstanceKlass java/lang/ref/FinalReference 1 1 13 1 1 1 1 1 100 7 1 1 1 12 10
instanceKlass sun/misc/Cleaner
ciInstanceKlass java/lang/ref/PhantomReference 1 1 16 1 1 1 1 1 1 1 1 100 100 1 1 1 12 10
ciInstanceKlass sun/misc/Cleaner 1 1 71 1 1 1 1 1 1 1 1 1 1 1 1 1 1 1 1 1 1 1 1 1 1 1 1 1 100 100 100 7 100 7 100 1 1 1 1 1 1 1 1 1 1 1 1 12 12 12 12 12 12 12 12 12 12 12 12 12 9 9 9 9 9 10 10 10 10 10 10 10 11
staticfield sun/misc/Cleaner dummyQueue Ljava/lang/ref/ReferenceQueue; java/lang/ref/ReferenceQueue
ciInstanceKlass java/lang/ref/Finalizer 1 1 147 1 1 1 1 1 1 1 1 1 1 1 1 1 1 1 1 1 1 1 1 1 1 1 1 1 1 1 1 1 1 1 1 1 1 1 1 1 1 1 1 1 1 1 1 1 1 1 1 1 1 1 1 1 1 1 1 1 1 7 7 7 7 100 7 7 100 100 100 7 7 100 7 100 1 1 1 1 1 1 1 1 1 1 1 1 1 1 1 1 1 12 12 12 12 12 12 12 12 12 12 12 12 12 12 12 12 12 12 12 12 12 12 12 12 12 12 9 9 9 9 9 10 10 10 10 10 10 10 10 10 10 10 10 10 10 10 10 10 10 10 10 10 10 10 11 1
staticfield java/lang/ref/Finalizer lock Ljava/lang/Object; java/lang/Object
instanceKlass java/lang/ref/ReferenceQueue$Null
ciInstanceKlass java/lang/ref/ReferenceQueue 1 1 127 8 7 1 1 1 1 1 1 1 1 1 1 1 1 1 1 1 1 1 1 1 1 1 1 1 1 1 1 1 1 1 1 1 1 1 1 1 1 1 1 1 1 1 1 1 1 1 1 1 1 1 1 1 5 0 100 7 100 100 7 100 100 7 7 100 7 7 100 7 1 1 1 1 1 1 1 1 1 1 1 1 1 1 1 1 12 12 12 12 12 12 12 12 12 12 12 12 12 12 12 12 12 12 12 9 9 9 9 9 9 9 9 10 10 10 10 10 10 10 10 10 10 10 10 11 1
staticfield java/lang/ref/ReferenceQueue $assertionsDisabled Z 1
instanceKlass scala/concurrent/forkjoin/ForkJoinWorkerThread
instanceKlass java/lang/ref/Finalizer$FinalizerThread
instanceKlass java/lang/ref/Reference$ReferenceHandler
ciInstanceKlass java/lang/Thread 1 1 536 3 3 8 8 8 8 8 8 8 8 8 8 8 8 7 1 1 1 1 1 1 1 1 1 1 1 1 1 1 1 1 1 1 1 1 1 1 1 1 1 1 1 1 1 1 1 1 1 1 1 1 1 1 1 1 1 1 1 1 1 1 1 1 1 1 1 1 1 1 1 1 1 1 1 1 1 1 1 1 1 1 1 1 1 1 1 1 1 1 1 1 1 1 1 1 1 1 1 1 1 1 1 1 1 1 1 1 1 1 1 1 1 1 1 1 1 1 1 1 1 1 1 1 1 1 1 1 1 1 1 1 1 1 1 1 1 1 1 1 1 1 1 1 1 1 1 1 1 1 1 1 1 1 1 1 1 1 1 1 1 1 1 1 1 1 1 1 1 1 1 1 1 1 1 1 1 1 1 1 1 1 1 1 1 1 1 1 1 1 1 1 1 1 1 1 1 1 1 1 1 1 1 1 1 1 1 1 1 1 1 1 1 1 1 1 1 1 1 1 1 1 1 3 3 3 100 100 100 100 100 100 100 100 100 7 100 100 7 7 7 100 7 100 100 7 100 100 100 100 100 100 7 7 100 100 100 100 100 100 7 100 100 100 100 100 100 100 1 1 1 1 1 1 1 1 1 1 1 1 1 1 1 1 1 1 1 1 1 1 1 1 1 1 1 1 1 1 1 1 1 1 1 1 1 1 1 1 1 1 1 1 1 1 1 1 1 1 1 1 1 1 1 1 1 1 12 12 12 12 12 12 12 12 12 12 12 12 12 12 12 12 12 12 12 12 12 12 12 12 12 12 12 12 12 12 12 12 12 12 12 12 12 12 12 12 12 12 12 12 12 12 12 12 12 12 12 12 12 12 12 12 12 12 12 12 12 12 12 12 12 12 12 12 12 12 12 12 12 12 12 12 12 12 12 12 12 12 12 12 12 12 12 12 12 12 12 12 12 12 12 12 9 9 9 9 9 9 9 9 9 9 9 9 9 9 9 9 9 9 9 9 9 9 9 9 9 9 10 10 10 10 10 10 10 10 10 10 10 10 10 10 10 10 10 10 10 10 10 10 10 10 10 10 10 10 10 10 10 10 10 10 10 10 10 10 10 10 10 10 10 10 10 10 10 10 10 10 10 10 10 10 10 10 10 10 10 10 10 10 10 10 10 10 10 10 10 10 10 10 10 10 10 10 10 11 11 11 11 11 11 11 1 1 1 1
staticfield java/lang/Thread EMPTY_STACK_TRACE [Ljava/lang/StackTraceElement; 0 [Ljava/lang/StackTraceElement;
staticfield java/lang/Thread SUBCLASS_IMPLEMENTATION_PERMISSION Ljava/lang/RuntimePermission; java/lang/RuntimePermission
ciInstanceKlass java/lang/ThreadGroup 1 1 265 8 8 8 8 8 8 8 1 1 1 1 1 1 1 1 1 1 1 1 1 1 1 1 1 1 1 1 1 1 1 1 1 1 1 1 1 1 1 1 1 1 1 1 1 1 1 1 1 1 1 1 1 1 1 1 1 1 1 1 1 1 1 1 1 1 1 1 1 1 1 1 1 1 1 1 1 1 1 1 1 1 1 1 1 1 1 1 1 1 1 1 1 1 1 1 1 1 1 1 1 1 1 1 1 1 1 7 100 100 100 100 100 7 100 100 7 7 100 100 7 100 7 100 1 1 1 1 1 1 1 1 1 1 1 1 1 1 1 1 1 1 1 1 1 1 1 1 1 1 1 12 12 12 12 12 12 12 12 12 12 12 12 12 12 12 12 12 12 12 12 12 12 12 12 12 12 12 12 12 12 12 12 12 12 12 12 12 12 12 12 12 12 12 12 12 12 12 12 12 12 12 12 12 9 9 9 9 9 9 9 9 9 9 9 9 9 10 10 10 10 10 10 10 10 10 10 10 10 10 10 10 10 10 10 10 10 10 10 10 10 10 10 10 10 10 10 10 10 10 10 10 10 10 10 10 10 10 10 10 10 10 10 11 1
instanceKlass java/util/Hashtable
ciInstanceKlass java/util/Dictionary 1 1 28 1 1 1 1 1 1 1 1 1 1 1 1 1 1 1 1 1 7 100 1 1 1 1 1 1 12 10
instanceKlass org/apache/commons/logging/impl/WeakHashtable
instanceKlass java/util/Properties
ciInstanceKlass java/util/Hashtable 1 1 413 3 3 4 4 8 8 8 8 8 8 100 1 1 1 1 1 1 1 1 1 1 1 1 1 1 1 1 1 1 1 1 1 1 1 1 1 1 1 1 1 1 1 1 1 1 1 1 1 1 1 1 1 1 1 1 1 1 1 1 1 1 1 1 1 1 1 1 1 1 1 1 1 1 1 1 1 1 1 1 1 1 1 1 1 1 1 1 1 1 1 1 1 1 1 1 1 1 1 1 1 1 1 1 1 1 1 1 1 1 1 1 1 1 1 1 1 1 1 1 1 1 1 1 1 1 1 1 1 1 1 1 1 1 1 1 1 1 1 1 1 1 1 1 1 1 1 1 1 1 1 1 1 1 1 1 1 1 1 1 1 1 1 1 1 1 3 3 3 5 0 100 100 100 100 100 100 100 100 100 100 7 100 100 7 100 7 100 100 100 7 100 7 7 100 7 7 7 7 100 7 7 7 100 7 100 100 100 100 100 1 1 1 1 1 1 1 1 1 1 1 1 1 1 1 1 1 1 1 1 1 1 1 1 1 1 1 1 1 1 1 1 1 1 1 1 1 1 1 1 1 1 1 1 1 1 1 1 1 1 1 1 1 1 1 1 12 12 12 12 12 12 12 12 12 12 12 12 12 12 12 12 12 12 12 12 12 12 12 12 12 12 12 12 12 12 12 12 12 12 12 12 12 12 12 12 12 12 12 12 12 12 12 12 12 12 12 12 12 12 12 12 12 12 12 12 12 12 12 12 12 9 9 9 9 9 9 9 9 9 9 9 9 10 10 10 10 10 10 10 10 10 10 10 10 10 10 10 10 10 10 10 10 10 10 10 10 10 10 10 10 10 10 10 10 10 10 10 10 10 10 10 10 10 10 10 10 10 10 10 10 10 10 10 10 10 11 11 11 11 11 11 11 11 11 11 11 11 11 1 1 1 1
instanceKlass com/neowit/utils/ConfigWithReadOnlySession$$anonfun$lastSessionPropsOpt$1$$anon$1
instanceKlass java/security/Provider
instanceKlass com/neowit/utils/BasicConfig$$anon$2
ciInstanceKlass java/util/Properties 1 1 260 3 8 8 8 8 8 8 8 1 1 1 1 1 1 1 1 1 1 1 1 1 1 1 1 1 1 1 1 1 1 1 1 1 1 1 1 1 1 1 1 1 1 1 1 1 1 1 1 1 1 1 1 1 1 1 1 1 1 1 1 1 1 1 1 1 1 1 1 1 1 1 1 1 1 1 1 1 1 1 1 1 1 1 1 1 1 1 1 1 1 1 1 1 1 1 1 1 1 1 1 1 1 1 5 0 100 100 100 100 100 100 100 100 100 100 100 7 100 100 100 100 7 7 100 100 7 7 100 1 1 1 1 1 1 1 1 1 1 1 1 1 1 1 1 1 1 1 1 1 1 1 1 1 1 1 1 1 1 1 12 12 12 12 12 12 12 12 12 12 12 12 12 12 12 12 12 12 12 12 12 12 12 12 12 12 12 12 12 12 12 12 12 12 12 12 12 12 12 12 12 12 12 12 12 9 9 9 10 10 10 10 10 10 10 10 10 10 10 10 10 10 10 10 10 10 10 10 10 10 10 10 10 10 10 10 10 10 10 10 10 10 10 10 10 10 10 10 10 10 10 10 10 10 10 10 11 11 1 1
staticfield java/util/Properties hexDigit [C 16
instanceKlass java/lang/reflect/Executable
instanceKlass java/lang/reflect/Field
ciInstanceKlass java/lang/reflect/AccessibleObject 1 1 141 8 8 8 7 1 1 1 1 1 1 1 1 1 1 1 1 1 1 1 1 1 1 1 1 1 1 1 1 1 1 1 1 1 1 1 1 1 1 1 1 1 1 1 1 1 1 1 1 1 1 1 1 1 1 1 1 1 1 1 1 1 100 100 100 7 100 100 7 7 100 7 100 7 7 100 7 7 1 1 1 1 1 1 1 1 1 1 1 1 1 1 1 1 1 1 1 1 12 12 12 12 12 12 12 12 12 12 12 12 12 12 12 12 12 12 12 12 9 9 9 9 10 10 10 10 10 10 10 10 10 10 10 10 10 10 10 10 10 11 1
staticfield java/lang/reflect/AccessibleObject ACCESS_PERMISSION Ljava/security/Permission; java/lang/reflect/ReflectPermission
staticfield java/lang/reflect/AccessibleObject reflectionFactory Lsun/reflect/ReflectionFactory; sun/reflect/ReflectionFactory
ciInstanceKlass java/lang/reflect/Field 1 1 359 8 8 8 8 1 1 1 1 1 1 1 1 1 1 1 1 1 1 1 1 1 1 1 1 1 1 1 1 1 1 1 1 1 1 1 1 1 1 1 1 1 1 1 1 1 1 1 1 1 1 1 1 1 1 1 1 1 1 1 1 1 1 1 1 1 1 1 1 1 1 1 1 1 1 1 1 1 1 1 1 1 1 1 1 1 1 1 1 1 1 1 1 1 1 1 1 1 1 1 1 1 1 1 1 1 1 1 1 1 1 1 1 1 1 1 1 1 1 1 1 1 1 1 1 1 1 1 1 1 1 100 100 100 100 100 100 7 7 100 100 100 100 100 100 100 7 100 7 100 100 100 100 100 100 100 100 1 1 1 1 1 1 1 1 1 1 1 1 1 1 1 1 1 1 1 1 1 1 1 1 1 1 1 1 1 1 1 1 1 1 1 1 1 1 1 1 1 1 1 1 1 1 1 1 1 1 1 1 1 1 12 12 12 12 12 12 12 12 12 12 12 12 12 12 12 12 12 12 12 12 12 12 12 12 12 12 12 12 12 12 12 12 12 12 12 12 12 12 12 12 12 12 12 12 12 12 12 12 12 12 12 12 12 12 12 12 12 12 12 12 12 12 12 12 12 12 12 12 12 12 12 9 9 9 9 9 9 9 9 9 9 9 9 9 9 9 10 10 10 10 10 10 10 10 10 10 10 10 10 10 10 10 10 10 10 10 10 10 10 10 10 10 10 10 10 10 10 10 10 10 10 10 10 10 10 10 11 11 11 11 11 11 11 11 11 11 11 11 11 11 11 11 11 11 11 11 11 1
ciInstanceKlass java/lang/reflect/Parameter 0 0 207 8 8 8 8 1 1 1 1 1 1 1 1 1 1 1 1 1 1 1 1 1 1 1 1 1 1 1 1 1 1 1 1 1 1 1 1 1 1 1 1 1 1 1 1 1 1 1 1 1 1 1 1 1 1 1 1 1 1 1 1 1 1 1 1 1 1 1 1 1 1 1 1 1 1 1 1 1 1 1 1 1 100 100 100 100 100 100 100 100 100 100 100 100 100 100 100 1 1 1 1 1 1 1 1 1 1 1 1 1 1 1 1 1 1 1 1 1 1 1 1 1 1 1 1 12 12 12 12 12 12 12 12 12 12 12 12 12 12 12 12 12 12 12 12 12 12 12 12 12 12 12 12 12 12 12 12 12 12 12 12 12 12 12 9 9 9 9 9 9 9 10 10 10 10 10 10 10 10 10 10 10 10 10 10 10 10 10 10 10 10 10 10 10 10 10 10 10 10 10 10 10 10 11 11 11 11
instanceKlass java/lang/reflect/Constructor
instanceKlass java/lang/reflect/Method
ciInstanceKlass java/lang/reflect/Executable 1 1 375 3 8 8 8 8 8 8 8 8 8 8 8 8 8 8 1 1 1 1 1 1 1 1 1 1 1 1 1 1 1 1 1 1 1 1 1 1 1 1 1 1 1 1 1 1 1 1 1 1 1 1 1 1 1 1 1 1 1 1 1 1 1 1 1 1 1 1 1 1 1 1 1 1 1 1 1 1 1 1 1 1 1 1 1 1 1 1 1 1 1 1 1 1 1 1 1 1 1 1 1 1 1 1 1 1 1 1 1 1 1 1 1 1 1 1 1 1 1 1 1 1 1 1 1 1 1 1 1 1 1 1 1 1 1 1 1 1 1 1 1 1 1 1 1 1 1 1 1 1 100 100 100 100 100 100 100 100 100 100 100 100 100 7 100 100 100 100 100 100 100 100 100 100 100 100 100 100 100 100 100 100 1 1 1 1 1 1 1 1 1 1 1 1 1 1 1 1 1 1 1 1 1 1 1 1 1 1 1 1 1 1 1 1 1 1 1 1 1 1 1 1 1 1 1 1 1 1 1 1 1 1 1 12 12 12 12 12 12 12 12 12 12 12 12 12 12 12 12 12 12 12 12 12 12 12 12 12 12 12 12 12 12 12 12 12 12 12 12 12 12 12 12 12 12 12 12 12 12 12 12 12 12 12 12 12 12 12 12 12 12 12 12 12 12 12 12 12 12 12 12 9 9 9 9 9 9 9 10 10 10 10 10 10 10 10 10 10 10 10 10 10 10 10 10 10 10 10 10 10 10 10 10 10 10 10 10 10 10 10 10 10 10 10 10 10 10 10 10 10 10 10 10 10 10 10 10 10 10 10 10 10 10 10 10 10 10 10 10 10 10 11 11 11 1
ciInstanceKlass java/lang/reflect/Method 1 1 343 8 8 8 1 1 1 1 1 1 1 1 1 1 1 1 1 1 1 1 1 1 1 1 1 1 1 1 1 1 1 1 1 1 1 1 1 1 1 1 1 1 1 1 1 1 1 1 1 1 1 1 1 1 1 1 1 1 1 1 1 1 1 1 1 1 1 1 1 1 1 1 1 1 1 1 1 1 1 1 1 1 1 1 1 1 1 1 1 1 1 1 1 1 1 1 1 1 1 1 1 1 1 1 1 1 1 1 1 1 1 1 1 1 1 1 1 1 1 1 1 1 1 1 1 1 1 1 1 1 7 100 7 100 100 7 100 100 100 7 100 7 100 100 100 100 100 100 7 7 7 100 100 100 100 100 100 1 1 1 1 1 1 1 1 1 1 1 1 1 1 1 1 1 1 1 1 1 1 1 1 1 1 1 1 1 1 1 1 1 1 1 1 1 1 1 1 1 1 1 1 1 1 1 1 12 12 12 12 12 12 12 12 12 12 12 12 12 12 12 12 12 12 12 12 12 12 12 12 12 12 12 12 12 12 12 12 12 12 12 12 12 12 12 12 12 12 12 12 12 12 12 12 12 12 12 12 12 12 12 12 12 12 12 12 12 12 12 12 12 12 12 9 9 9 9 9 9 9 9 9 9 9 9 9 9 9 9 10 10 10 10 10 10 10 10 10 10 10 10 10 10 10 10 10 10 10 10 10 10 10 10 10 10 10 10 10 10 10 10 10 10 10 10 10 10 10 10 10 10 10 10 10 10 10 10 10 10 10 10 11 11 11
ciInstanceKlass java/lang/reflect/Constructor 1 1 327 8 8 8 1 1 1 1 1 1 1 1 1 1 1 1 1 1 1 1 1 1 1 1 1 1 1 1 1 1 1 1 1 1 1 1 1 1 1 1 1 1 1 1 1 1 1 1 1 1 1 1 1 1 1 1 1 1 1 1 1 1 1 1 1 1 1 1 1 1 1 1 1 1 1 1 1 1 1 1 1 1 1 1 1 1 1 1 1 1 1 1 1 1 1 1 1 1 1 1 1 1 1 1 1 1 1 1 1 1 1 1 1 1 1 1 1 1 1 1 1 1 1 1 1 1 1 1 7 100 7 100 100 100 100 100 100 7 7 100 100 100 100 100 7 7 7 100 100 100 100 100 100 1 1 1 1 1 1 1 1 1 1 1 1 1 1 1 1 1 1 1 1 1 1 1 1 1 1 1 1 1 1 1 1 1 1 1 1 1 1 1 1 1 1 1 1 1 1 1 1 12 12 12 12 12 12 12 12 12 12 12 12 12 12 12 12 12 12 12 12 12 12 12 12 12 12 12 12 12 12 12 12 12 12 12 12 12 12 12 12 12 12 12 12 12 12 12 12 12 12 12 12 12 12 12 12 12 12 12 12 12 12 9 9 9 9 9 9 9 9 9 9 9 9 9 9 10 10 10 10 10 10 10 10 10 10 10 10 10 10 10 10 10 10 10 10 10 10 10 10 10 10 10 10 10 10 10 10 10 10 10 10 10 10 10 10 10 10 10 10 10 10 10 11 11 1
instanceKlass sun/reflect/FieldAccessorImpl
instanceKlass sun/reflect/ConstructorAccessorImpl
instanceKlass sun/reflect/MethodAccessorImpl
ciInstanceKlass sun/reflect/MagicAccessorImpl 1 1 10 1 1 1 1 1 7 100 12 10
instanceKlass sun/reflect/GeneratedMethodAccessor2
instanceKlass sun/reflect/GeneratedMethodAccessor1
instanceKlass sun/reflect/DelegatingMethodAccessorImpl
instanceKlass sun/reflect/NativeMethodAccessorImpl
ciInstanceKlass sun/reflect/MethodAccessorImpl 1 1 19 1 1 1 1 1 1 1 1 1 1 1 100 100 7 100 100 12 10
instanceKlass sun/reflect/DelegatingConstructorAccessorImpl
instanceKlass sun/reflect/NativeConstructorAccessorImpl
ciInstanceKlass sun/reflect/ConstructorAccessorImpl 1 1 21 1 1 1 1 1 1 1 1 1 1 1 1 100 100 100 100 100 7 12 10
ciInstanceKlass sun/reflect/DelegatingClassLoader 1 1 10 1 1 1 1 7 100 1 12 10
ciInstanceKlass sun/reflect/ConstantPool 0 0 103 8 100 1 1 1 1 1 1 1 1 1 1 1 1 1 1 1 1 1 1 1 1 1 1 1 1 1 1 1 1 1 1 1 1 1 1 1 1 1 1 1 1 1 1 1 1 1 1 100 100 100 1 1 1 1 1 1 1 1 1 1 1 1 1 1 1 1 1 12 12 12 12 12 12 12 12 12 12 12 12 12 12 12 12 12 9 10 10 10 10 10 10 10 10 10 10 10 10 10 10 10 10
instanceKlass sun/reflect/UnsafeFieldAccessorImpl
ciInstanceKlass sun/reflect/FieldAccessorImpl 1 1 53 1 1 1 1 1 1 1 1 1 1 1 1 1 1 1 1 1 1 1 1 1 1 1 1 1 1 1 1 1 1 1 1 100 100 100 100 7 1 1 1 1 1 1 1 1 1 1 1 1 1 12 10
instanceKlass sun/reflect/UnsafeQualifiedFieldAccessorImpl
instanceKlass sun/reflect/UnsafeStaticFieldAccessorImpl
ciInstanceKlass sun/reflect/UnsafeFieldAccessorImpl 1 1 226 8 8 8 8 8 8 8 8 8 8 8 8 8 8 8 8 8 8 8 8 8 8 1 1 1 1 1 1 1 1 1 1 1 1 1 1 1 1 1 1 1 1 1 1 1 1 1 1 1 1 1 1 1 1 1 1 1 1 1 1 1 1 1 1 1 1 1 1 1 1 1 1 1 1 1 1 1 1 1 1 1 1 1 1 1 1 1 1 1 1 1 1 1 1 1 1 1 1 1 1 1 1 1 1 1 1 1 1 1 1 1 1 1 1 1 1 1 100 100 100 7 100 100 100 100 100 100 7 100 100 100 7 7 7 7 7 1 1 1 1 1 1 1 1 1 1 1 1 1 1 1 1 1 1 12 12 12 12 12 12 12 12 12 12 12 12 12 12 12 12 12 12 12 12 12 12 12 12 12 12 12 12 12 12 12 12 12 12 9 9 9 9 10 10 10 10 10 10 10 10 10 10 10 10 10 10 10 10 10 10 10 10 10 10 10 10 10 10 10 10 10 10 10 10 10
staticfield sun/reflect/UnsafeFieldAccessorImpl unsafe Lsun/misc/Unsafe; sun/misc/Unsafe
instanceKlass sun/reflect/UnsafeQualifiedStaticFieldAccessorImpl
ciInstanceKlass sun/reflect/UnsafeStaticFieldAccessorImpl 1 1 35 8 7 1 1 1 1 1 1 1 1 1 1 1 1 1 1 7 7 7 7 1 1 1 1 12 12 12 12 12 9 9 10 10 10
ciInstanceKlass sun/reflect/CallerSensitive 0 0 15 1 1 1 1 1 1 1 100 100 100 1 1 1 1
instanceKlass java/lang/invoke/DirectMethodHandle
ciInstanceKlass java/lang/invoke/MethodHandle 1 1 435 8 8 8 8 8 8 8 8 8 8 8 8 8 7 1 1 1 1 1 1 1 1 1 1 1 1 1 1 1 1 1 1 1 1 1 1 1 1 1 1 1 1 1 1 1 1 1 1 1 1 1 1 1 1 1 1 1 1 1 1 1 1 1 1 1 1 1 1 1 1 1 1 1 1 1 1 1 1 1 1 1 1 1 1 1 1 1 1 1 1 1 1 1 1 1 1 1 1 1 1 1 1 1 1 1 1 1 1 1 1 1 1 1 1 1 1 1 1 1 1 1 1 1 1 1 1 1 1 1 1 1 1 1 1 1 1 1 1 1 1 1 1 1 1 1 1 1 1 1 1 1 1 1 1 1 1 1 1 1 1 1 1 1 1 1 1 1 1 1 100 7 100 100 100 100 100 100 100 100 100 100 100 100 100 100 100 7 100 7 100 100 100 100 7 1 1 1 1 1 1 1 1 1 1 1 1 1 1 1 1 1 1 1 1 1 1 1 1 1 1 1 1 1 1 1 1 1 1 1 1 1 1 1 1 1 1 1 1 1 1 1 1 1 1 1 1 1 1 1 1 1 1 1 1 1 1 1 1 1 1 1 12 12 12 12 12 12 12 12 12 12 12 12 12 12 12 12 12 12 12 12 12 12 12 12 12 12 12 12 12 12 12 12 12 12 12 12 12 12 12 12 12 12 12 12 12 12 12 12 12 12 12 12 12 12 12 12 12 12 12 12 12 12 12 12 12 12 12 12 12 12 12 12 12 12 12 12 12 12 12 12 12 12 12 9 9 9 9 9 9 9 9 9 9 9 9 10 10 10 10 10 10 10 10 10 10 10 10 10 10 10 10 10 10 10 10 10 10 10 10 10 10 10 10 10 10 10 10 10 10 10 10 10 10 10 10 10 10 10 10 10 10 10 10 10 10 10 10 10 10 10 10 10 10 10 10 10 10 10 10 10 10 10 10 10 10 10 10 10 10 10 11 1 1
staticfield java/lang/invoke/MethodHandle FORM_OFFSET J 20
staticfield java/lang/invoke/MethodHandle $assertionsDisabled Z 1
ciInstanceKlass java/lang/invoke/DirectMethodHandle 0 0 698 8 8 8 8 8 8 8 8 8 8 8 8 8 8 8 8 8 8 8 8 8 100 100 100 100 100 100 100 100 100 100 100 1 1 1 1 1 1 1 1 1 1 1 1 1 1 1 1 1 1 1 1 1 1 1 1 1 1 1 1 1 1 1 1 1 1 1 1 1 1 1 1 1 1 1 1 1 1 1 1 1 1 1 1 1 1 1 1 1 1 1 1 1 1 1 1 1 1 1 1 1 1 1 1 1 1 1 1 1 1 1 1 1 1 1 1 1 1 1 1 1 1 1 1 1 1 1 1 1 1 1 1 1 1 1 1 1 1 1 1 1 1 1 1 1 1 1 1 1 1 1 1 1 1 1 1 1 1 1 1 1 1 1 1 1 1 1 1 1 1 1 1 1 1 1 1 1 1 1 1 1 1 1 1 1 1 1 1 1 1 1 1 1 1 1 1 1 1 1 1 1 1 1 1 1 1 1 1 1 1 1 1 1 1 1 1 1 1 1 1 1 1 1 1 1 1 1 1 1 1 1 1 1 1 1 1 1 1 1 1 1 1 1 1 1 1 1 1 1 1 1 1 1 1 1 1 1 1 1 1 1 100 100 100 100 100 100 100 100 100 100 100 100 100 100 100 100 100 100 100 100 100 100 100 100 100 100 100 100 100 100 100 100 100 100 100 100 100 1 1 1 1 1 1 1 1 1 1 1 1 1 1 1 1 1 1 1 1 1 1 1 1 1 1 1 1 1 1 1 1 1 1 1 1 1 1 1 1 1 1 1 1 1 1 1 1 1 1 1 1 1 1 1 1 1 1 1 1 1 1 1 1 1 1 1 1 1 1 1 1 1 1 1 1 1 1 1 12 12 12 12 12 12 12 12 12 12 12 12 12 12 12 12 12 12 12 12 12 12 12 12 12 12 12 12 12 12 12 12 12 12 12 12 12 12 12 12 12 12 12 12 12 12 12 12 12 12 12 12 12 12 12 12 12 12 12 12 12 12 12 12 12 12 12 12 12 12 12 12 12 12 12 12 12 12 12 12 12 12 12 12 12 12 12 12 12 12 12 12 12 12 12 12 12 12 12 12 12 12 12 12 12 12 12 12 12 12 12 12 12 12 12 12 12 12 12 12 12 12 12 12 12 12 12 12 12 12 12 12 12 12 12 12 12 12 12 12 12 12 12 12 12 12 12 12 12 12 12 12 9 9 9 9 9 9 9 9 9 9 9 9 9 9 9 9 9 9 9 9 9 9 9 9 9 9 9 9 9 9 9 9 9 9 9 9 10 10 10 10 10 10 10 10 10 10 10 10 10 10 10 10 10 10 10 10 10 10 10 10 10 10 10 10 10 10 10 10 10 10 10 10 10 10 10 10 10 10 10 10 10 10 10 10 10 10 10 10 10 10 10 10 10 10 10 10 10 10 10 10 10 10 10 10 10 10 10 10 10 10 10 10 10 10 10 10 10 10 10 10 10 10 10 10 10 10 10 10 10 10 10 10 10 10 10 10 10 10 10 10 10 10 10 10 10 10 10 10 10 10 10 10 10 10 10 10 10 10 10 1 1 1 1 1 1 1 1 1
ciInstanceKlass java/lang/invoke/MemberName 1 1 639 3 3 3 3 3 3 3 3 3 3 3 8 8 8 8 8 8 8 8 8 8 8 8 8 8 8 8 8 8 8 8 8 8 8 8 8 8 8 8 8 8 8 100 100 7 100 1 1 1 1 1 1 1 1 1 1 1 1 1 1 1 1 1 1 1 1 1 1 1 1 1 1 1 1 1 1 1 1 1 1 1 1 1 1 1 1 1 1 1 1 1 1 1 1 1 1 1 1 1 1 1 1 1 1 1 1 1 1 1 1 1 1 1 1 1 1 1 1 1 1 1 1 1 1 1 1 1 1 1 1 1 1 1 1 1 1 1 1 1 1 1 1 1 1 1 1 1 1 1 1 1 1 1 1 1 1 1 1 1 1 1 1 1 1 1 1 1 1 1 1 1 1 1 1 1 1 1 1 1 1 1 1 1 1 1 1 1 1 1 1 1 1 1 1 1 1 1 1 1 1 1 1 1 1 1 1 1 1 1 1 1 1 1 1 1 1 1 1 1 1 1 1 1 1 1 1 1 1 1 1 1 1 1 1 1 1 1 1 1 1 1 1 1 1 1 1 1 1 1 1 1 1 1 1 1 1 1 1 1 1 1 1 1 1 1 1 1 1 1 1 1 1 1 1 1 3 3 3 3 3 3 3 3 100 100 100 100 100 100 7 100 100 100 100 100 100 100 100 100 100 100 100 100 100 100 100 100 100 100 100 100 100 100 100 100 100 100 100 100 100 100 100 1 1 1 1 1 1 1 1 1 1 1 1 1 1 1 1 1 1 1 1 1 1 1 1 1 1 1 1 1 1 1 1 1 1 1 1 1 1 1 1 1 1 1 1 1 1 1 1 1 1 1 1 1 1 1 1 1 1 1 1 1 1 1 1 12 12 12 12 12 12 12 12 12 12 12 12 12 12 12 12 12 12 12 12 12 12 12 12 12 12 12 12 12 12 12 12 12 12 12 12 12 12 12 12 12 12 12 12 12 12 12 12 12 12 12 12 12 12 12 12 12 12 12 12 12 12 12 12 12 12 12 12 12 12 12 12 12 12 12 12 12 12 12 12 12 12 12 12 12 12 12 12 12 12 12 12 12 12 12 12 12 12 12 12 12 12 12 12 12 12 12 12 12 12 12 12 12 9 9 9 9 9 9 9 9 9 9 10 10 10 10 10 10 10 10 10 10 10 10 10 10 10 10 10 10 10 10 10 10 10 10 10 10 10 10 10 10 10 10 10 10 10 10 10 10 10 10 10 10 10 10 10 10 10 10 10 10 10 10 10 10 10 10 10 10 10 10 10 10 10 10 10 10 10 10 10 10 10 10 10 10 10 10 10 10 10 10 10 10 10 10 10 10 10 10 10 10 10 10 10 10 10 10 10 10 10 10 10 10 10 10 10 10 10 10 10 10 10 10 10 10 10 10 10 10 10 10 10 10 10 10 10 10 1 1 1
staticfield java/lang/invoke/MemberName $assertionsDisabled Z 1
ciInstanceKlass java/lang/invoke/MethodHandleNatives 1 1 424 8 8 8 8 8 8 8 8 8 8 8 8 8 8 8 8 8 8 8 8 8 8 8 8 8 8 8 8 100 100 100 7 100 1 1 1 1 1 1 1 1 1 1 1 1 1 1 1 1 1 1 1 1 1 1 1 1 1 1 1 1 1 1 1 1 1 1 1 1 1 1 1 1 1 1 1 1 1 1 1 1 1 1 1 1 1 1 1 1 1 1 1 1 1 1 1 1 1 1 1 1 1 1 1 1 1 1 1 1 1 1 1 1 1 1 1 1 1 1 1 1 1 1 1 1 1 1 1 1 1 1 1 1 1 1 1 1 1 1 1 1 1 1 1 1 1 1 1 1 1 1 1 1 1 1 1 1 1 1 1 1 1 1 1 1 1 1 1 1 1 1 1 1 1 1 1 1 1 1 1 1 1 1 1 1 1 1 1 1 1 1 1 1 1 1 1 1 1 100 100 100 100 7 100 100 100 100 100 100 100 100 100 100 100 100 100 100 100 100 100 100 100 100 100 100 100 7 100 100 100 100 100 100 1 1 1 1 1 1 1 1 1 1 1 1 1 1 1 1 1 1 1 1 1 1 1 1 1 1 1 1 1 1 1 1 1 1 1 1 1 1 1 1 1 1 1 1 1 1 1 12 12 12 12 12 12 12 12 12 12 12 12 12 12 12 12 12 12 12 12 12 12 12 12 12 12 12 12 12 12 12 12 12 12 12 12 12 12 12 12 12 12 12 12 12 12 12 12 12 12 12 12 12 12 12 12 12 12 12 12 12 12 12 12 9 9 9 9 9 9 10 10 10 10 10 10 10 10 10 10 10 10 10 10 10 10 10 10 10 10 10 10 10 10 10 10 10 10 10 10 10 10 10 10 10 10 10 10 10 10 10 10 10 10 10 10 10 10 10 10 10 10 10 10 10 10 10 10 10 10 10 10 10 10 10 10 10 10 10 10 10 1 1
staticfield java/lang/invoke/MethodHandleNatives COUNT_GWT Z 1
staticfield java/lang/invoke/MethodHandleNatives $assertionsDisabled Z 1
ciInstanceKlass java/lang/invoke/LambdaForm 0 0 964 8 8 8 8 8 8 8 8 8 8 8 8 8 8 8 8 8 8 8 8 8 8 8 8 8 8 8 8 8 8 8 8 8 8 8 8 8 8 8 8 8 8 8 8 8 8 8 8 8 8 8 8 8 8 100 100 100 1 1 1 1 1 1 1 1 1 1 1 1 1 1 1 1 1 1 1 1 1 1 1 1 1 1 1 1 1 1 1 1 1 1 1 1 1 1 1 1 1 1 1 1 1 1 1 1 1 1 1 1 1 1 1 1 1 1 1 1 1 1 1 1 1 1 1 1 1 1 1 1 1 1 1 1 1 1 1 1 1 1 1 1 1 1 1 1 1 1 1 1 1 1 1 1 1 1 1 1 1 1 1 1 1 1 1 1 1 1 1 1 1 1 1 1 1 1 1 1 1 1 1 1 1 1 1 1 1 1 1 1 1 1 1 1 1 1 1 1 1 1 1 1 1 1 1 1 1 1 1 1 1 1 1 1 1 1 1 1 1 1 1 1 1 1 1 1 1 1 1 1 1 1 1 1 1 1 1 1 1 1 1 1 1 1 1 1 1 1 1 1 1 1 1 1 1 1 1 1 1 1 1 1 1 1 1 1 1 1 1 1 1 1 1 1 1 1 1 1 1 1 1 1 1 1 1 1 1 1 1 1 1 1 1 1 1 1 1 1 1 1 1 1 1 1 1 1 1 1 1 1 1 1 1 1 1 1 1 1 1 1 1 1 1 1 1 1 1 1 1 1 1 1 1 1 1 1 1 1 1 1 1 1 1 1 1 1 1 1 1 1 1 1 1 1 1 1 1 1 1 1 1 1 1 1 1 1 1 1 1 1 1 1 1 1 1 1 1 1 1 1 1 1 1 1 1 1 1 1 1 1 1 1 1 1 1 1 3 3 3 3 8 100 100 100 100 100 100 100 100 100 100 100 100 100 100 100 100 100 100 100 100 100 100 100 100 100 100 100 100 100 100 100 100 100 100 100 100 100 100 100 100 100 100 100 100 100 100 100 100 1 1 1 1 1 1 1 1 1 1 1 1 1 1 1 1 1 1 1 1 1 1 1 1 1 1 1 1 1 1 1 1 1 1 1 1 1 1 1 1 1 1 1 1 1 1 1 1 1 1 1 1 1 1 1 1 1 1 1 1 1 1 1 1 1 1 1 1 1 1 1 1 1 1 1 1 1 1 1 1 1 1 1 1 1 1 1 1 1 1 1 1 1 1 1 1 1 1 1 1 1 1 1 1 1 1 1 1 1 1 1 1 1 1 12 12 12 12 12 12 12 12 12 12 12 12 12 12 12 12 12 12 12 12 12 12 12 12 12 12 12 12 12 12 12 12 12 12 12 12 12 12 12 12 12 12 12 12 12 12 12 12 12 12 12 12 12 12 12 12 12 12 12 12 12 12 12 12 12 12 12 12 12 12 12 12 12 12 12 12 12 12 12 12 12 12 12 12 12 12 12 12 12 12 12 12 12 12 12 12 12 12 12 12 12 12 12 12 12 12 12 12 12 12 12 12 12 12 12 12 12 12 12 12 12 12 12 12 12 12 12 12 12 12 12 12 12 12 12 12 12 12 12 12 12 12 12 12 12 12 12 12 12 12 12 12 12 12 12 12 12 12 12 12 12 12 12 12 12 12 12 12 12 12 12 12 12 12 12 12 12 12 12 12 12 12 12 12 12 12 12 12 12 12 12 9 9 9 9 9 9 9 9 9 9 9 9 9 9 9 9 9 9 9 9 9 9 9 9 9 9 9 9 9 9 9 9 9 9 9 9 9 9 9 9 10 10 10 10 10 10 10 10 10 10 10 10 10 10 10 10 10 10 10 10 10 10 10 10 10 10 10 10 10 10 10 10 10 10 10 10 10 10 10 10 10 10 10 10 10 10 10 10 10 10 10 10 10 10 10 10 10 10 10 10 10 10 10 10 10 10 10 10 10 10 10 10 10 10 10 10 10 10 10 10 10 10 10 10 10 10 10 10 10 10 10 10 10 10 10 10 10 10 10 10 10 10 10 10 10 10 10 10 10 10 10 10 10 10 10 10 10 10 10 10 10 10 10 10 10 10 10 10 10 10 10 10 10 10 10 10 10 10 10 10 10 10 10 10 10 10 10 10 10 10 10 10 10 10 10 10 10 10 10 10 11 11 11 11 11 1 1 1 1 1
ciInstanceKlass java/lang/invoke/MethodType 0 0 585 8 8 8 8 8 8 8 8 8 8 8 8 100 100 100 100 1 1 1 1 1 1 1 1 1 1 1 1 1 1 1 1 1 1 1 1 1 1 1 1 1 1 1 1 1 1 1 1 1 1 1 1 1 1 1 1 1 1 1 1 1 1 1 1 1 1 1 1 1 1 1 1 1 1 1 1 1 1 1 1 1 1 1 1 1 1 1 1 1 1 1 1 1 1 1 1 1 1 1 1 1 1 1 1 1 1 1 1 1 1 1 1 1 1 1 1 1 1 1 1 1 1 1 1 1 1 1 1 1 1 1 1 1 1 1 1 1 1 1 1 1 1 1 1 1 1 1 1 1 1 1 1 1 1 1 1 1 1 1 1 1 1 1 1 1 1 1 1 1 1 1 1 1 1 1 1 1 1 1 1 1 1 1 1 1 1 1 1 1 1 1 1 1 1 1 1 1 1 1 1 1 1 1 1 1 1 1 1 1 1 1 1 3 3 3 5 0 100 100 100 100 100 100 100 100 100 100 100 100 100 100 100 100 100 100 100 100 100 100 100 100 100 100 100 100 100 100 100 100 100 100 1 1 1 1 1 1 1 1 1 1 1 1 1 1 1 1 1 1 1 1 1 1 1 1 1 1 1 1 1 1 1 1 1 1 1 1 1 1 1 1 1 1 1 1 1 1 1 1 1 1 1 1 1 1 1 1 1 1 1 1 1 1 1 1 1 1 1 1 1 1 1 1 1 1 1 1 1 1 1 1 1 1 1 1 1 1 1 1 1 1 1 1 1 1 1 1 1 1 1 1 1 1 12 12 12 12 12 12 12 12 12 12 12 12 12 12 12 12 12 12 12 12 12 12 12 12 12 12 12 12 12 12 12 12 12 12 12 12 12 12 12 12 12 12 12 12 12 12 12 12 12 12 12 12 12 12 12 12 12 12 12 12 12 12 12 12 12 12 12 12 12 12 12 12 12 12 12 12 12 12 12 12 12 12 12 12 12 12 12 12 12 12 12 12 12 12 12 12 12 12 12 12 12 12 12 12 12 12 12 12 12 12 12 9 9 9 9 9 9 9 9 9 9 9 9 9 9 9 9 9 9 10 10 10 10 10 10 10 10 10 10 10 10 10 10 10 10 10 10 10 10 10 10 10 10 10 10 10 10 10 10 10 10 10 10 10 10 10 10 10 10 10 10 10 10 10 10 10 10 10 10 10 10 10 10 10 10 10 10 10 10 10 10 10 10 10 10 10 10 10 10 10 10 10 10 10 10 10 10 10 10 10 10 10 10 10 10 10 10 10 10 10 10 10 10 10 10 10 11 11 11 11 1
ciInstanceKlass java/lang/BootstrapMethodError 0 0 35 1 1 1 1 1 1 1 1 1 1 1 1 1 1 1 1 5 0 100 100 100 100 1 1 12 12 12 12 12 10 10 10 10 10
instanceKlass java/lang/invoke/VolatileCallSite
instanceKlass java/lang/invoke/MutableCallSite
instanceKlass java/lang/invoke/ConstantCallSite
ciInstanceKlass java/lang/invoke/CallSite 0 0 308 8 8 8 8 8 8 8 8 100 100 100 100 1 1 1 1 1 1 1 1 1 1 1 1 1 1 1 1 1 1 1 1 1 1 1 1 1 1 1 1 1 1 1 1 1 1 1 1 1 1 1 1 1 1 1 1 1 1 1 1 1 1 1 1 1 1 1 1 1 1 1 1 1 1 1 1 1 1 1 1 1 1 1 1 1 1 1 1 1 1 1 1 1 1 1 1 1 1 1 1 1 1 1 1 1 1 1 1 1 1 1 1 1 1 1 1 100 100 100 100 100 100 100 100 100 100 100 100 100 100 100 100 100 100 100 100 100 100 1 1 1 1 1 1 1 1 1 1 1 1 1 1 1 1 1 1 1 1 1 1 1 1 1 1 1 1 1 1 1 1 1 1 1 1 1 1 1 1 1 1 1 12 12 12 12 12 12 12 12 12 12 12 12 12 12 12 12 12 12 12 12 12 12 12 12 12 12 12 12 12 12 12 12 12 12 12 12 12 12 12 12 12 12 12 12 12 12 12 12 12 12 12 12 12 12 12 12 12 12 12 12 9 9 9 9 9 9 10 10 10 10 10 10 10 10 10 10 10 10 10 10 10 10 10 10 10 10 10 10 10 10 10 10 10 10 10 10 10 10 10 10 10 10 10 10 10 10 10 10 10 10 10 10 10 10 10 10 10 10 10 10 10 10 10 10 10 1
ciInstanceKlass java/lang/invoke/ConstantCallSite 0 0 39 1 1 1 1 1 1 1 1 1 1 1 1 1 1 1 1 1 1 100 100 100 100 100 1 1 12 12 12 12 12 12 9 9 10 10 10 10 10
ciInstanceKlass java/lang/invoke/MutableCallSite 0 0 54 1 1 1 1 1 1 1 1 1 1 1 1 1 1 1 1 1 1 1 1 1 1 1 100 100 100 100 1 1 1 1 1 1 12 12 12 12 12 12 12 12 12 12 9 9 10 10 10 10 10 10 10 10
ciInstanceKlass java/lang/invoke/VolatileCallSite 0 0 30 1 1 1 1 1 1 1 1 1 1 1 1 100 100 1 1 1 12 12 12 12 12 12 10 10 10 10 10 10
instanceKlass java/lang/StringBuilder
instanceKlass java/lang/StringBuffer
ciInstanceKlass java/lang/AbstractStringBuilder 1 1 315 3 3 3 8 8 8 8 8 8 8 8 8 8 8 8 8 1 1 1 1 1 1 1 1 1 1 1 1 1 1 1 1 1 1 1 1 1 1 1 1 1 1 1 1 1 1 1 1 1 1 1 1 1 1 1 1 1 1 1 1 1 1 1 1 1 1 1 1 1 1 1 1 1 1 1 1 1 1 1 1 1 1 1 1 1 1 1 1 1 1 1 1 1 1 1 1 1 1 1 1 1 1 1 1 1 1 1 1 1 1 1 1 1 1 1 1 1 1 1 1 1 1 1 1 1 1 1 1 1 1 5 0 100 7 100 7 7 100 100 7 7 7 100 7 100 100 100 7 7 100 1 1 1 1 1 1 1 1 1 1 1 1 1 1 1 1 1 1 1 1 1 1 1 1 1 1 1 1 1 1 1 1 1 1 1 1 1 1 1 1 1 1 1 12 12 12 12 12 12 12 12 12 12 12 12 12 12 12 12 12 12 12 12 12 12 12 12 12 12 12 12 12 12 12 12 12 12 12 12 12 12 12 12 12 12 12 12 12 12 12 12 12 12 12 12 12 12 12 9 9 10 10 10 10 10 10 10 10 10 10 10 10 10 10 10 10 10 10 10 10 10 10 10 10 10 10 10 10 10 10 10 10 10 10 10 10 10 10 10 10 10 10 10 10 10 10 10 10 10 10 10 10 10 10 10 10 10 10 10 10 10 10 11 11
ciInstanceKlass java/lang/StringBuffer 1 1 368 8 8 8 7 1 1 1 1 1 1 1 1 1 1 1 1 1 1 1 1 1 1 1 1 1 1 1 1 1 1 1 1 1 1 1 1 1 1 1 1 1 1 1 1 1 1 1 1 1 1 1 1 1 1 1 1 1 1 1 1 1 1 1 1 1 1 1 1 1 1 1 1 1 1 1 1 1 1 1 1 1 1 1 1 1 1 1 1 1 1 1 5 0 100 100 100 100 100 7 100 7 7 100 100 7 7 7 100 7 1 1 1 1 1 1 1 1 1 1 1 1 1 1 1 1 1 1 1 1 1 1 1 1 1 1 1 1 1 1 1 1 1 1 1 1 1 1 1 1 1 1 1 1 1 1 1 1 1 1 1 1 1 1 1 1 1 1 1 1 1 1 1 1 1 1 1 1 12 12 12 12 12 12 12 12 12 12 12 12 12 12 12 12 12 12 12 12 12 12 12 12 12 12 12 12 12 12 12 12 12 12 12 12 12 12 12 12 12 12 12 12 12 12 12 12 12 12 12 12 12 12 12 12 12 12 12 12 12 12 12 12 12 12 12 12 12 12 12 12 12 12 12 12 12 12 12 12 12 12 12 12 12 12 12 12 12 12 12 9 9 9 9 9 9 10 10 10 10 10 10 10 10 10 10 10 10 10 10 10 10 10 10 10 10 10 10 10 10 10 10 10 10 10 10 10 10 10 10 10 10 10 10 10 10 10 10 10 10 10 10 10 10 10 10 10 10 10 10 10 10 10 10 10 10 10 10 10 10 10 10 10 10 10 10 10 10 10 10 10 10 10 10 10 10 10 10 10 10 10 10 10 10 10 10 11 1 1
staticfield java/lang/StringBuffer serialPersistentFields [Ljava/io/ObjectStreamField; 3 [Ljava/io/ObjectStreamField;
ciInstanceKlass java/lang/StringBuilder 1 1 323 1 1 1 1 1 1 1 1 1 1 1 1 1 1 1 1 1 1 1 1 1 1 1 1 1 1 1 1 1 1 1 1 1 1 1 1 1 1 1 1 1 1 1 1 1 1 1 1 1 1 1 1 1 1 1 1 1 1 1 1 1 1 1 1 1 1 1 5 0 100 100 100 100 100 7 100 100 7 7 1 1 1 1 1 1 1 1 1 1 1 1 1 1 1 1 1 1 1 1 1 1 1 1 1 1 1 1 1 1 1 1 1 1 1 1 1 1 1 1 1 1 1 1 1 1 1 1 1 1 1 1 1 1 1 1 1 1 1 1 1 1 12 12 12 12 12 12 12 12 12 12 12 12 12 12 12 12 12 12 12 12 12 12 12 12 12 12 12 12 12 12 12 12 12 12 12 12 12 12 12 12 12 12 12 12 12 12 12 12 12 12 12 12 12 12 12 12 12 12 12 12 12 12 12 12 12 12 12 12 12 12 12 12 12 12 12 12 12 12 12 12 12 12 12 12 12 12 12 12 12 9 9 10 10 10 10 10 10 10 10 10 10 10 10 10 10 10 10 10 10 10 10 10 10 10 10 10 10 10 10 10 10 10 10 10 10 10 10 10 10 10 10 10 10 10 10 10 10 10 10 10 10 10 10 10 10 10 10 10 10 10 10 10 10 10 10 10 10 10 10 10 10 10 10 10 10 10 10 10 10 10 10 10 10 10 10 10 10 10 10 10 11
ciInstanceKlass sun/misc/Unsafe 1 1 386 8 8 7 7 7 7 7 7 7 7 7 7 1 1 1 1 1 1 1 1 1 1 1 1 1 1 1 1 1 1 1 1 1 1 1 1 1 1 1 1 1 1 1 1 1 1 1 1 1 1 1 1 1 1 1 1 1 1 1 1 1 1 1 1 1 1 1 1 1 1 1 1 1 1 1 1 1 1 1 1 1 1 1 1 1 1 1 1 1 1 1 1 1 1 1 1 1 1 1 1 1 1 1 1 1 1 1 1 1 1 1 1 1 1 1 1 1 1 1 1 1 1 1 1 1 1 1 1 1 1 1 1 1 1 1 1 1 1 1 1 1 1 1 1 1 1 1 1 1 1 1 1 1 1 1 1 1 1 1 1 1 1 1 1 1 1 1 1 1 1 1 1 1 1 1 1 1 1 3 100 7 100 100 7 100 7 100 100 7 7 1 1 1 1 1 1 1 1 1 1 1 1 1 1 1 1 1 1 1 1 1 1 1 1 1 1 1 1 1 1 1 1 1 1 1 1 1 1 1 1 1 1 1 1 1 1 1 1 1 1 1 1 1 1 1 1 1 1 1 1 1 1 1 1 1 1 1 1 1 12 12 12 12 12 12 12 12 12 12 12 12 12 12 12 12 12 12 12 12 12 12 12 12 12 12 12 12 12 12 12 12 12 12 12 12 12 12 12 12 12 12 12 12 12 12 12 12 12 12 12 12 12 12 12 12 12 12 12 12 12 12 9 9 9 9 9 9 9 9 9 9 9 9 9 9 9 9 9 9 9 9 10 10 10 10 10 10 10 10 10 10 10 10 10 10 10 10 10 10 10 10 10 10 10 10 10 10 10 10 10 10 10 10 10 10 10 10 10 10 10 10 10 10 10 10
staticfield sun/misc/Unsafe theUnsafe Lsun/misc/Unsafe; sun/misc/Unsafe
staticfield sun/misc/Unsafe ARRAY_BOOLEAN_BASE_OFFSET I 16
staticfield sun/misc/Unsafe ARRAY_BYTE_BASE_OFFSET I 16
staticfield sun/misc/Unsafe ARRAY_SHORT_BASE_OFFSET I 16
staticfield sun/misc/Unsafe ARRAY_CHAR_BASE_OFFSET I 16
staticfield sun/misc/Unsafe ARRAY_INT_BASE_OFFSET I 16
staticfield sun/misc/Unsafe ARRAY_LONG_BASE_OFFSET I 16
staticfield sun/misc/Unsafe ARRAY_FLOAT_BASE_OFFSET I 16
staticfield sun/misc/Unsafe ARRAY_DOUBLE_BASE_OFFSET I 16
staticfield sun/misc/Unsafe ARRAY_OBJECT_BASE_OFFSET I 16
staticfield sun/misc/Unsafe ARRAY_BOOLEAN_INDEX_SCALE I 1
staticfield sun/misc/Unsafe ARRAY_BYTE_INDEX_SCALE I 1
staticfield sun/misc/Unsafe ARRAY_SHORT_INDEX_SCALE I 2
staticfield sun/misc/Unsafe ARRAY_CHAR_INDEX_SCALE I 2
staticfield sun/misc/Unsafe ARRAY_INT_INDEX_SCALE I 4
staticfield sun/misc/Unsafe ARRAY_LONG_INDEX_SCALE I 8
staticfield sun/misc/Unsafe ARRAY_FLOAT_INDEX_SCALE I 4
staticfield sun/misc/Unsafe ARRAY_DOUBLE_INDEX_SCALE I 8
staticfield sun/misc/Unsafe ARRAY_OBJECT_INDEX_SCALE I 4
staticfield sun/misc/Unsafe ADDRESS_SIZE I 8
instanceKlass java/util/jar/JarVerifier$VerifierStream
instanceKlass java/util/zip/ZipFile$ZipFileInputStream
instanceKlass java/io/FilterInputStream
instanceKlass java/io/FileInputStream
instanceKlass java/io/ByteArrayInputStream
ciInstanceKlass java/io/InputStream 1 1 58 8 1 1 1 1 1 1 1 1 1 1 1 1 1 1 1 1 1 1 1 1 1 1 1 1 1 1 1 1 1 1 1 1 1 3 5 0 100 100 100 7 100 100 100 7 12 12 12 12 12 10 10 10 10 10 10 10
instanceKlass sun/security/util/DerInputBuffer
ciInstanceKlass java/io/ByteArrayInputStream 1 1 59 1 1 1 1 1 1 1 1 1 1 1 1 1 1 1 1 1 1 1 1 1 1 1 1 1 1 1 1 1 1 1 1 1 1 7 100 7 100 7 100 7 1 12 12 12 12 12 12 12 9 9 9 9 10 10 10 10 10
ciInstanceKlass java/io/File 1 1 575 8 8 8 8 8 8 8 8 8 8 8 8 8 8 8 8 8 8 8 7 1 1 1 1 1 1 1 1 1 1 1 1 1 1 1 1 1 1 1 1 1 1 1 1 1 1 1 1 1 1 1 1 1 1 1 1 1 1 1 1 1 1 1 1 1 1 1 1 1 1 1 1 1 1 1 1 1 1 1 1 1 1 1 1 1 1 1 1 1 1 1 1 1 1 1 1 1 1 1 1 1 1 1 1 1 1 1 1 1 1 1 1 1 1 1 1 1 1 1 1 1 1 1 1 1 1 1 1 1 1 1 1 1 1 1 1 1 1 1 1 1 1 1 1 1 1 1 1 1 1 1 1 1 1 1 1 1 1 1 1 1 1 1 1 1 1 1 1 1 1 1 1 1 1 1 1 1 1 1 1 1 1 1 1 1 1 1 1 1 1 1 1 1 1 1 1 1 1 1 1 1 1 1 1 1 1 1 1 1 1 1 1 1 1 1 1 1 1 1 1 1 1 1 1 1 1 1 1 1 1 1 1 1 1 1 5 0 100 100 7 100 7 100 100 7 100 100 100 100 100 100 100 7 100 100 100 100 100 7 100 100 100 100 7 7 7 100 100 7 100 100 7 7 100 100 100 7 1 1 1 1 1 1 1 1 1 1 1 1 1 1 1 1 1 1 1 1 1 1 1 1 1 1 1 1 1 1 1 1 1 1 1 1 1 1 1 1 1 1 1 1 1 1 1 1 1 1 1 1 1 1 12 12 12 12 12 12 12 12 12 12 12 12 12 12 12 12 12 12 12 12 12 12 12 12 12 12 12 12 12 12 12 12 12 12 12 12 12 12 12 12 12 12 12 12 12 12 12 12 12 12 12 12 12 12 12 12 12 12 12 12 12 12 12 12 12 12 12 12 12 12 12 12 12 12 12 12 12 12 12 12 12 12 12 12 12 12 12 12 12 12 12 12 12 12 12 12 12 12 12 12 12 12 12 12 12 12 12 12 12 12 12 12 12 12 9 9 9 9 9 9 9 9 9 9 9 9 9 9 9 10 10 10 10 10 10 10 10 10 10 10 10 10 10 10 10 10 10 10 10 10 10 10 10 10 10 10 10 10 10 10 10 10 10 10 10 10 10 10 10 10 10 10 10 10 10 10 10 10 10 10 10 10 10 10 10 10 10 10 10 10 10 10 10 10 10 10 10 10 10 10 10 10 10 10 10 10 10 10 10 10 10 10 10 10 10 10 10 10 10 10 10 10 10 10 10 10 10 10 10 10 10 10 10 10 10 11 11 11 11 11 1 1 1
staticfield java/io/File fs Ljava/io/FileSystem; java/io/WinNTFileSystem
staticfield java/io/File separatorChar C 92
staticfield java/io/File separator Ljava/lang/String; "\"
staticfield java/io/File pathSeparatorChar C 59
staticfield java/io/File pathSeparator Ljava/lang/String; ";"
staticfield java/io/File PATH_OFFSET J 16
staticfield java/io/File PREFIX_LENGTH_OFFSET J 12
staticfield java/io/File UNSAFE Lsun/misc/Unsafe; sun/misc/Unsafe
staticfield java/io/File $assertionsDisabled Z 1
instanceKlass sun/misc/Launcher$ExtClassLoader
instanceKlass sun/misc/Launcher$AppClassLoader
ciInstanceKlass java/net/URLClassLoader 1 1 524 8 8 8 8 8 8 8 8 8 8 8 8 1 1 1 1 1 1 1 1 1 1 1 1 1 1 1 1 1 1 1 1 1 1 1 1 1 1 1 1 1 1 1 1 1 1 1 1 1 1 1 1 1 1 1 1 1 1 1 1 1 1 1 1 1 1 1 1 1 1 1 1 1 1 1 1 1 1 1 1 1 1 1 1 1 1 1 1 1 1 1 1 1 1 1 1 1 1 1 1 1 1 1 1 1 1 1 1 1 1 1 1 1 1 1 1 1 1 1 1 1 1 1 1 1 1 1 1 1 1 1 1 1 1 1 1 1 1 1 1 1 1 1 1 1 1 1 1 1 1 1 1 1 1 1 1 1 1 1 1 1 1 1 1 1 1 1 1 1 1 1 1 1 1 1 1 1 1 1 1 1 1 1 1 1 1 1 1 1 1 1 1 100 100 7 7 100 100 100 7 7 7 100 100 7 100 100 100 7 100 7 100 7 100 7 7 7 7 7 100 100 100 7 7 100 100 100 7 7 7 7 100 7 100 100 100 7 7 7 100 7 7 7 7 7 7 100 100 1 1 1 1 1 1 1 1 1 1 1 1 1 1 1 1 1 1 1 1 1 1 1 1 1 1 1 1 1 1 1 1 1 1 1 1 1 1 1 1 1 1 1 1 1 1 1 1 1 1 1 1 1 1 1 1 1 1 1 1 1 1 1 1 1 1 1 1 1 1 12 12 12 12 12 12 12 12 12 12 12 12 12 12 12 12 12 12 12 12 12 12 12 12 12 12 12 12 12 12 12 12 12 12 12 12 12 12 12 12 12 12 12 12 12 12 12 12 12 12 12 12 12 12 12 12 12 12 12 12 12 12 12 12 12 12 12 12 12 12 12 12 12 12 12 12 12 12 12 12 12 12 12 12 12 12 12 12 12 12 12 12 12 12 12 12 12 12 9 9 9 9 9 9 9 9 9 9 9 9 10 10 10 10 10 10 10 10 10 10 10 10 10 10 10 10 10 10 10 10 10 10 10 10 10 10 10 10 10 10 10 10 10 10 10 10 10 10 10 10 10 10 10 10 10 10 10 10 10 10 10 10 10 10 10 10 10 10 10 10 10 10 10 10 10 10 10 10 10 10 10 10 10 10 10 10 10 10 10 10 10 10 10 10 10 10 11 11 11 11 11 11 11 11 11
ciInstanceKlass java/net/URL 1 1 570 8 8 8 8 8 8 8 8 8 8 8 8 8 8 8 8 8 8 8 8 8 8 8 8 8 8 7 1 1 1 1 1 1 1 1 1 1 1 1 1 1 1 1 1 1 1 1 1 1 1 1 1 1 1 1 1 1 1 1 1 1 1 1 1 1 1 1 1 1 1 1 1 1 1 1 1 1 1 1 1 1 1 1 1 1 1 1 1 1 1 1 1 1 1 1 1 1 1 1 1 1 1 1 1 1 1 1 1 1 1 1 1 1 1 1 1 1 1 1 1 1 1 1 1 1 1 1 1 1 1 1 1 1 1 1 1 1 1 1 1 1 1 1 1 1 1 1 1 1 1 1 1 1 1 1 1 1 1 1 1 1 1 1 1 1 1 1 1 1 1 1 1 1 1 1 1 1 1 1 1 1 1 1 1 1 1 1 1 1 1 1 1 1 1 1 1 1 1 1 1 1 1 1 1 1 1 1 1 1 1 1 1 1 1 1 1 1 1 1 1 1 1 1 1 1 1 1 1 1 5 0 100 100 100 100 100 100 7 100 7 7 100 100 100 100 100 7 7 100 7 7 100 100 100 7 7 7 7 7 100 7 100 7 100 100 7 7 7 100 7 7 7 100 1 1 1 1 1 1 1 1 1 1 1 1 1 1 1 1 1 1 1 1 1 1 1 1 1 1 1 1 1 1 1 1 1 1 1 1 1 1 1 1 1 1 1 1 1 1 1 1 1 1 1 1 1 1 12 12 12 12 12 12 12 12 12 12 12 12 12 12 12 12 12 12 12 12 12 12 12 12 12 12 12 12 12 12 12 12 12 12 12 12 12 12 12 12 12 12 12 12 12 12 12 12 12 12 12 12 12 12 12 12 12 12 12 12 12 12 12 12 12 12 12 12 12 12 12 12 12 12 12 12 12 12 12 12 12 12 12 12 12 12 12 12 12 12 12 12 12 12 12 12 12 12 12 12 12 12 12 12 12 12 12 12 12 12 12 12 12 9 9 9 9 9 9 9 9 9 9 9 9 9 9 9 9 9 9 9 9 9 10 10 10 10 10 10 10 10 10 10 10 10 10 10 10 10 10 10 10 10 10 10 10 10 10 10 10 10 10 10 10 10 10 10 10 10 10 10 10 10 10 10 10 10 10 10 10 10 10 10 10 10 10 10 10 10 10 10 10 10 10 10 10 10 10 10 10 10 10 10 10 10 10 10 10 10 10 10 10 10 10 10 10 10 10 10 10 10 10 10 10 10 10 10 10 10 10 10 10 10 10 10 10 10 10 10 11 1
staticfield java/net/URL serialPersistentFields [Ljava/io/ObjectStreamField; 7 [Ljava/io/ObjectStreamField;
ciInstanceKlass java/util/jar/Manifest 1 1 253 8 8 8 8 8 8 8 1 1 1 1 1 1 1 1 1 1 1 1 1 1 1 1 1 1 1 1 1 1 1 1 1 1 1 1 1 1 1 1 1 1 1 1 1 1 1 1 1 1 1 1 1 1 1 1 1 1 1 1 1 1 1 1 1 1 1 1 1 1 1 1 1 1 1 1 1 1 1 1 1 1 1 1 1 1 1 1 1 1 1 1 1 1 1 1 1 1 1 100 100 100 100 100 100 7 7 100 7 100 100 7 7 100 7 100 100 7 100 7 7 1 1 1 1 1 1 1 1 1 1 1 1 1 1 1 1 1 1 1 1 1 1 1 1 1 12 12 12 12 12 12 12 12 12 12 12 12 12 12 12 12 12 12 12 12 12 12 12 12 12 12 12 12 12 12 12 12 12 12 12 12 12 12 12 12 12 12 12 12 12 12 12 12 9 9 9 10 10 10 10 10 10 10 10 10 10 10 10 10 10 10 10 10 10 10 10 10 10 10 10 10 10 10 10 10 10 10 10 10 10 10 10 10 10 10 10 10 10 10 11 11 11 11 11 11 11 11 11 11 11 11 1
ciInstanceKlass sun/misc/Launcher 1 1 215 8 8 8 8 8 8 8 8 1 1 1 1 1 1 1 1 1 1 1 1 1 1 1 1 1 1 1 1 1 1 1 1 1 1 1 1 1 1 1 1 1 1 1 1 1 1 1 1 1 1 1 1 1 1 1 1 1 1 1 1 1 1 1 1 1 1 1 1 1 1 1 1 1 1 1 1 1 1 1 1 1 1 1 1 1 1 1 1 1 1 1 1 1 100 100 7 100 100 100 100 100 100 100 100 7 100 7 100 7 7 100 7 7 100 7 7 7 7 7 1 1 1 1 1 1 1 1 1 1 1 1 1 1 1 1 1 1 1 1 1 1 1 12 12 12 12 12 12 12 12 12 12 12 12 12 12 12 12 12 12 12 12 12 12 12 12 12 12 12 12 12 12 12 12 9 9 9 9 9 9 10 10 10 10 10 10 10 10 10 10 10 10 10 10 10 10 10 10 10 10 10 10 10 10 10 10 10 10 10 10 1 1 1 1
ciInstanceKlass sun/misc/Launcher$AppClassLoader 1 1 198 8 8 7 1 1 1 1 1 1 1 1 1 1 1 1 1 1 1 1 1 1 1 1 1 1 1 1 1 1 1 1 1 1 1 1 1 1 1 1 1 1 1 1 1 1 1 1 1 1 1 1 1 1 1 1 1 1 1 1 1 1 1 1 1 1 1 1 1 1 1 1 1 1 1 1 1 1 100 100 100 100 100 7 7 100 7 100 7 7 100 100 7 100 7 100 7 100 7 7 7 100 7 7 1 1 1 1 1 1 1 1 1 1 1 1 1 1 1 1 1 1 1 1 1 1 1 1 1 12 12 12 12 12 12 12 12 12 12 12 12 12 12 12 12 12 12 12 12 12 12 12 12 12 12 12 12 12 12 12 12 12 9 9 10 10 10 10 10 10 10 10 10 10 10 10 10 10 10 10 10 10 10 10 10 10 10 10 10 10 10 10 10 10 10 10 11 1
staticfield sun/misc/Launcher$AppClassLoader $assertionsDisabled Z 1
ciInstanceKlass sun/misc/Launcher$ExtClassLoader 1 1 240 8 8 8 7 1 1 1 1 1 1 1 1 1 1 1 1 1 1 1 1 1 1 1 1 1 1 1 1 1 1 1 1 1 1 1 1 1 1 1 1 1 1 1 1 1 1 1 1 1 1 1 1 1 1 1 1 1 1 1 1 1 1 1 1 1 1 1 1 1 1 1 1 1 1 1 1 1 1 1 1 1 1 1 1 1 1 1 1 1 1 1 1 100 100 100 100 7 100 7 100 7 7 100 7 100 7 7 100 100 100 7 100 100 100 7 7 7 7 7 100 7 7 7 1 1 1 1 1 1 1 1 1 1 1 1 1 1 1 1 1 1 1 1 1 1 1 1 1 1 1 12 12 12 12 12 12 12 12 12 12 12 12 12 12 12 12 12 12 12 12 12 12 12 12 12 12 12 12 12 12 12 12 12 12 12 12 12 12 12 12 12 12 12 9 9 10 10 10 10 10 10 10 10 10 10 10 10 10 10 10 10 10 10 10 10 10 10 10 10 10 10 10 10 10 10 10 10 10 10 10 10 10 10 10 10 10 11 11 1
ciInstanceKlass java/security/CodeSource 1 1 321 8 8 8 8 8 8 8 8 8 8 8 8 8 8 1 1 1 1 1 1 1 1 1 1 1 1 1 1 1 1 1 1 1 1 1 1 1 1 1 1 1 1 1 1 1 1 1 1 1 1 1 1 1 1 1 1 1 1 1 1 1 1 1 1 1 1 1 1 1 1 1 1 1 1 1 1 1 1 1 1 1 1 1 1 1 1 1 1 1 1 1 1 1 1 1 1 1 1 1 1 1 1 1 1 1 1 1 1 1 1 1 1 1 1 1 1 1 1 1 1 1 1 1 1 1 1 1 1 1 1 1 1 1 1 5 0 100 7 7 100 100 100 100 100 100 7 100 100 100 7 7 7 7 100 100 100 100 100 7 100 100 100 1 1 1 1 1 1 1 1 1 1 1 1 1 1 1 1 1 1 1 1 1 1 1 1 1 12 12 12 12 12 12 12 12 12 12 12 12 12 12 12 12 12 12 12 12 12 12 12 12 12 12 12 12 12 12 12 12 12 12 12 12 12 12 12 12 12 12 12 12 12 12 12 12 12 12 12 12 12 12 12 12 12 12 12 12 12 9 9 9 9 9 10 10 10 10 10 10 10 10 10 10 10 10 10 10 10 10 10 10 10 10 10 10 10 10 10 10 10 10 10 10 10 10 10 10 10 10 10 10 10 10 10 10 10 10 10 10 10 10 10 10 10 10 10 10 10 10 10 10 10 10 10 10 10 11 11 11 11
ciInstanceKlass java/lang/StackTraceElement 0 0 95 8 8 8 8 8 8 8 8 1 1 1 1 1 1 1 1 1 1 1 1 1 1 1 1 1 1 1 1 1 1 1 1 1 1 1 1 1 1 1 1 1 1 1 1 1 1 1 1 1 5 0 100 100 100 100 100 100 1 1 1 1 1 1 12 12 12 12 12 12 12 12 12 12 12 12 12 12 12 9 9 9 9 10 10 10 10 10 10 10 10 10 10 10 10
instanceKlass java/nio/LongBuffer
instanceKlass java/nio/CharBuffer
instanceKlass java/nio/ByteBuffer
ciInstanceKlass java/nio/Buffer 1 1 100 8 8 8 8 1 1 1 1 1 1 1 1 1 1 1 1 1 1 1 1 1 1 1 1 1 1 1 1 1 1 1 1 1 1 1 1 1 1 1 1 1 1 1 1 1 1 1 1 1 1 1 1 1 1 1 1 1 1 3 100 100 7 100 7 100 100 100 1 1 1 1 12 12 12 12 12 12 12 12 12 12 12 9 9 9 9 10 10 10 10 10 10 10 10 10 10 10 10 10
ciInstanceKlass java/lang/Boolean 1 1 107 8 8 8 1 1 1 1 1 1 1 1 1 1 1 1 1 1 1 1 1 1 1 1 1 1 1 1 1 1 1 1 1 1 1 1 1 1 1 1 1 1 1 1 1 1 1 1 1 1 1 1 1 1 1 1 1 1 1 5 0 100 7 7 100 100 100 7 100 7 7 1 1 1 1 1 1 1 1 12 12 12 12 12 12 12 12 12 12 12 12 12 12 9 9 9 9 10 10 10 10 10 10 10 10 10 10
staticfield java/lang/Boolean TRUE Ljava/lang/Boolean; java/lang/Boolean
staticfield java/lang/Boolean FALSE Ljava/lang/Boolean; java/lang/Boolean
staticfield java/lang/Boolean TYPE Ljava/lang/Class; java/lang/Class
ciInstanceKlass java/lang/Character 1 1 456 3 3 3 3 3 3 3 3 8 8 7 1 1 1 1 1 1 1 1 1 1 1 1 1 1 1 1 1 1 1 1 1 1 1 1 1 1 1 1 1 1 1 1 1 1 1 1 1 1 1 1 1 1 1 1 1 1 1 1 1 1 1 1 1 1 1 1 1 1 1 1 1 1 1 1 1 1 1 1 1 1 1 1 1 1 1 1 1 1 1 1 1 1 1 1 1 1 1 1 1 1 1 1 1 1 1 1 1 1 1 1 1 1 1 1 1 1 1 1 1 1 1 1 1 1 1 1 1 1 1 1 1 1 1 1 1 1 1 1 1 1 1 1 1 1 1 1 1 1 1 1 1 1 1 1 1 1 1 1 1 1 1 1 1 1 1 1 1 1 1 1 1 1 1 1 1 1 1 1 1 1 1 1 1 1 1 1 1 1 1 1 1 1 1 1 1 1 1 1 1 1 1 1 1 1 1 1 1 1 1 1 1 1 1 1 1 1 1 1 1 1 1 3 3 3 3 3 3 3 3 3 3 3 3 3 3 3 3 3 3 3 3 3 3 3 3 3 3 3 3 3 3 3 3 3 3 3 3 3 5 0 5 0 100 100 7 7 100 100 100 7 100 7 100 100 100 100 7 100 100 100 1 1 1 1 1 1 1 1 1 1 1 1 1 1 1 12 12 12 12 12 12 12 12 12 12 12 12 12 12 12 12 12 12 12 12 12 12 12 12 12 12 12 12 12 12 12 12 12 12 12 12 12 12 12 12 12 12 12 12 12 12 12 12 12 12 12 12 12 12 12 12 12 12 12 12 12 12 12 12 12 12 12 12 9 9 9 9 9 10 10 10 10 10 10 10 10 10 10 10 10 10 10 10 10 10 10 10 10 10 10 10 10 10 10 10 10 10 10 10 10 10 10 10 10 10 10 10 10 10 10 10 10 10 10 10 10 10 10 10 10 10 10 10 10 10 10 10 10 10 10 10 10 10 10 10 10 10 10 10 10 10 10 10 10 10 10 10 10 11 11 1 1 1 1
staticfield java/lang/Character TYPE Ljava/lang/Class; java/lang/Class
staticfield java/lang/Character $assertionsDisabled Z 1
instanceKlass java/math/BigInteger
instanceKlass scala/math/ScalaNumber
instanceKlass java/util/concurrent/atomic/AtomicLong
instanceKlass java/util/concurrent/atomic/AtomicInteger
instanceKlass java/lang/Long
instanceKlass java/lang/Integer
instanceKlass java/lang/Short
instanceKlass java/lang/Byte
instanceKlass java/lang/Double
instanceKlass java/lang/Float
ciInstanceKlass java/lang/Number 1 1 31 1 1 1 1 1 1 1 1 1 1 1 1 1 1 1 1 1 1 1 1 1 5 0 100 100 7 12 12 10 10
ciInstanceKlass java/lang/Float 1 1 166 3 3 3 4 4 4 4 8 8 8 1 1 1 1 1 1 1 1 1 1 1 1 1 1 1 1 1 1 1 1 1 1 1 1 1 1 1 1 1 1 1 1 1 1 1 1 1 1 1 1 1 1 1 1 1 1 1 1 1 1 1 1 1 1 1 1 1 1 1 1 1 1 1 1 1 1 1 1 1 1 1 1 1 1 1 1 1 1 1 1 1 1 1 1 1 1 3 3 3 3 4 4 5 0 7 100 100 7 100 100 100 100 7 1 1 1 1 1 1 1 1 1 12 12 12 12 12 12 12 12 12 12 12 12 12 12 12 12 12 12 12 12 12 9 9 10 10 10 10 10 10 10 10 10 10 10 10 10 10 10 10 10 10 10 10
staticfield java/lang/Float TYPE Ljava/lang/Class; java/lang/Class
ciInstanceKlass java/lang/Double 1 1 220 8 8 8 8 8 8 8 8 8 8 1 1 1 1 1 1 1 1 1 1 1 1 1 1 1 1 1 1 1 1 1 1 1 1 1 1 1 1 1 1 1 1 1 1 1 1 1 1 1 1 1 1 1 1 1 1 1 1 1 1 1 1 1 1 1 1 1 1 1 1 1 1 1 1 1 1 1 1 1 1 1 1 1 1 1 1 1 1 1 1 1 1 1 1 1 1 1 1 1 1 1 1 1 1 1 1 1 1 1 3 3 3 3 5 0 5 0 5 0 5 0 5 0 6 0 6 0 6 0 6 0 6 0 6 0 6 0 7 100 7 100 100 100 100 100 100 7 1 1 1 1 1 1 1 1 1 1 1 12 12 12 12 12 12 12 12 12 12 12 12 12 12 12 12 12 12 12 12 12 12 12 12 12 12 12 12 12 12 9 9 10 10 10 10 10 10 10 10 10 10 10 10 10 10 10 10 10 10 10 10 10 10 10 10 10 10 10 10 10
staticfield java/lang/Double TYPE Ljava/lang/Class; java/lang/Class
ciInstanceKlass java/lang/Byte 1 1 150 8 8 8 8 8 1 1 1 1 1 1 1 1 1 1 1 1 1 1 1 1 1 1 1 1 1 1 1 1 1 1 1 1 1 1 1 1 1 1 1 1 1 1 1 1 1 1 1 1 1 1 1 1 1 1 1 1 1 1 1 1 1 1 1 1 1 1 1 1 1 1 1 1 1 1 3 3 3 3 5 0 5 0 7 7 7 100 7 7 100 100 1 1 1 1 1 1 1 1 1 1 1 1 1 1 12 12 12 12 12 12 12 12 12 12 12 12 12 12 12 12 12 12 12 12 12 9 9 9 10 10 10 10 10 10 10 10 10 10 10 10 10 10 10 10 10 10 10 1
staticfield java/lang/Byte TYPE Ljava/lang/Class; java/lang/Class
ciInstanceKlass java/lang/Short 1 1 156 3 3 8 8 8 8 8 1 1 1 1 1 1 1 1 1 1 1 1 1 1 1 1 1 1 1 1 1 1 1 1 1 1 1 1 1 1 1 1 1 1 1 1 1 1 1 1 1 1 1 1 1 1 1 1 1 1 1 1 1 1 1 1 1 1 1 1 1 1 1 1 1 1 1 1 1 1 1 1 3 3 3 3 5 0 5 0 7 100 100 100 100 7 100 100 1 1 1 1 1 1 1 1 1 1 1 1 1 1 12 12 12 12 12 12 12 12 12 12 12 12 12 12 12 12 12 12 12 12 12 12 9 9 9 10 10 10 10 10 10 10 10 10 10 10 10 10 10 10 10 10 10 10 10 1
staticfield java/lang/Short TYPE Ljava/lang/Class; java/lang/Class
ciInstanceKlass java/lang/Integer 1 1 306 3 3 3 3 3 3 3 3 3 3 3 3 3 3 3 8 8 8 8 8 8 8 8 8 8 8 8 8 8 8 8 1 1 1 1 1 1 1 1 1 1 1 1 1 1 1 1 1 1 1 1 1 1 1 1 1 1 1 1 1 1 1 1 1 1 1 1 1 1 1 1 1 1 1 1 1 1 1 1 1 1 1 1 1 1 1 1 1 1 1 1 1 1 1 1 1 1 1 1 1 1 1 1 1 1 1 1 1 1 1 1 1 1 1 1 1 1 1 1 1 1 1 1 1 1 1 1 1 1 1 1 1 1 1 1 1 1 1 1 1 1 1 1 1 1 1 1 1 1 1 1 1 1 1 1 1 1 1 1 1 1 1 1 1 1 1 1 3 3 5 0 5 0 5 0 100 7 7 100 100 7 7 100 100 100 7 100 100 100 7 100 7 1 1 1 1 1 1 1 1 1 1 1 1 1 1 1 1 1 12 12 12 12 12 12 12 12 12 12 12 12 12 12 12 12 12 12 12 12 12 12 12 12 12 12 12 12 12 12 12 12 12 12 12 12 12 12 12 12 12 12 12 12 12 12 12 9 9 9 9 9 9 9 9 10 10 10 10 10 10 10 10 10 10 10 10 10 10 10 10 10 10 10 10 10 10 10 10 10 10 10 10 10 10 10 10 10 10 10 10 10 10 10 10 1
staticfield java/lang/Integer TYPE Ljava/lang/Class; java/lang/Class
staticfield java/lang/Integer digits [C 36
staticfield java/lang/Integer DigitTens [C 100
staticfield java/lang/Integer DigitOnes [C 100
staticfield java/lang/Integer sizeTable [I 10
ciInstanceKlass java/lang/Long 1 1 353 3 3 8 8 8 8 8 8 8 8 8 8 8 8 8 8 8 8 8 1 1 1 1 1 1 1 1 1 1 1 1 1 1 1 1 1 1 1 1 1 1 1 1 1 1 1 1 1 1 1 1 1 1 1 1 1 1 1 1 1 1 1 1 1 1 1 1 1 1 1 1 1 1 1 1 1 1 1 1 1 1 1 1 1 1 1 1 1 1 1 1 1 1 1 1 1 1 1 1 1 1 1 1 1 1 1 1 1 1 1 1 1 1 1 1 1 1 1 1 1 1 1 1 1 1 1 1 1 1 1 1 1 1 1 1 1 1 1 1 1 1 1 1 1 1 1 1 1 1 1 1 1 1 1 1 1 1 1 1 1 1 3 3 5 0 5 0 5 0 5 0 5 0 5 0 5 0 5 0 5 0 5 0 5 0 5 0 5 0 5 0 5 0 100 7 7 100 100 7 7 7 7 100 7 100 100 100 7 100 100 100 1 1 1 1 1 1 1 1 1 1 1 1 1 1 1 1 1 1 1 1 1 1 12 12 12 12 12 12 12 12 12 12 12 12 12 12 12 12 12 12 12 12 12 12 12 12 12 12 12 12 12 12 12 12 12 12 12 12 12 12 12 12 12 12 12 12 12 12 12 12 12 12 12 12 12 12 12 12 12 12 9 9 9 9 9 9 10 10 10 10 10 10 10 10 10 10 10 10 10 10 10 10 10 10 10 10 10 10 10 10 10 10 10 10 10 10 10 10 10 10 10 10 10 10 10 10 10 10 10 10 10 10 10 10 10 10 10 10 10 10 1
staticfield java/lang/Long TYPE Ljava/lang/Class; java/lang/Class
ciInstanceKlass java/lang/NullPointerException 1 1 18 1 1 1 1 1 1 1 1 1 5 0 100 100 12 12 10 10
ciInstanceKlass java/lang/ArithmeticException 1 1 18 1 1 1 1 1 1 1 1 1 5 0 100 100 12 12 10 10
ciInstanceKlass java/util/List 1 1 109 1 1 1 1 1 1 1 1 1 1 1 1 1 1 1 1 1 1 1 1 1 1 1 1 1 1 1 1 1 1 1 1 1 1 1 1 1 1 1 1 1 1 1 1 1 1 1 1 1 1 100 100 100 100 100 100 100 100 100 100 1 1 1 1 1 1 1 1 1 1 1 1 1 1 1 1 1 1 1 1 1 1 1 1 1 1 1 1 1 1 12 12 12 12 12 12 12 12 12 10 10 10 11 11 11 11 11 11
instanceKlass java/util/LinkedHashMap$LinkedValues
instanceKlass java/util/AbstractQueue
instanceKlass java/util/HashMap$Values
instanceKlass java/util/ArrayDeque
instanceKlass java/util/AbstractSet
instanceKlass java/util/AbstractList
ciInstanceKlass java/util/AbstractCollection 1 1 140 3 3 8 8 8 1 1 1 1 1 1 1 1 1 1 1 1 1 1 1 1 1 1 1 1 1 1 1 1 1 1 1 1 1 1 1 1 1 1 1 1 1 1 1 1 1 1 1 1 1 1 1 1 1 1 1 1 1 1 1 1 1 1 100 100 7 100 100 100 100 100 7 100 7 7 100 1 1 1 1 1 1 1 1 1 1 1 1 1 1 1 1 1 12 12 12 12 12 12 12 12 12 12 12 12 12 12 12 12 12 12 12 12 12 10 10 10 10 10 10 10 10 10 10 10 10 10 10 10 10 10 10 10 10 11 11 11 11 11
instanceKlass scala/collection/convert/Wrappers$MutableBufferWrapper
instanceKlass sun/security/jca/ProviderList$ServiceList
instanceKlass sun/security/jca/ProviderList$3
instanceKlass java/util/Arrays$ArrayList
instanceKlass java/util/Collections$SingletonList
instanceKlass java/util/ArrayList$SubList
instanceKlass java/util/AbstractSequentialList
instanceKlass java/util/Collections$EmptyList
instanceKlass java/util/ArrayList
instanceKlass java/util/Vector
ciInstanceKlass java/util/AbstractList 1 1 164 8 8 1 1 1 1 1 1 1 1 1 1 1 1 1 1 1 1 1 1 1 1 1 1 1 1 1 1 1 1 1 1 1 1 1 1 1 1 1 1 1 1 1 1 1 1 1 1 1 1 1 1 1 1 1 1 1 1 1 1 1 1 1 1 1 1 100 7 100 100 7 7 100 7 100 100 7 7 7 100 100 100 1 1 1 1 1 1 1 1 1 1 1 1 1 1 1 1 1 1 1 1 12 12 12 12 12 12 12 12 12 12 12 12 12 12 12 12 12 12 12 12 12 12 12 12 12 12 9 10 10 10 10 10 10 10 10 10 10 10 10 10 10 10 10 10 10 10 10 10 11 11 11 11 11 11 11 11 11 11 11 1 1
ciInstanceKlass java/util/ArrayList 1 1 353 3 3 8 8 8 8 8 8 8 8 7 7 1 1 1 1 1 1 1 1 1 1 1 1 1 1 1 1 1 1 1 1 1 1 1 1 1 1 1 1 1 1 1 1 1 1 1 1 1 1 1 1 1 1 1 1 1 1 1 1 1 1 1 1 1 1 1 1 1 1 1 1 1 1 1 1 1 1 1 1 1 1 1 1 1 1 1 1 1 1 1 1 1 1 1 1 1 1 1 1 1 1 1 1 1 1 1 1 1 1 1 1 1 1 1 1 1 1 1 1 1 1 1 1 1 1 1 1 1 1 1 1 1 1 1 1 1 1 1 1 1 1 1 1 1 1 1 1 1 1 1 3 5 0 100 100 100 100 100 100 100 100 100 100 7 7 100 100 7 100 7 100 7 7 7 7 100 7 100 100 100 100 100 100 100 100 100 1 1 1 1 1 1 1 1 1 1 1 1 1 1 1 1 1 1 1 1 1 1 1 1 1 1 1 1 1 1 1 1 1 1 1 1 1 1 1 1 1 1 1 1 1 1 1 1 1 1 1 12 12 12 12 12 12 12 12 12 12 12 12 12 12 12 12 12 12 12 12 12 12 12 12 12 12 12 12 12 12 12 12 12 12 12 12 12 12 12 12 12 12 12 12 12 12 12 12 12 12 12 12 12 9 9 9 9 9 10 10 10 10 10 10 10 10 10 10 10 10 10 10 10 10 10 10 10 10 10 10 10 10 10 10 10 10 10 10 10 10 10 10 10 10 10 10 10 10 10 10 10 10 10 10 11 11 11 11 11 11 1 1 1 1
staticfield java/util/ArrayList EMPTY_ELEMENTDATA [Ljava/lang/Object; 0 [Ljava/lang/Object;
staticfield java/util/ArrayList DEFAULTCAPACITY_EMPTY_ELEMENTDATA [Ljava/lang/Object; 0 [Ljava/lang/Object;
ciInstanceKlass java/util/Set 1 1 45 1 1 1 1 1 1 1 1 1 1 1 1 1 1 1 1 1 1 1 1 1 1 1 1 1 1 100 100 100 100 1 1 1 1 1 1 1 1 1 1 1 1 12 10
instanceKlass java/util/Hashtable$KeySet
instanceKlass java/util/EnumSet
instanceKlass scala/collection/convert/Wrappers$MapWrapper$$anon$1
instanceKlass sun/util/resources/ParallelListResourceBundle$KeySet
instanceKlass java/util/LinkedHashMap$LinkedEntrySet
instanceKlass java/util/IdentityHashMap$KeySet
instanceKlass java/util/Collections$SingletonSet
instanceKlass java/util/LinkedHashMap$LinkedKeySet
instanceKlass java/lang/ProcessEnvironment$CheckedEntrySet
instanceKlass java/util/HashMap$KeySet
instanceKlass java/util/HashMap$EntrySet
instanceKlass java/util/HashSet
instanceKlass java/util/WeakHashMap$KeySet
instanceKlass java/util/Collections$SetFromMap
instanceKlass java/util/Hashtable$EntrySet
instanceKlass java/util/Collections$EmptySet
ciInstanceKlass java/util/AbstractSet 1 1 68 1 1 1 1 1 1 1 1 1 1 1 1 1 1 1 1 1 1 1 1 1 1 1 1 1 1 1 1 1 1 100 100 100 7 7 7 7 7 100 1 1 1 1 12 12 12 12 12 12 12 12 12 12 12 10 10 10 10 10 10 10 11 11 11 11 11 11
instanceKlass scala/collection/convert/Wrappers$MapWrapper
instanceKlass java/util/IdentityHashMap
instanceKlass java/util/Collections$SingletonMap
instanceKlass java/util/TreeMap
instanceKlass java/util/concurrent/ConcurrentHashMap
instanceKlass sun/util/PreHashedMap
instanceKlass java/util/WeakHashMap
instanceKlass java/util/HashMap
instanceKlass java/util/Collections$EmptyMap
ciInstanceKlass java/util/AbstractMap 1 1 149 8 8 1 1 1 1 1 1 1 1 1 1 1 1 1 1 1 1 1 1 1 1 1 1 1 1 1 1 1 1 1 1 1 1 1 1 1 1 1 1 1 1 1 1 1 1 1 1 1 1 1 1 1 1 1 1 1 1 1 100 100 100 7 100 100 7 100 100 100 100 100 7 7 7 7 1 1 1 1 1 1 1 1 1 1 1 1 1 1 1 1 1 1 1 12 12 12 12 12 12 12 12 12 12 12 12 12 12 12 12 12 12 12 12 12 12 12 9 9 10 10 10 10 10 10 10 10 10 10 10 10 10 10 11 11 11 11 11 11 11 11 11 11 11 11 11 1 1
instanceKlass org/antlr/v4/runtime/atn/Transition$1
instanceKlass java/lang/ProcessEnvironment
instanceKlass java/util/LinkedHashMap
ciInstanceKlass java/util/HashMap 1 1 479 3 3 4 4 4 4 4 8 8 8 100 100 100 1 1 1 1 1 1 1 1 1 1 1 1 1 1 1 1 1 1 1 1 1 1 1 1 1 1 1 1 1 1 1 1 1 1 1 1 1 1 1 1 1 1 1 1 1 1 1 1 1 1 1 1 1 1 1 1 1 1 1 1 1 1 1 1 1 1 1 1 1 1 1 1 1 1 1 1 1 1 1 1 1 1 1 1 1 1 1 1 1 1 1 1 1 1 1 1 1 1 1 1 1 1 1 1 1 1 1 1 1 1 1 1 1 1 1 1 1 1 1 1 1 1 1 1 1 1 1 1 1 1 1 1 1 1 1 1 1 1 1 1 1 1 1 1 1 1 1 1 1 1 1 1 1 1 1 1 1 1 1 1 1 1 1 1 1 1 1 1 1 1 1 1 1 1 1 3 3 3 3 5 0 100 7 100 100 100 100 100 100 100 100 100 7 100 100 100 100 7 100 100 100 7 100 100 7 100 7 100 100 100 100 7 100 7 7 100 100 7 7 7 7 7 100 100 100 100 100 1 1 1 1 1 1 1 1 1 1 1 1 1 1 1 1 1 1 1 1 1 1 1 1 1 1 1 1 1 1 1 1 1 1 1 1 1 1 1 1 1 1 1 1 1 1 1 1 1 1 1 1 1 1 1 1 1 1 1 1 1 1 1 1 1 1 1 1 1 1 1 1 12 12 12 12 12 12 12 12 12 12 12 12 12 12 12 12 12 12 12 12 12 12 12 12 12 12 12 12 12 12 12 12 12 12 12 12 12 12 12 12 12 12 12 12 12 12 12 12 12 12 12 12 12 12 12 12 12 12 12 12 12 12 12 12 12 12 12 12 12 12 12 12 12 9 9 9 9 9 9 9 9 9 9 9 9 9 9 10 10 10 10 10 10 10 10 10 10 10 10 10 10 10 10 10 10 10 10 10 10 10 10 10 10 10 10 10 10 10 10 10 10 10 10 10 10 10 10 10 10 10 10 10 10 10 10 10 10 10 10 10 11 11 11 11 11 11 11 11 11 11 11 11 11 11 1 1 1 1 1 1 1 1 1 1 1 1
ciInstanceKlass java/util/Map$Entry 1 0 152 8 8 8 8 8 8 8 8 8 8 8 1 1 1 1 1 1 1 1 1 1 1 1 1 1 1 1 1 1 1 1 1 1 1 1 1 1 1 1 1 1 1 1 1 1 1 1 1 1 1 1 1 1 1 1 1 1 1 1 1 1 1 1 1 1 1 1 1 3 3 100 100 100 100 100 100 100 100 100 100 100 100 100 1 1 1 1 1 1 1 1 1 1 1 12 12 12 12 12 12 12 12 12 12 12 12 12 12 12 12 12 12 12 12 12 12 12 10 10 10 10 10 10 10 10 10 10 10 10 10 10 11 11 11 11 11 11 11 11 15 15 15 15 15 16 16 18 18 18 18 1
instanceKlass java/util/LinkedHashMap$Entry
ciInstanceKlass java/util/HashMap$Node 1 1 82 8 1 1 1 1 1 1 1 1 1 1 1 1 1 1 1 1 1 1 1 1 1 1 1 1 1 1 1 1 1 1 1 1 1 1 1 1 1 1 1 7 100 100 7 100 100 100 1 1 1 1 1 1 1 1 1 12 12 12 12 12 12 12 12 12 12 12 12 9 9 9 9 10 10 10 10 10 10 10 11 11
ciInstanceKlass java/lang/Math 1 1 278 3 3 3 3 3 3 4 4 4 4 4 8 8 7 1 1 1 1 1 1 1 1 1 1 1 1 1 1 1 1 1 1 1 1 1 1 1 1 1 1 1 1 1 1 1 1 1 1 1 1 1 1 1 1 1 1 1 1 1 1 1 1 1 1 1 1 1 1 1 1 1 1 1 1 1 1 1 1 1 1 1 1 1 1 1 1 1 1 1 1 1 1 1 1 1 1 1 1 1 1 1 1 1 1 1 1 1 1 1 1 1 1 1 1 1 1 1 1 1 1 1 1 1 5 0 5 0 5 0 5 0 5 0 5 0 5 0 5 0 5 0 5 0 6 0 6 0 6 0 6 0 6 0 6 0 6 0 6 0 6 0 100 100 7 7 7 100 100 7 100 1 12 12 12 12 12 12 12 12 12 12 12 12 12 12 12 12 12 12 12 12 12 12 12 12 12 12 12 12 12 12 12 12 12 12 12 12 12 12 12 12 12 12 12 12 12 12 12 12 12 12 12 12 9 9 9 9 9 9 10 10 10 10 10 10 10 10 10 10 10 10 10 10 10 10 10 10 10 10 10 10 10 10 10 10 10 10 10 10 10 10 10 10 10 10 10 10 10 10 10 10 10 10 10 10 10 1
staticfield java/lang/Math $assertionsDisabled Z 1
ciInstanceKlass java/util/Arrays 1 1 797 3 8 8 8 8 8 8 8 8 100 100 100 100 100 100 7 100 100 7 1 1 1 1 1 1 1 1 1 1 1 1 1 1 1 1 1 1 1 1 1 1 1 1 1 1 1 1 1 1 1 1 1 1 1 1 1 1 1 1 1 1 1 1 1 1 1 1 1 1 1 1 1 1 1 1 1 1 1 1 1 1 1 1 1 1 1 1 1 1 1 1 1 1 1 1 1 1 1 1 1 1 1 1 1 1 1 1 1 1 1 1 1 1 1 1 1 1 1 1 1 1 1 1 1 1 1 1 1 1 1 1 1 1 1 1 1 1 1 1 1 1 1 1 1 1 1 1 1 1 1 1 1 1 1 1 1 1 1 1 1 1 1 1 1 1 1 1 1 1 1 1 1 1 1 1 1 1 1 1 1 1 1 1 1 1 1 1 1 1 1 1 1 1 1 1 1 1 1 1 1 1 1 1 1 1 1 1 1 1 1 1 1 1 1 1 1 1 1 1 1 1 1 1 1 1 1 1 1 1 1 1 1 1 1 1 1 1 1 1 1 1 1 1 1 1 1 1 1 1 1 1 1 1 1 1 1 1 1 1 1 1 1 1 1 1 1 1 1 1 1 1 1 1 3 3 100 100 100 7 7 100 100 100 7 7 100 100 7 100 100 100 7 100 100 100 100 100 7 7 100 100 100 100 100 100 100 100 100 100 100 100 100 100 100 100 100 100 7 100 100 100 100 100 100 100 100 100 100 7 100 100 100 100 100 100 100 1 1 1 1 1 1 1 1 1 1 1 1 1 1 1 1 1 1 1 1 1 1 1 1 1 1 1 1 1 1 1 1 1 1 1 1 1 1 1 1 1 1 1 1 1 1 1 1 1 1 1 1 1 1 1 1 1 1 1 1 1 1 1 1 1 1 1 1 1 1 1 1 1 1 1 1 1 1 1 1 1 1 1 1 1 1 1 1 1 1 1 1 1 1 1 1 1 1 1 1 1 1 1 1 1 1 1 1 1 1 1 1 1 1 1 1 1 1 1 1 1 1 1 1 1 1 1 1 1 1 1 1 12 12 12 12 12 12 12 12 12 12 12 12 12 12 12 12 12 12 12 12 12 12 12 12 12 12 12 12 12 12 12 12 12 12 12 12 12 12 12 12 12 12 12 12 12 12 12 12 12 12 12 12 12 12 12 12 12 12 12 12 12 12 12 12 12 12 12 12 12 12 12 12 12 12 12 12 12 12 12 12 12 12 12 12 12 12 12 12 12 12 12 12 12 12 12 12 12 12 12 12 12 12 12 12 12 12 12 12 12 12 12 12 12 12 12 12 12 12 12 12 12 12 12 12 12 12 12 12 12 12 12 12 12 12 12 12 12 12 12 12 12 12 12 9 9 10 10 10 10 10 10 10 10 10 10 10 10 10 10 10 10 10 10 10 10 10 10 10 10 10 10 10 10 10 10 10 10 10 10 10 10 10 10 10 10 10 10 10 10 10 10 10 10 10 10 10 10 10 10 10 10 10 10 10 10 10 10 10 10 10 10 10 10 10 10 10 10 10 10 10 10 10 10 10 10 10 10 10 10 10 10 10 10 10 10 10 10 10 10 10 10 10 10 10 10 10 10 10 10 10 10 10 10 10 10 10 10 10 10 10 10 10 10 10 10 10 10 10 10 10 10 10 10 10 10 10 10 10 10 10 10 10 10 10 10 10 11 11 11 11 11 11 11 11 11 11 11 11 15 15 15 15 15 16 18 18 18 18 1 1 1 1 1 1 1 1 1 1 1 1 1 1 1 1 1 1 1 1
staticfield java/util/Arrays $assertionsDisabled Z 1
instanceKlass java/io/ExpiringCache$1
ciInstanceKlass java/util/LinkedHashMap 1 1 227 1 1 1 1 1 1 1 1 1 1 1 1 1 1 1 1 1 1 1 1 1 1 1 1 1 1 1 1 1 1 1 1 1 1 1 1 1 1 1 1 1 1 1 1 1 1 1 1 1 1 1 1 1 1 1 1 1 1 1 1 1 1 1 1 1 1 1 1 1 1 1 1 1 1 1 1 1 1 1 1 1 1 1 5 0 100 100 100 100 100 100 7 7 100 7 7 100 7 100 100 7 100 7 100 100 100 100 100 1 1 1 1 1 1 1 1 1 1 1 1 1 1 1 1 1 1 1 1 1 1 1 1 1 1 1 1 1 1 1 1 1 1 1 1 1 1 1 1 1 1 12 12 12 12 12 12 12 12 12 12 12 12 12 12 12 12 12 12 12 12 12 12 12 12 12 12 12 12 12 12 12 9 9 9 9 9 9 9 9 9 9 9 9 9 10 10 10 10 10 10 10 10 10 10 10 10 10 10 10 10 10 10 10 10 10 10 11 11 1 1 1 1 1 1 1 1
ciInstanceKlass java/io/ExpiringCache$1 1 1 42 1 1 1 1 1 1 1 1 1 1 1 1 1 1 1 1 1 1 1 1 7 7 100 7 100 100 1 1 1 1 1 1 12 12 12 12 12 9 10 10 10
instanceKlass java/util/HashMap$TreeNode
ciInstanceKlass java/util/LinkedHashMap$Entry 1 1 24 1 1 1 1 1 1 1 1 1 1 1 1 100 7 100 100 1 1 1 1 1 12 10
ciInstanceKlass java/util/HashMap$TreeNode 0 0 174 100 1 1 1 1 1 1 1 1 1 1 1 1 1 1 1 1 1 1 1 1 1 1 1 1 1 1 1 1 1 1 1 1 1 1 1 1 1 1 1 1 1 1 1 1 1 1 1 1 1 1 1 1 1 1 1 1 1 1 1 1 1 1 100 100 100 100 100 100 100 100 100 100 1 1 1 1 1 1 1 1 1 1 1 1 1 1 1 1 1 1 1 1 1 1 1 1 1 1 1 1 1 1 1 1 1 1 12 12 12 12 12 12 12 12 12 12 12 12 12 12 12 12 12 12 12 12 12 12 12 12 12 12 12 12 12 12 12 12 9 9 9 9 9 9 9 9 9 9 10 10 10 10 10 10 10 10 10 10 10 10 10 10 10 10 10 10 10 10 10 10 10 1
ciInstanceKlass java/util/jar/Attributes$Name 1 1 169 8 8 8 8 8 8 8 8 8 8 8 8 8 8 8 8 8 8 1 1 1 1 1 1 1 1 1 1 1 1 1 1 1 1 1 1 1 1 1 1 1 1 1 1 1 1 1 1 1 1 1 1 1 1 1 1 1 1 1 1 1 1 1 1 1 1 1 1 1 1 1 1 1 1 1 1 1 1 1 1 1 1 1 1 1 1 1 1 1 1 1 1 1 100 100 7 7 7 100 7 7 1 1 1 12 12 12 12 12 12 12 12 12 12 12 12 12 12 12 12 12 12 12 12 12 12 12 12 12 12 12 12 12 12 12 9 9 9 9 9 9 9 9 9 9 9 9 9 9 9 9 9 9 9 9 10 10 10 10 10 10 10 10 10 10 10 10 11
staticfield java/util/jar/Attributes$Name MANIFEST_VERSION Ljava/util/jar/Attributes$Name; java/util/jar/Attributes$Name
staticfield java/util/jar/Attributes$Name SIGNATURE_VERSION Ljava/util/jar/Attributes$Name; java/util/jar/Attributes$Name
staticfield java/util/jar/Attributes$Name CONTENT_TYPE Ljava/util/jar/Attributes$Name; java/util/jar/Attributes$Name
staticfield java/util/jar/Attributes$Name CLASS_PATH Ljava/util/jar/Attributes$Name; java/util/jar/Attributes$Name
staticfield java/util/jar/Attributes$Name MAIN_CLASS Ljava/util/jar/Attributes$Name; java/util/jar/Attributes$Name
staticfield java/util/jar/Attributes$Name SEALED Ljava/util/jar/Attributes$Name; java/util/jar/Attributes$Name
staticfield java/util/jar/Attributes$Name EXTENSION_LIST Ljava/util/jar/Attributes$Name; java/util/jar/Attributes$Name
staticfield java/util/jar/Attributes$Name EXTENSION_NAME Ljava/util/jar/Attributes$Name; java/util/jar/Attributes$Name
staticfield java/util/jar/Attributes$Name EXTENSION_INSTALLATION Ljava/util/jar/Attributes$Name; java/util/jar/Attributes$Name
staticfield java/util/jar/Attributes$Name IMPLEMENTATION_TITLE Ljava/util/jar/Attributes$Name; java/util/jar/Attributes$Name
staticfield java/util/jar/Attributes$Name IMPLEMENTATION_VERSION Ljava/util/jar/Attributes$Name; java/util/jar/Attributes$Name
staticfield java/util/jar/Attributes$Name IMPLEMENTATION_VENDOR Ljava/util/jar/Attributes$Name; java/util/jar/Attributes$Name
staticfield java/util/jar/Attributes$Name IMPLEMENTATION_VENDOR_ID Ljava/util/jar/Attributes$Name; java/util/jar/Attributes$Name
staticfield java/util/jar/Attributes$Name IMPLEMENTATION_URL Ljava/util/jar/Attributes$Name; java/util/jar/Attributes$Name
staticfield java/util/jar/Attributes$Name SPECIFICATION_TITLE Ljava/util/jar/Attributes$Name; java/util/jar/Attributes$Name
staticfield java/util/jar/Attributes$Name SPECIFICATION_VERSION Ljava/util/jar/Attributes$Name; java/util/jar/Attributes$Name
staticfield java/util/jar/Attributes$Name SPECIFICATION_VENDOR Ljava/util/jar/Attributes$Name; java/util/jar/Attributes$Name
instanceKlass java/util/LinkedHashSet
ciInstanceKlass java/util/HashSet 1 1 240 4 4 4 8 8 8 100 1 1 1 1 1 1 1 1 1 1 1 1 1 1 1 1 1 1 1 1 1 1 1 1 1 1 1 1 1 1 1 1 1 1 1 1 1 1 1 1 1 1 1 1 1 1 1 1 1 1 1 1 1 1 1 1 1 1 1 1 1 1 1 1 1 1 1 1 1 1 1 1 1 1 1 1 1 1 1 1 1 1 1 1 1 1 1 1 1 1 1 1 1 1 1 1 1 1 5 0 100 100 100 100 100 100 100 100 100 100 7 7 100 7 7 7 100 7 100 7 100 100 100 7 100 100 1 1 1 1 1 1 1 1 1 1 1 1 1 1 1 1 1 1 1 12 12 12 12 12 12 12 12 12 12 12 12 12 12 12 12 12 12 12 12 12 12 12 12 12 12 12 12 12 12 12 12 12 12 12 12 12 12 12 12 9 9 10 10 10 10 10 10 10 10 10 10 10 10 10 10 10 10 10 10 10 10 10 10 10 10 10 10 10 10 10 10 10 10 10 10 10 10 10 10 10 11 11 11 11 11 1
staticfield java/util/HashSet PRESENT Ljava/lang/Object; java/lang/Object
instanceKlass java/util/concurrent/CancellationException
instanceKlass com/neowit/apex/actions/ShowHelpException
ciInstanceKlass java/lang/IllegalStateException 0 0 24 1 1 1 1 1 1 1 1 1 1 5 0 100 100 1 12 12 12 12 10 10 10 10
instanceKlass java/lang/ArrayIndexOutOfBoundsException
ciInstanceKlass java/lang/IndexOutOfBoundsException 1 1 18 1 1 1 1 1 1 1 1 1 5 0 100 7 12 12 10 10
ciInstanceKlass java/lang/AssertionError 0 0 62 1 1 1 1 1 1 1 1 1 1 1 1 1 1 1 1 1 1 1 1 1 1 1 5 0 100 100 100 100 100 1 1 1 1 1 1 1 1 12 12 12 12 12 12 12 12 12 12 12 10 10 10 10 10 10 10 10 10 10 10 10
ciInstanceKlass java/net/InetAddress$2 1 1 36 1 1 1 1 1 1 1 1 1 1 1 1 1 1 1 1 7 7 100 7 100 100 1 1 1 1 12 12 12 12 12 9 10 11 11
ciInstanceKlass java/lang/ProcessEnvironment 1 1 267 8 8 8 8 1 1 1 1 1 1 1 1 1 1 1 1 1 1 1 1 1 1 1 1 1 1 1 1 1 1 1 1 1 1 1 1 1 1 1 1 1 1 1 1 1 1 1 1 1 1 1 1 1 1 1 1 1 1 1 1 1 1 1 1 1 1 1 1 1 1 1 1 1 1 1 1 1 1 1 1 1 1 1 1 1 1 1 1 1 1 1 1 1 1 1 3 5 0 100 100 7 100 100 7 100 100 7 7 7 100 100 7 7 100 100 7 100 7 1 1 1 1 1 1 1 1 1 1 1 1 1 1 1 1 1 1 1 1 1 1 1 1 1 1 1 1 1 1 1 1 1 1 12 12 12 12 12 12 12 12 12 12 12 12 12 12 12 12 12 12 12 12 12 12 12 12 12 12 12 12 12 12 12 12 12 12 12 12 12 12 12 12 12 12 12 12 12 12 12 12 12 9 9 9 9 9 10 10 10 10 10 10 10 10 10 10 10 10 10 10 10 10 10 10 10 10 10 10 10 10 10 10 10 10 10 10 10 10 10 10 10 10 10 10 10 10 10 10 10 10 10 10 10 11 11 11 11 11 11 11 1 1 1 1 1 1
staticfield java/lang/ProcessEnvironment nameComparator Ljava/lang/ProcessEnvironment$NameComparator; java/lang/ProcessEnvironment$NameComparator
staticfield java/lang/ProcessEnvironment entryComparator Ljava/lang/ProcessEnvironment$EntryComparator; java/lang/ProcessEnvironment$EntryComparator
staticfield java/lang/ProcessEnvironment theEnvironment Ljava/lang/ProcessEnvironment; java/lang/ProcessEnvironment
staticfield java/lang/ProcessEnvironment theUnmodifiableEnvironment Ljava/util/Map; java/util/Collections$UnmodifiableMap
staticfield java/lang/ProcessEnvironment theCaseInsensitiveEnvironment Ljava/util/Map; java/util/TreeMap
ciInstanceKlass com/typesafe/config/ConfigException$IO 1 1 24 7 100 10 12 1 1 1 1 1 1 1 1 1 1 1 1 1 1 1 1 1 1 1
ciInstanceKlass com/typesafe/config/impl/Path 1 1 188 8 8 8 8 8 8 100 100 7 7 7 7 100 7 7 100 100 9 9 10 10 10 10 10 10 10 10 10 10 10 10 10 10 10 10 10 10 10 10 10 10 10 10 10 10 11 11 12 12 12 12 12 12 12 12 12 12 12 12 12 12 12 12 12 12 12 12 12 12 12 12 12 12 12 1 1 1 1 1 1 1 1 1 1 1 1 1 1 1 1 1 1 1 1 1 1 1 1 1 1 1 1 1 1 1 1 1 1 1 1 1 1 1 1 1 1 1 1 1 1 1 1 1 1 1 1 1 1 1 1 1 1 1 1 1 1 1 1 1 1 1 1 1 1 1 1 1 1 1 1 1 1 1 1 1 1 1 1 1 1 1 1 1 1 1 1 1 1 1 1 1 1 1 1 1 1 1 1 1 1 1 1 1 1 1 1 1
ciInstanceKlass org/antlr/v4/runtime/IntStream 1 0 20 100 100 1 1 1 1 1 1 1 1 1 1 1 1 1 1 1 1 1
ciInstanceKlass org/antlr/v4/runtime/TokenStream 1 0 17 100 100 100 1 1 1 1 1 1 1 1 1 1 1 1 1
instanceKlass org/antlr/v4/runtime/atn/ParserATNSimulator
instanceKlass org/antlr/v4/runtime/atn/LexerATNSimulator
ciInstanceKlass org/antlr/v4/runtime/atn/ATNSimulator 1 1 100 3 7 100 7 7 7 7 7 100 7 9 9 9 9 9 9 9 9 10 10 10 10 10 12 12 12 12 12 12 12 12 12 1 1 1 1 1 1 1 1 1 1 1 1 1 1 1 1 1 1 1 1 1 1 1 1 1 1 1 1 1 1 1 1 1 1 1 1 1 1 1 1 1 1 1 1 1 1 1 1 1 1 1 1 1 1 1 1 1 1 1 1 1 1 1 1 1 1 1
staticfield org/antlr/v4/runtime/atn/ATNSimulator SERIALIZED_VERSION I 3
staticfield org/antlr/v4/runtime/atn/ATNSimulator SERIALIZED_UUID Ljava/util/UUID; java/util/UUID
staticfield org/antlr/v4/runtime/atn/ATNSimulator ERROR Lorg/antlr/v4/runtime/dfa/DFAState; org/antlr/v4/runtime/dfa/DFAState
instanceKlass org/antlr/v4/runtime/atn/ArrayPredictionContext
instanceKlass org/antlr/v4/runtime/atn/SingletonPredictionContext
ciInstanceKlass org/antlr/v4/runtime/atn/PredictionContext 1 1 311 3 100 7 100 7 7 7 7 7 7 7 7 7 7 7 7 7 7 7 7 7 7 9 9 9 9 9 9 9 9 9 9 9 9 9 9 9 10 10 10 10 10 10 10 10 10 10 10 10 10 10 10 10 10 10 10 10 10 10 10 10 10 10 10 10 10 10 10 10 10 11 11 11 11 12 12 12 12 12 12 12 12 12 12 12 12 12 12 12 12 12 12 12 12 12 12 12 12 12 12 12 12 12 12 12 12 12 12 12 12 12 12 12 12 12 12 12 12 12 12 12 1 1 1 1 1 1 1 1 1 1 1 1 1 1 1 1 1 1 1 1 1 1 1 1 1 1 1 1 1 1 1 1 1 1 1 1 1 1 1 1 1 1 1 1 1 1 1 1 1 1 1 1 1 1 1 1 1 1 1 1 1 1 1 1 1 1 1 1 1 1 1 1 1 1 1 1 1 1 1 1 1 1 1 1 1 1 1 1 1 1 1 1 1 1 1 1 1 1 1 1 1 1 1 1 1 1 1 1 1 1 1 1 1 1 1 1 1 1 1 1 1 1 1 1 1 1 1 1 1 1 1 1 1 1 1 1 1 1 1 1 1 1 1 1 1 1 1 1 1 1 1 1 1 1 1 1 1 1 1 1 1 1 1 1 1 1 1 1 1 1 1 1 1 1 1 1 1 1 1 1 1 1 1 1 1 1 1 1 1
staticfield org/antlr/v4/runtime/atn/PredictionContext EMPTY Lorg/antlr/v4/runtime/atn/EmptyPredictionContext; org/antlr/v4/runtime/atn/EmptyPredictionContext
staticfield org/antlr/v4/runtime/atn/PredictionContext $assertionsDisabled Z 1
instanceKlass org/antlr/v4/runtime/atn/EmptyPredictionContext
ciInstanceKlass org/antlr/v4/runtime/atn/SingletonPredictionContext 1 1 107 3 8 8 8 100 7 7 100 100 7 7 9 9 9 9 10 10 10 10 10 10 10 10 10 10 10 10 10 10 10 12 12 12 12 12 12 12 12 12 12 12 12 12 12 12 12 1 1 1 1 1 1 1 1 1 1 1 1 1 1 1 1 1 1 1 1 1 1 1 1 1 1 1 1 1 1 1 1 1 1 1 1 1 1 1 1 1 1 1 1 1 1 1 1 1 1 1 1 1 1 1 1 1 1 1 1
staticfield org/antlr/v4/runtime/atn/SingletonPredictionContext $assertionsDisabled Z 1
ciInstanceKlass org/antlr/v4/runtime/atn/EmptyPredictionContext 1 1 42 3 8 100 7 7 9 10 12 12 1 1 1 1 1 1 1 1 1 1 1 1 1 1 1 1 1 1 1 1 1 1 1 1 1 1 1 1 1 1 1 1
instanceKlass org/antlr/v4/runtime/atn/WildcardTransition
instanceKlass org/antlr/v4/runtime/atn/SetTransition
instanceKlass org/antlr/v4/runtime/atn/AbstractPredicateTransition
instanceKlass org/antlr/v4/runtime/atn/RuleTransition
instanceKlass org/antlr/v4/runtime/atn/RangeTransition
instanceKlass org/antlr/v4/runtime/atn/AtomTransition
instanceKlass org/antlr/v4/runtime/atn/ActionTransition
instanceKlass org/antlr/v4/runtime/atn/EpsilonTransition
ciInstanceKlass org/antlr/v4/runtime/atn/Transition 1 1 95 8 8 8 8 8 8 8 8 8 8 8 8 100 7 7 7 7 100 7 7 9 9 9 10 10 10 10 10 10 12 12 12 12 12 12 12 12 1 1 1 1 1 1 1 1 1 1 1 1 1 1 1 1 1 1 1 1 1 1 1 1 1 1 1 1 1 1 1 1 1 1 1 1 1 1 1 1 1 1 1 1 1 1 1 1 1 1 1 1 1 1 1 1 1
staticfield org/antlr/v4/runtime/atn/Transition serializationNames Ljava/util/List; java/util/Collections$UnmodifiableRandomAccessList
staticfield org/antlr/v4/runtime/atn/Transition serializationTypes Ljava/util/Map; java/util/Collections$UnmodifiableMap
ciInstanceKlass org/antlr/v4/runtime/atn/EpsilonTransition 1 1 38 8 7 7 9 10 10 12 12 12 1 1 1 1 1 1 1 1 1 1 1 1 1 1 1 1 1 1 1 1 1 1 1 1 1 1 1 1
ciInstanceKlass org/antlr/v4/runtime/atn/ActionTransition 1 1 59 8 8 100 7 7 9 9 9 10 10 10 10 10 12 12 12 12 12 12 12 12 1 1 1 1 1 1 1 1 1 1 1 1 1 1 1 1 1 1 1 1 1 1 1 1 1 1 1 1 1 1 1 1 1 1 1 1 1
instanceKlass org/antlr/v4/runtime/atn/LoopEndState
instanceKlass org/antlr/v4/runtime/atn/StarLoopbackState
instanceKlass org/antlr/v4/runtime/atn/RuleStartState
instanceKlass org/antlr/v4/runtime/atn/BasicState
instanceKlass org/antlr/v4/runtime/atn/RuleStopState
instanceKlass org/antlr/v4/runtime/atn/BlockEndState
instanceKlass org/antlr/v4/runtime/atn/DecisionState
ciInstanceKlass org/antlr/v4/runtime/atn/ATNState 1 1 170 8 8 8 8 8 8 8 8 8 8 8 8 8 8 100 100 7 7 100 7 7 7 7 100 7 7 9 9 9 9 9 9 10 10 10 10 10 10 10 10 10 10 11 11 11 11 11 11 12 12 12 12 12 12 12 12 12 12 12 12 12 12 12 12 12 12 12 12 12 12 1 1 1 1 1 1 1 1 1 1 1 1 1 1 1 1 1 1 1 1 1 1 1 1 1 1 1 1 1 1 1 1 1 1 1 1 1 1 1 1 1 1 1 1 1 1 1 1 1 1 1 1 1 1 1 1 1 1 1 1 1 1 1 1 1 1 1 1 1 1 1 1 1 1 1 1 1 1 1 1 1 1 1 1 1 1 1 1 1 1 1 1 1 1 1 1 1 1 1
staticfield org/antlr/v4/runtime/atn/ATNState serializationNames Ljava/util/List; java/util/Collections$UnmodifiableRandomAccessList
instanceKlass org/antlr/v4/runtime/atn/PlusLoopbackState
instanceKlass org/antlr/v4/runtime/atn/StarLoopEntryState
instanceKlass org/antlr/v4/runtime/atn/TokensStartState
instanceKlass org/antlr/v4/runtime/atn/BlockStartState
ciInstanceKlass org/antlr/v4/runtime/atn/DecisionState 1 1 22 7 7 9 10 12 12 1 1 1 1 1 1 1 1 1 1 1 1 1 1 1
ciInstanceKlass org/antlr/v4/runtime/atn/BasicBlockStartState 1 1 18 100 7 10 12 1 1 1 1 1 1 1 1 1 1 1 1 1
ciInstanceKlass org/antlr/v4/runtime/atn/BlockEndState 1 1 20 7 100 10 12 1 1 1 1 1 1 1 1 1 1 1 1 1 1 1
ciInstanceKlass org/antlr/v4/runtime/atn/RuleStopState 1 1 18 7 100 10 12 1 1 1 1 1 1 1 1 1 1 1 1 1
ciInstanceKlass org/antlr/v4/runtime/atn/BasicState 1 1 18 7 100 10 12 1 1 1 1 1 1 1 1 1 1 1 1 1
ciInstanceKlass org/antlr/v4/runtime/atn/AtomTransition 1 1 46 100 7 7 7 9 10 10 10 12 12 12 12 1 1 1 1 1 1 1 1 1 1 1 1 1 1 1 1 1 1 1 1 1 1 1 1 1 1 1 1 1 1 1 1 1
ciInstanceKlass org/antlr/v4/runtime/atn/LexerAction 1 0 11 100 100 1 1 1 1 1 1 1 1
ciInstanceKlass org/antlr/v4/runtime/atn/StarLoopEntryState 1 1 22 7 100 10 12 1 1 1 1 1 1 1 1 1 1 1 1 1 1 1 1 1
ciInstanceKlass org/antlr/v4/runtime/atn/RuleTransition 1 1 41 7 7 9 9 9 10 12 12 12 12 1 1 1 1 1 1 1 1 1 1 1 1 1 1 1 1 1 1 1 1 1 1 1 1 1 1 1 1 1 1
instanceKlass org/antlr/v4/runtime/atn/PrecedencePredicateTransition
instanceKlass org/antlr/v4/runtime/atn/PredicateTransition
ciInstanceKlass org/antlr/v4/runtime/atn/AbstractPredicateTransition 1 1 18 100 7 10 12 1 1 1 1 1 1 1 1 1 1 1 1 1
ciInstanceKlass org/antlr/v4/runtime/atn/PredicateTransition 1 1 70 8 8 100 7 7 100 100 9 9 9 10 10 10 10 10 10 12 12 12 12 12 12 12 12 12 1 1 1 1 1 1 1 1 1 1 1 1 1 1 1 1 1 1 1 1 1 1 1 1 1 1 1 1 1 1 1 1 1 1 1 1 1 1 1 1 1 1 1 1
ciInstanceKlass org/antlr/v4/runtime/atn/PrecedencePredicateTransition 1 1 61 8 100 7 7 100 7 9 10 10 10 10 10 10 12 12 12 12 12 12 12 1 1 1 1 1 1 1 1 1 1 1 1 1 1 1 1 1 1 1 1 1 1 1 1 1 1 1 1 1 1 1 1 1 1 1 1 1 1 1 1
ciInstanceKlass org/antlr/v4/runtime/atn/ATN 1 1 179 8 100 7 7 7 7 100 7 7 7 7 100 7 9 9 9 9 9 9 9 9 9 9 9 9 9 10 10 10 10 10 10 10 10 10 10 10 10 10 10 10 11 11 11 11 12 12 12 12 12 12 12 12 12 12 12 12 12 12 12 12 12 12 12 12 12 12 12 12 12 12 12 12 12 12 1 1 1 1 1 1 1 1 1 1 1 1 1 1 1 1 1 1 1 1 1 1 1 1 1 1 1 1 1 1 1 1 1 1 1 1 1 1 1 1 1 1 1 1 1 1 1 1 1 1 1 1 1 1 1 1 1 1 1 1 1 1 1 1 1 1 1 1 1 1 1 1 1 1 1 1 1 1 1 1 1 1 1 1 1 1 1 1 1 1 1 1 1 1 1 1 1 1 1 1 1 1 1
ciInstanceKlass org/antlr/v4/runtime/dfa/DFA 1 1 155 8 8 7 100 7 100 100 7 100 7 100 100 100 7 100 7 7 100 100 7 9 9 9 9 9 9 9 9 9 9 10 10 10 10 10 10 10 10 10 10 10 10 10 11 12 12 12 12 12 12 12 12 12 12 12 12 12 12 12 12 12 12 12 12 12 12 1 1 1 1 1 1 1 1 1 1 1 1 1 1 1 1 1 1 1 1 1 1 1 1 1 1 1 1 1 1 1 1 1 1 1 1 1 1 1 1 1 1 1 1 1 1 1 1 1 1 1 1 1 1 1 1 1 1 1 1 1 1 1 1 1 1 1 1 1 1 1 1 1 1 1 1 1 1 1 1 1 1 1 1 1 1 1 1
instanceKlass org/antlr/v4/runtime/atn/LexerATNConfig
ciInstanceKlass org/antlr/v4/runtime/atn/ATNConfig 1 1 146 3 3 8 8 8 8 7 100 100 7 7 7 7 7 9 9 9 9 9 9 9 10 10 10 10 10 10 10 10 10 10 10 10 10 10 10 10 10 10 10 10 12 12 12 12 12 12 12 12 12 12 12 12 12 12 12 12 12 12 12 12 12 12 12 12 1 1 1 1 1 1 1 1 1 1 1 1 1 1 1 1 1 1 1 1 1 1 1 1 1 1 1 1 1 1 1 1 1 1 1 1 1 1 1 1 1 1 1 1 1 1 1 1 1 1 1 1 1 1 1 1 1 1 1 1 1 1 1 1 1 1 1 1 1 1 1 1 1 1 1 1 1 1 1 1
ciInstanceKlass org/antlr/v4/runtime/atn/LexerATNConfig 1 1 108 7 7 7 7 7 7 7 9 9 9 9 9 9 9 9 9 9 10 10 10 10 10 10 10 10 10 12 12 12 12 12 12 12 12 12 12 12 12 12 12 12 12 12 12 12 1 1 1 1 1 1 1 1 1 1 1 1 1 1 1 1 1 1 1 1 1 1 1 1 1 1 1 1 1 1 1 1 1 1 1 1 1 1 1 1 1 1 1 1 1 1 1 1 1 1 1 1 1 1 1 1 1 1 1 1 1 1
instanceKlass org/antlr/v4/runtime/atn/OrderedATNConfigSet
ciInstanceKlass org/antlr/v4/runtime/atn/ATNConfigSet 1 1 297 8 8 8 8 8 8 100 100 100 7 100 100 7 7 100 7 100 7 7 7 100 7 7 7 7 100 9 9 9 9 9 9 9 9 9 9 9 9 9 9 10 10 10 10 10 10 10 10 10 10 10 10 10 10 10 10 10 10 10 10 10 10 10 10 10 10 10 10 10 10 10 10 10 10 10 10 10 10 10 10 11 11 11 12 12 12 12 12 12 12 12 12 12 12 12 12 12 12 12 12 12 12 12 12 12 12 12 12 12 12 12 12 12 12 12 12 12 12 12 12 12 12 12 12 12 12 12 12 12 12 12 1 1 1 1 1 1 1 1 1 1 1 1 1 1 1 1 1 1 1 1 1 1 1 1 1 1 1 1 1 1 1 1 1 1 1 1 1 1 1 1 1 1 1 1 1 1 1 1 1 1 1 1 1 1 1 1 1 1 1 1 1 1 1 1 1 1 1 1 1 1 1 1 1 1 1 1 1 1 1 1 1 1 1 1 1 1 1 1 1 1 1 1 1 1 1 1 1 1 1 1 1 1 1 1 1 1 1 1 1 1 1 1 1 1 1 1 1 1 1 1 1 1 1 1 1 1 1 1 1 1 1 1 1 1 1 1 1 1 1 1 1 1 1 1 1 1 1 1 1 1 1 1 1 1 1 1 1 1 1 1 1 1 1 1 1
instanceKlass org/antlr/v4/runtime/atn/ATNConfigSet$AbstractConfigHashSet
ciInstanceKlass org/antlr/v4/runtime/misc/Array2DHashSet 1 1 265 8 8 100 100 100 100 7 7 100 100 7 100 100 100 7 7 100 100 100 6 0 9 9 9 9 9 9 9 9 10 10 10 10 10 10 10 10 10 10 10 10 10 10 10 10 10 10 10 10 10 10 10 10 10 10 10 10 10 10 11 11 11 11 12 12 12 12 12 12 12 12 12 12 12 12 12 12 12 12 12 12 12 12 12 12 12 12 12 12 12 12 12 12 12 12 12 12 12 12 12 12 12 1 1 1 1 1 1 1 1 1 1 1 1 1 1 1 1 1 1 1 1 1 1 1 1 1 1 1 1 1 1 1 1 1 1 1 1 1 1 1 1 1 1 1 1 1 1 1 1 1 1 1 1 1 1 1 1 1 1 1 1 1 1 1 1 1 1 1 1 1 1 1 1 1 1 1 1 1 1 1 1 1 1 1 1 1 1 1 1 1 1 1 1 1 1 1 1 1 1 1 1 1 1 1 1 1 1 1 1 1 1 1 1 1 1 1 1 1 1 1 1 1 1 1 1 1 1 1 1 1 1 1 1 1 1 1 1 1 1 1 1 1 1 1 1 1 1 1 1 1 1 1 1 1 1 1 1 1 1 1 1 1 1
staticfield org/antlr/v4/runtime/misc/Array2DHashSet $assertionsDisabled Z 1
instanceKlass org/antlr/v4/runtime/atn/OrderedATNConfigSet$LexerConfigHashSet
instanceKlass org/antlr/v4/runtime/atn/ATNConfigSet$ConfigHashSet
ciInstanceKlass org/antlr/v4/runtime/atn/ATNConfigSet$AbstractConfigHashSet 1 1 59 7 100 7 100 7 7 10 10 10 10 10 12 12 12 12 1 1 1 1 1 1 1 1 1 1 1 1 1 1 1 1 1 1 1 1 1 1 1 1 1 1 1 1 1 1 1 1 1 1 1 1 1 1 1 1 1 1 1
ciInstanceKlass org/antlr/v4/runtime/atn/ATNConfigSet$ConfigHashSet 1 1 29 100 7 7 100 9 10 12 12 1 1 1 1 1 1 1 1 1 1 1 1 1 1 1 1 1 1 1 1
ciInstanceKlass org/antlr/v4/runtime/misc/EqualityComparator 1 0 15 100 100 1 1 1 1 1 1 1 1 1 1 1 1
instanceKlass org/antlr/v4/runtime/atn/PredictionMode$AltAndContextConfigEqualityComparator
instanceKlass org/antlr/v4/runtime/atn/ATNConfigSet$ConfigEqualityComparator
instanceKlass org/antlr/v4/runtime/misc/ObjectEqualityComparator
ciInstanceKlass org/antlr/v4/runtime/misc/AbstractEqualityComparator 1 1 22 7 100 100 10 12 1 1 1 1 1 1 1 1 1 1 1 1 1 1 1 1
ciInstanceKlass org/antlr/v4/runtime/misc/ObjectEqualityComparator 1 1 40 7 7 7 9 10 10 10 10 12 12 12 12 1 1 1 1 1 1 1 1 1 1 1 1 1 1 1 1 1 1 1 1 1 1 1 1 1 1 1
staticfield org/antlr/v4/runtime/misc/ObjectEqualityComparator INSTANCE Lorg/antlr/v4/runtime/misc/ObjectEqualityComparator; org/antlr/v4/runtime/misc/ObjectEqualityComparator
ciInstanceKlass org/antlr/v4/runtime/atn/ATNConfigSet$ConfigEqualityComparator 1 1 72 7 7 100 7 7 7 9 9 9 9 9 10 10 10 10 10 10 12 12 12 12 12 12 12 12 12 12 1 1 1 1 1 1 1 1 1 1 1 1 1 1 1 1 1 1 1 1 1 1 1 1 1 1 1 1 1 1 1 1 1 1 1 1 1 1 1 1 1 1 1 1
staticfield org/antlr/v4/runtime/atn/ATNConfigSet$ConfigEqualityComparator INSTANCE Lorg/antlr/v4/runtime/atn/ATNConfigSet$ConfigEqualityComparator; org/antlr/v4/runtime/atn/ATNConfigSet$ConfigEqualityComparator
instanceKlass com/neowit/apex/parser/antlr/ApexcodeParser$TriggerScopeContext
instanceKlass com/neowit/apex/parser/antlr/ApexcodeParser$SetterContext
instanceKlass com/neowit/apex/parser/antlr/ApexcodeParser$TriggerBodyContext
instanceKlass com/neowit/apex/parser/antlr/ApexcodeParser$TriggerEventContext
instanceKlass com/neowit/apex/parser/antlr/ApexcodeParser$VariableModifierContext
instanceKlass com/neowit/apex/parser/antlr/ApexcodeParser$TypeParameterContext
instanceKlass com/neowit/apex/parser/antlr/ApexcodeParser$SetCreatorRestContext
instanceKlass com/neowit/apex/parser/antlr/ApexcodeParser$SharingModifierContext
instanceKlass com/neowit/apex/parser/antlr/ApexcodeParser$TypeDeclarationContext
instanceKlass com/neowit/apex/parser/antlr/ApexcodeParser$StatementContext
instanceKlass com/neowit/apex/parser/antlr/ApexcodeParser$TypeListContext
instanceKlass com/neowit/apex/parser/antlr/ApexcodeParser$ResourcesContext
instanceKlass com/neowit/apex/parser/antlr/ApexcodeParser$TypeArgumentContext
instanceKlass com/neowit/apex/parser/antlr/ApexcodeParser$TypeParametersContext
instanceKlass com/neowit/apex/parser/antlr/ApexcodeParser$SuperSuffixContext
instanceKlass com/neowit/apex/parser/antlr/ApexcodeParser$TypeBoundContext
instanceKlass com/neowit/apex/parser/antlr/ApexcodeParser$Runas_expressionContext
instanceKlass com/neowit/apex/parser/antlr/ApexcodeParser$PrimaryContext
instanceKlass com/neowit/apex/parser/antlr/ApexcodeParser$InterfaceBodyContext
instanceKlass com/neowit/apex/parser/antlr/ApexcodeParser$ForUpdateContext
instanceKlass com/neowit/apex/parser/antlr/ApexcodeParser$ArrayCreatorRestContext
instanceKlass com/neowit/apex/parser/antlr/ApexcodeParser$ExpressionListContext
instanceKlass com/neowit/apex/parser/antlr/ApexcodeParser$ParExpressionContext
instanceKlass com/neowit/apex/parser/antlr/ApexcodeParser$MethodBodyContext
instanceKlass com/neowit/apex/parser/antlr/ApexcodeParser$ClassBodyContext
instanceKlass com/neowit/apex/parser/antlr/ApexcodeParser$MapCreatorRestContext
instanceKlass com/neowit/apex/parser/antlr/ApexcodeParser$ForInitContext
instanceKlass com/neowit/apex/parser/antlr/ApexcodeParser$InnerCreatorContext
instanceKlass com/neowit/apex/parser/antlr/ApexcodeParser$FinallyBlockContext
instanceKlass com/neowit/apex/parser/antlr/ApexcodeParser$ConstructorBodyContext
instanceKlass com/neowit/apex/parser/antlr/ApexcodeParser$ForControlContext
instanceKlass com/neowit/apex/parser/antlr/ApexcodeParser$EnumConstantNameContext
instanceKlass com/neowit/apex/parser/antlr/ApexcodeParser$ElementValueContext
instanceKlass com/neowit/apex/parser/antlr/ApexcodeParser$ConstDeclarationContext
instanceKlass com/neowit/apex/parser/antlr/ApexcodeParser$CatchTypeContext
instanceKlass com/neowit/apex/parser/antlr/ApexcodeParser$AnnotationNameContext
instanceKlass com/neowit/apex/parser/antlr/ApexcodeParser$ClassCreatorRestContext
instanceKlass com/neowit/apex/parser/antlr/ApexcodeParser$AnnotationContext
instanceKlass com/neowit/apex/parser/antlr/ApexcodeParser$BlockStatementContext
instanceKlass com/neowit/apex/parser/antlr/ApexcodeParser$ArrayInitializerContext
instanceKlass com/neowit/apex/parser/antlr/ApexcodeParser$QualifiedNameContext
instanceKlass com/neowit/apex/parser/antlr/ApexcodeParser$PropertyBlockContext
instanceKlass com/neowit/apex/parser/antlr/ApexcodeParser$FieldDeclarationContext
instanceKlass com/neowit/apex/parser/antlr/ApexcodeParser$GetterContext
instanceKlass com/neowit/apex/parser/antlr/ApexcodeParser$FormalParametersContext
instanceKlass com/neowit/apex/parser/antlr/ApexcodeParser$FormalParameterContext
instanceKlass com/neowit/apex/parser/antlr/ApexcodeParser$EnumDeclarationContext
instanceKlass com/neowit/apex/parser/antlr/ApexcodeParser$EnumConstantContext
instanceKlass com/neowit/apex/parser/antlr/ApexcodeParser$ElementValuePairContext
instanceKlass com/neowit/apex/parser/antlr/ApexcodeParser$CreatedNameContext
instanceKlass com/neowit/apex/parser/antlr/ApexcodeParser$ClassDeclarationContext
instanceKlass com/neowit/apex/parser/antlr/ApexcodeParser$CatchClauseContext
instanceKlass com/neowit/apex/parser/antlr/ApexcodeParser$LocalVariableDeclarationContext
instanceKlass com/neowit/apex/parser/antlr/ApexcodeParser$LastFormalParameterContext
instanceKlass com/neowit/apex/parser/antlr/ApexcodeParser$EnumBodyDeclarationsContext
instanceKlass com/neowit/apex/parser/antlr/ApexcodeParser$ElementValuePairsContext
instanceKlass com/neowit/apex/parser/antlr/ApexcodeParser$InterfaceMemberDeclarationContext
instanceKlass com/neowit/apex/parser/antlr/ApexcodeParser$InterfaceBodyDeclarationContext
instanceKlass com/neowit/apex/parser/antlr/ApexcodeParser$InterfaceDeclarationContext
instanceKlass com/neowit/apex/parser/antlr/ApexcodeParser$GenericConstructorDeclarationContext
instanceKlass com/neowit/apex/parser/antlr/ApexcodeParser$FormalParameterListContext
instanceKlass com/neowit/apex/parser/antlr/ApexcodeParser$ExplicitGenericInvocationSuffixContext
instanceKlass com/neowit/apex/parser/antlr/ApexcodeParser$ImportDeclarationContext
instanceKlass com/neowit/apex/parser/antlr/ApexcodeParser$ElementValueArrayInitializerContext
instanceKlass com/neowit/apex/parser/antlr/ApexcodeParser$EnhancedForControlContext
instanceKlass com/neowit/apex/parser/antlr/ApexcodeParser$MemberDeclarationContext
instanceKlass com/neowit/apex/parser/antlr/ApexcodeParser$ExplicitGenericInvocationContext
instanceKlass com/neowit/apex/parser/antlr/ApexcodeParser$GenericMethodDeclarationContext
instanceKlass com/neowit/apex/parser/antlr/ApexcodeParser$InterfaceMethodDeclarationContext
instanceKlass com/neowit/apex/parser/antlr/ApexcodeParser$ClassBodyDeclarationContext
instanceKlass com/neowit/apex/parser/antlr/ApexcodeParser$AnnotationTypeElementRestContext
instanceKlass com/neowit/apex/parser/antlr/ApexcodeParser$AnnotationTypeElementDeclarationContext
instanceKlass com/neowit/apex/parser/antlr/ApexcodeParser$AnnotationMethodOrConstantRestContext
instanceKlass com/neowit/apex/parser/antlr/ApexcodeParser$ConstantDeclaratorContext
instanceKlass com/neowit/apex/parser/antlr/ApexcodeParser$AnnotationTypeDeclarationContext
instanceKlass com/neowit/apex/parser/antlr/ApexcodeParser$AnnotationTypeBodyContext
instanceKlass com/neowit/apex/parser/antlr/ApexcodeParser$AnnotationConstantRestContext
instanceKlass com/neowit/apex/parser/antlr/ApexcodeParser$Db_shortcut_expressionContext
instanceKlass com/neowit/apex/parser/antlr/ApexcodeParser$ConstructorDeclarationContext
instanceKlass com/neowit/apex/parser/antlr/ApexcodeParser$ClassOrInterfaceTypeContext
instanceKlass com/neowit/apex/parser/antlr/ApexcodeParser$AnnotationMethodRestContext
instanceKlass com/neowit/apex/parser/antlr/ApexcodeParser$ClassOrInterfaceModifierContext
instanceKlass com/neowit/apex/parser/antlr/ApexcodeParser$PropertyDeclarationContext
instanceKlass com/neowit/apex/parser/antlr/ApexcodeParser$VariableInitializerContext
instanceKlass com/neowit/apex/parser/antlr/ApexcodeParser$StatementExpressionContext
instanceKlass com/neowit/apex/parser/antlr/ApexcodeParser$PropertyBodyDeclarationContext
instanceKlass com/neowit/apex/parser/antlr/ApexcodeParser$TriggerEventAfterContext
instanceKlass com/neowit/apex/parser/antlr/ApexcodeParser$PackageDeclarationContext
instanceKlass com/neowit/apex/parser/antlr/ApexcodeParser$TriggerEventBeforeContext
instanceKlass com/neowit/apex/parser/antlr/ApexcodeParser$VariableDeclaratorsContext
instanceKlass com/neowit/apex/parser/antlr/ApexcodeParser$VariableDeclaratorIdContext
instanceKlass com/neowit/apex/parser/antlr/ApexcodeParser$VariableDeclaratorContext
instanceKlass com/neowit/apex/parser/antlr/ApexcodeParser$TypeArgumentsOrDiamondContext
instanceKlass com/neowit/apex/parser/antlr/ApexcodeParser$TriggerDeclarationContext
instanceKlass com/neowit/apex/parser/antlr/ApexcodeParser$MethodDeclarationContext
instanceKlass com/neowit/apex/parser/antlr/ApexcodeParser$TriggerBodyDeclarationContext
instanceKlass com/neowit/apex/parser/antlr/ApexcodeParser$NonWildcardTypeArgumentsContext
instanceKlass com/neowit/apex/parser/antlr/ApexcodeParser$ResourceSpecificationContext
instanceKlass com/neowit/apex/parser/antlr/ApexcodeParser$TriggerContextVariableContext
instanceKlass com/neowit/apex/parser/antlr/ApexcodeParser$QualifiedNameListContext
instanceKlass com/neowit/apex/parser/antlr/ApexcodeParser$LocalVariableDeclarationStatementContext
instanceKlass com/neowit/apex/parser/antlr/ApexcodeParser$GenericInterfaceMethodDeclarationContext
instanceKlass com/neowit/apex/parser/antlr/ApexcodeParser$NonWildcardTypeArgumentsOrDiamondContext
instanceKlass com/neowit/apex/parser/antlr/ApexcodeParser$CompilationUnitContext
instanceKlass com/neowit/apex/parser/antlr/ApexcodeParser$CreatorContext
instanceKlass com/neowit/apex/parser/antlr/ApexcodeParser$ExpressionContext
instanceKlass com/neowit/apex/parser/antlr/ApexcodeParser$ModifierContext
instanceKlass com/neowit/apex/parser/antlr/ApexcodeParser$ResourceContext
instanceKlass com/neowit/apex/parser/antlr/ApexcodeParser$LiteralContext
instanceKlass com/neowit/apex/parser/antlr/ApexcodeParser$BlockContext
instanceKlass com/neowit/apex/parser/antlr/ApexcodeParser$TypeArgumentsContext
instanceKlass com/neowit/apex/parser/antlr/ApexcodeParser$DefaultValueContext
instanceKlass com/neowit/apex/parser/antlr/ApexcodeParser$ArgumentsContext
instanceKlass com/neowit/apex/parser/antlr/ApexcodeParser$EnumConstantsContext
instanceKlass com/neowit/apex/parser/antlr/ApexcodeParser$TypeContext
ciInstanceKlass org/antlr/v4/runtime/ParserRuleContext 1 1 248 8 8 8 8 100 100 7 100 100 7 100 7 7 100 100 100 100 100 7 9 9 9 9 9 9 9 9 10 10 10 10 10 10 10 10 10 10 10 10 10 10 10 10 10 10 10 10 10 11 11 11 11 11 11 11 11 11 11 12 12 12 12 12 12 12 12 12 12 12 12 12 12 12 12 12 12 12 12 12 12 12 12 12 12 12 12 12 12 12 12 12 12 12 1 1 1 1 1 1 1 1 1 1 1 1 1 1 1 1 1 1 1 1 1 1 1 1 1 1 1 1 1 1 1 1 1 1 1 1 1 1 1 1 1 1 1 1 1 1 1 1 1 1 1 1 1 1 1 1 1 1 1 1 1 1 1 1 1 1 1 1 1 1 1 1 1 1 1 1 1 1 1 1 1 1 1 1 1 1 1 1 1 1 1 1 1 1 1 1 1 1 1 1 1 1 1 1 1 1 1 1 1 1 1 1 1 1 1 1 1 1 1 1 1 1 1 1 1 1 1 1 1 1 1 1 1 1 1 1 1 1 1 1 1 1 1 1 1 1 1 1 1 1 1 1 1 1
instanceKlass org/antlr/v4/runtime/atn/ProfilingATNSimulator
ciInstanceKlass org/antlr/v4/runtime/atn/ParserATNSimulator 1 1 850 3 3 100 7 100 100 7 7 100 7 7 100 7 7 7 7 7 7 7 100 7 7 100 7 7 7 7 7 7 7 7 100 7 7 100 7 7 7 7 7 100 100 7 7 7 7 7 7 100 100 9 9 9 9 9 9 9 9 9 9 9 9 9 9 9 9 9 9 9 9 9 9 9 9 9 9 9 9 9 9 9 9 9 9 9 9 9 9 9 9 9 9 9 9 9 9 9 9 9 9 9 9 9 9 9 10 10 10 10 10 10 10 10 10 10 10 10 10 10 10 10 10 10 10 10 10 10 10 10 10 10 10 10 10 10 10 10 10 10 10 10 10 10 10 10 10 10 10 10 10 10 10 10 10 10 10 10 10 10 10 10 10 10 10 10 10 10 10 10 10 10 10 10 10 10 10 10 10 10 10 10 10 10 10 10 10 10 10 10 10 10 10 10 10 10 10 10 10 10 10 10 10 10 10 10 10 10 10 10 10 10 10 10 10 10 10 10 10 11 11 11 11 11 11 11 11 11 11 11 11 11 11 11 11 11 11 11 11 11 11 11 12 12 12 12 12 12 12 12 12 12 12 12 12 12 12 12 12 12 12 12 12 12 12 12 12 12 12 12 12 12 12 12 12 12 12 12 12 12 12 12 12 12 12 12 12 12 12 12 12 12 12 12 12 12 12 12 12 12 12 12 12 12 12 12 12 12 12 12 12 12 12 12 12 12 12 12 12 12 12 12 12 12 12 12 12 12 12 12 12 12 12 12 12 12 12 12 12 12 12 12 12 12 12 12 12 12 12 12 12 12 12 12 12 12 12 12 12 12 12 12 12 12 12 12 12 12 12 12 12 12 12 12 12 12 12 12 12 12 12 12 12 12 12 12 12 12 12 12 12 12 12 12 12 12 12 12 12 12 12 12 12 12 12 12 12 12 12 12 12 12 1 1 1 1 1 1 1 1 1 1 1 1 1 1 1 1 1 1 1 1 1 1 1 1 1 1 1 1 1 1 1 1 1 1 1 1 1 1 1 1 1 1 1 1 1 1 1 1 1 1 1 1 1 1 1 1 1 1 1 1 1 1 1 1 1 1 1 1 1 1 1 1 1 1 1 1 1 1 1 1 1 1 1 1 1 1 1 1 1 1 1 1 1 1 1 1 1 1 1 1 1 1 1 1 1 1 1 1 1 1 1 1 1 1 1 1 1 1 1 1 1 1 1 1 1 1 1 1 1 1 1 1 1 1 1 1 1 1 1 1 1 1 1 1 1 1 1 1 1 1 1 1 1 1 1 1 1 1 1 1 1 1 1 1 1 1 1 1 1 1 1 1 1 1 1 1 1 1 1 1 1 1 1 1 1 1 1 1 1 1 1 1 1 1 1 1 1 1 1 1 1 1 1 1 1 1 1 1 1 1 1 1 1 1 1 1 1 1 1 1 1 1 1 1 1 1 1 1 1 1 1 1 1 1 1 1 1 1 1 1 1 1 1 1 1 1 1 1 1 1 1 1 1 1 1 1 1 1 1 1 1 1 1 1 1 1 1 1 1 1 1 1 1 1 1 1 1 1 1 1 1 1 1 1 1 1 1 1 1 1 1 1 1 1 1 1 1 1 1 1 1 1 1 1 1 1 1 1 1 1 1 1 1 1 1 1 1 1 1 1 1 1 1 1 1 1 1 1 1 1 1 1 1 1 1 1 1 1 1 1 1 1 1 1 1 1 1 1 1 1 1 1 1 1 1 1 1 1 1 1 1 1 1 1 1 1 1 1 1 1 1 1 1 1 1 1 1 1 1 1 1 1 1 1 1 1 1 1 1 1 1 1 1 1 1 1 1 1 1 1 1 1 1 1 1 1 1 1 1 1 1 1 1 1 1 1 1 1 1 1 1 1 1 1 1 1 1 1 1 1 1 1 1 1 1 1 1 1
staticfield org/antlr/v4/runtime/atn/ParserATNSimulator $assertionsDisabled Z 1
instanceKlass org/antlr/v4/runtime/atn/SemanticContext$Operator
instanceKlass org/antlr/v4/runtime/atn/SemanticContext$Predicate
instanceKlass org/antlr/v4/runtime/atn/SemanticContext$PrecedencePredicate
ciInstanceKlass org/antlr/v4/runtime/atn/SemanticContext 1 1 115 7 100 100 100 100 7 100 100 100 100 7 9 9 9 10 10 10 10 10 10 10 10 11 11 11 11 12 12 12 12 12 12 12 12 12 12 12 1 1 1 1 1 1 1 1 1 1 1 1 1 1 1 1 1 1 1 1 1 1 1 1 1 1 1 1 1 1 1 1 1 1 1 1 1 1 1 1 1 1 1 1 1 1 1 1 1 1 1 1 1 1 1 1 1 1 1 1 1 1 1 1 1 1 1 1 1 1 1 1 1 1 1 1 1
staticfield org/antlr/v4/runtime/atn/SemanticContext NONE Lorg/antlr/v4/runtime/atn/SemanticContext; org/antlr/v4/runtime/atn/SemanticContext$Predicate
ciInstanceKlass org/antlr/v4/runtime/atn/SemanticContext$PrecedencePredicate 0 0 86 8 8 100 100 100 7 100 7 7 9 9 10 10 10 10 10 10 10 12 12 12 12 12 12 12 12 1 1 1 1 1 1 1 1 1 1 1 1 1 1 1 1 1 1 1 1 1 1 1 1 1 1 1 1 1 1 1 1 1 1 1 1 1 1 1 1 1 1 1 1 1 1 1 1 1 1 1 1 1 1 1 1 1 1 1
ciInstanceKlass org/antlr/v4/runtime/atn/SemanticContext$Predicate 1 1 91 8 8 8 100 100 100 100 7 7 7 9 9 9 10 10 10 10 10 10 10 10 10 12 12 12 12 12 12 12 12 12 12 12 1 1 1 1 1 1 1 1 1 1 1 1 1 1 1 1 1 1 1 1 1 1 1 1 1 1 1 1 1 1 1 1 1 1 1 1 1 1 1 1 1 1 1 1 1 1 1 1 1 1 1 1 1 1 1 1 1
ciInstanceKlass org/antlr/v4/runtime/atn/ArrayPredictionContext 1 1 125 3 8 8 8 8 8 8 100 100 100 7 7 100 7 7 7 7 9 9 9 9 9 10 10 10 10 10 10 10 10 10 10 10 10 10 10 10 10 12 12 12 12 12 12 12 12 12 12 12 12 12 12 12 12 12 12 1 1 1 1 1 1 1 1 1 1 1 1 1 1 1 1 1 1 1 1 1 1 1 1 1 1 1 1 1 1 1 1 1 1 1 1 1 1 1 1 1 1 1 1 1 1 1 1 1 1 1 1 1 1 1 1 1 1 1 1 1 1 1 1 1 1 1 1
staticfield org/antlr/v4/runtime/atn/ArrayPredictionContext $assertionsDisabled Z 1
ciInstanceKlass org/antlr/v4/runtime/misc/MurmurHash 1 1 61 3 3 3 3 3 100 7 7 10 10 10 10 10 12 12 12 12 12 1 1 1 1 1 1 1 1 1 1 1 1 1 1 1 1 1 1 1 1 1 1 1 1 1 1 1 1 1 1 1 1 1 1 1 1 1 1 1 1 1 1
ciInstanceKlass org/antlr/v4/runtime/atn/OrderedATNConfigSet$LexerConfigHashSet 1 1 30 100 7 100 100 7 9 10 12 12 1 1 1 1 1 1 1 1 1 1 1 1 1 1 1 1 1 1 1 1
ciInstanceKlass org/antlr/v4/runtime/atn/SemanticContext$AND 0 0 165 8 100 100 100 100 100 100 100 100 100 100 100 100 100 100 100 100 9 9 10 10 10 10 10 10 10 10 10 10 10 10 10 11 11 11 11 11 11 11 11 11 12 12 12 12 12 12 12 12 12 12 12 12 12 12 12 12 12 12 12 12 1 1 1 1 1 1 1 1 1 1 1 1 1 1 1 1 1 1 1 1 1 1 1 1 1 1 1 1 1 1 1 1 1 1 1 1 1 1 1 1 1 1 1 1 1 1 1 1 1 1 1 1 1 1 1 1 1 1 1 1 1 1 1 1 1 1 1 1 1 1 1 1 1 1 1 1 1 1 1 1 1 1 1 1 1 1 1 1 1 1 1 1 1 1 1 1 1 1 1 1 1 1 1
ciInstanceKlass org/antlr/v4/runtime/atn/LexerActionExecutor 1 1 119 100 7 100 7 7 100 7 7 7 7 9 9 10 10 10 10 10 10 10 10 10 10 10 11 11 11 11 12 12 12 12 12 12 12 12 12 12 12 12 12 12 12 12 12 1 1 1 1 1 1 1 1 1 1 1 1 1 1 1 1 1 1 1 1 1 1 1 1 1 1 1 1 1 1 1 1 1 1 1 1 1 1 1 1 1 1 1 1 1 1 1 1 1 1 1 1 1 1 1 1 1 1 1 1 1 1 1 1 1 1 1 1 1 1 1 1 1 1
ciInstanceKlass org/antlr/v4/runtime/misc/DoubleKeyMap 1 1 52 7 7 7 7 9 10 10 11 11 12 12 12 12 1 1 1 1 1 1 1 1 1 1 1 1 1 1 1 1 1 1 1 1 1 1 1 1 1 1 1 1 1 1 1 1 1 1 1 1 1 1
ciMethod java/lang/Object <init> ()V 4097 1 108836 0 0
ciMethod java/lang/Object getClass ()Ljava/lang/Class; 2049 1 256 0 -1
ciMethod java/lang/Object hashCode ()I 2049 1 256 0 -1
ciMethod java/lang/Object equals (Ljava/lang/Object;)Z 2057 1 1618 0 -1
ciMethod java/util/List size ()I 0 0 1 0 -1
ciMethod java/util/List get (I)Ljava/lang/Object; 0 0 1 0 -1
ciMethod java/util/ArrayList calculateCapacity ([Ljava/lang/Object;I)I 1417 1 11766 0 0
ciMethod java/util/ArrayList ensureCapacityInternal (I)V 1417 1 11765 0 576
ciMethod java/util/ArrayList ensureExplicitCapacity (I)V 1417 1 11766 0 0
ciMethod java/util/ArrayList grow (I)V 145 1 2080 0 0
ciMethod java/util/ArrayList hugeCapacity (I)I 0 0 1 0 -1
ciMethod java/util/ArrayList size ()I 1041 1 130 0 0
ciMethod java/util/ArrayList elementData (I)Ljava/lang/Object; 7001 1 6074 0 0
ciMethod java/util/ArrayList get (I)Ljava/lang/Object; 1953 1 5370 0 128
ciMethod java/util/ArrayList add (Ljava/lang/Object;)Z 1417 1 7529 0 768
ciMethod java/util/ArrayList rangeCheck (I)V 7009 1 6075 0 0
ciMethod java/util/Set add (Ljava/lang/Object;)Z 0 0 1 0 -1
ciMethod java/util/HashMap hash (Ljava/lang/Object;)I 2049 1 12085 0 160
ciMethod java/util/HashMap put (Ljava/lang/Object;Ljava/lang/Object;)Ljava/lang/Object; 889 1 5430 0 1888
ciMethod java/util/HashMap putVal (ILjava/lang/Object;Ljava/lang/Object;ZZ)Ljava/lang/Object; 889 105 5442 0 1952
ciMethod java/util/HashMap resize ()[Ljava/util/HashMap$Node; 281 2513 1674 0 -1
ciMethod java/util/HashMap treeifyBin ([Ljava/util/HashMap$Node;I)V 0 0 1 0 -1
ciMethod java/util/HashMap removeNode (ILjava/lang/Object;Ljava/lang/Object;ZZ)Ljava/util/HashMap$Node; 337 1 42 0 -1
ciMethod java/util/HashMap newNode (ILjava/lang/Object;Ljava/lang/Object;Ljava/util/HashMap$Node;)Ljava/util/HashMap$Node; 2089 1 4745 0 0
ciMethod java/util/HashMap afterNodeAccess (Ljava/util/HashMap$Node;)V 3657 1 501 0 0
ciMethod java/util/HashMap afterNodeInsertion (Z)V 2145 1 1740 0 0
ciMethod java/util/HashMap$Node <init> (ILjava/lang/Object;Ljava/lang/Object;Ljava/util/HashMap$Node;)V 2393 1 5006 0 0
ciMethod java/lang/Math max (II)I 505 1 3930 0 -1
ciMethod java/util/Arrays equals ([I[I)Z 137 569 44 0 0
ciMethod java/util/Arrays equals ([Ljava/lang/Object;[Ljava/lang/Object;)Z 217 649 74 0 0
ciMethod java/util/Arrays copyOf ([Ljava/lang/Object;I)[Ljava/lang/Object; 2065 1 3468 0 0
ciMethod java/util/Arrays copyOf ([Ljava/lang/Object;ILjava/lang/Class;)[Ljava/lang/Object; 2209 1 3626 0 -1
ciMethod java/util/Arrays copyOf ([II)[I 769 1 68 0 -1
ciMethod java/util/LinkedHashMap linkNodeLast (Ljava/util/LinkedHashMap$Entry;)V 2289 1 261 0 0
ciMethod java/util/LinkedHashMap newNode (ILjava/lang/Object;Ljava/lang/Object;Ljava/util/HashMap$Node;)Ljava/util/HashMap$Node; 2289 1 261 0 0
ciMethod java/util/LinkedHashMap afterNodeInsertion (Z)V 2289 1 261 0 0
ciMethod java/util/LinkedHashMap afterNodeAccess (Ljava/util/HashMap$Node;)V 57 1 7 0 0
ciMethod java/util/LinkedHashMap removeEldestEntry (Ljava/util/Map$Entry;)Z 1121 1 140 0 0
ciMethod java/util/LinkedHashMap$Entry <init> (ILjava/lang/Object;Ljava/lang/Object;Ljava/util/HashMap$Node;)V 2289 1 261 0 0
ciMethodData java/lang/Object <init> ()V 2 108881 orig 264 128 100 232 87 0 0 0 0 104 4 215 237 35 2 0 0 32 1 0 0 0 0 0 0 0 0 0 0 0 0 0 0 0 0 0 0 0 0 0 0 0 0 0 0 0 0 0 0 0 0 0 0 0 0 0 0 0 0 0 0 0 0 0 0 0 0 0 0 0 0 0 0 0 0 0 0 0 0 0 0 77 68 79 32 101 120 116 114 97 32 100 97 116 97 32 108 111 99 107 0 0 0 0 0 0 0 0 0 0 0 0 0 0 0 0 0 0 0 0 0 0 0 0 0 0 0 0 0 0 0 0 0 0 0 0 0 0 0 0 0 0 0 0 0 0 0 0 0 0 0 0 0 0 0 0 0 0 0 0 0 0 0 0 0 0 0 0 0 0 0 0 0 0 0 0 0 0 0 0 0 0 0 0 0 1 0 0 0 0 0 0 0 1 0 0 0 0 0 0 0 1 0 0 0 0 0 0 0 0 0 0 0 0 0 0 0 0 2 0 0 137 58 13 0 1 0 0 0 0 0 0 0 0 0 0 0 2 0 0 0 0 0 3 0 1 0 0 0 0 0 0 0 255 255 255 255 0 0 0 0 0 0 0 0 data 0 oops 0
ciMethod java/util/HashMap$TreeNode putTreeVal (Ljava/util/HashMap;[Ljava/util/HashMap$Node;ILjava/lang/Object;Ljava/lang/Object;)Ljava/util/HashMap$TreeNode; 0 0 1 0 -1
ciMethod java/util/HashMap$TreeNode split (Ljava/util/HashMap;[Ljava/util/HashMap$Node;II)V 0 0 1 0 -1
ciMethodData java/util/HashMap hash (Ljava/lang/Object;)I 2 12085 orig 264 128 100 232 87 0 0 0 0 32 24 229 237 35 2 0 0 176 1 0 0 32 0 0 0 0 0 0 0 0 0 0 0 0 0 0 0 0 0 0 0 0 0 0 0 0 0 0 0 0 0 0 0 0 0 0 0 0 0 0 0 0 0 0 0 0 0 0 0 0 0 0 0 0 0 0 0 0 0 0 0 77 68 79 32 101 120 116 114 97 32 100 97 116 97 32 108 111 99 107 0 0 0 0 0 0 0 0 0 0 0 0 0 0 0 0 0 0 0 0 0 0 0 0 0 0 0 0 0 0 0 0 0 0 0 0 0 0 0 0 0 0 0 0 0 0 0 0 0 0 0 0 0 0 0 0 0 0 0 0 0 0 0 0 0 0 0 0 0 0 0 0 0 0 0 0 0 0 0 0 0 0 0 0 0 0 0 0 0 0 0 0 0 0 0 0 0 0 0 0 0 0 0 0 0 0 0 0 0 0 0 0 0 0 0 0 0 0 1 0 0 169 113 1 0 1 0 0 0 0 0 0 0 0 0 0 0 2 0 0 0 0 0 6 0 2 0 0 0 104 0 0 0 255 255 255 255 7 0 1 0 0 0 0 0 data 13 0x10007 0x2e35 0x38 0x0 0x50003 0x0 0x48 0x90005 0xad5 0x223f1cd3d80 0x559 0x223ee7107e0 0x1e08 oops 2 9 java/util/jar/Attributes$Name 11 java/lang/String
ciMethod java/util/HashSet add (Ljava/lang/Object;)Z 2081 1 6445 0 0
ciMethodData java/util/ArrayList get (I)Ljava/lang/Object; 2 5370 orig 264 128 100 232 87 0 0 0 0 200 157 227 237 35 2 0 0 144 1 0 0 0 0 0 0 0 0 0 0 0 0 0 0 0 0 0 0 0 0 0 0 0 0 0 0 0 0 0 0 0 0 0 0 0 0 0 0 0 0 0 0 0 0 0 0 0 0 0 0 0 0 0 0 0 0 0 0 0 0 0 0 77 68 79 32 101 120 116 114 97 32 100 97 116 97 32 108 111 99 107 0 0 0 0 0 0 0 0 0 0 0 0 0 0 0 0 0 0 0 0 0 0 0 0 0 0 0 0 0 0 0 0 0 0 0 0 0 0 0 0 0 0 0 0 0 0 0 0 0 0 0 0 0 0 0 0 0 0 0 0 0 0 0 0 0 0 0 0 0 0 0 0 0 0 0 0 0 0 0 0 0 0 0 0 0 0 0 0 0 0 0 0 0 0 0 0 0 0 0 0 0 0 0 0 0 0 0 0 0 0 0 0 0 0 0 0 0 244 0 0 0 49 160 0 0 1 0 0 0 0 0 0 0 0 0 0 0 2 0 0 0 0 0 6 0 2 0 0 0 64 0 0 0 255 255 255 255 2 0 2 0 0 0 0 0 data 8 0x20002 0x1406 0x70005 0x0 0x223f072f6c0 0x1406 0x0 0x0 oops 1 4 java/util/ArrayList
ciMethodData java/util/ArrayList rangeCheck (I)V 2 6075 orig 264 128 100 232 87 0 0 0 0 16 166 227 237 35 2 0 0 104 1 0 0 0 0 0 0 0 0 0 0 0 0 0 0 0 0 0 0 0 0 0 0 0 0 0 0 0 0 0 0 0 0 0 0 0 0 0 0 0 0 0 0 0 0 0 0 0 0 0 0 0 0 0 0 0 0 0 0 0 0 0 0 77 68 79 32 101 120 116 114 97 32 100 97 116 97 32 108 111 99 107 0 0 0 0 0 0 0 0 0 0 0 0 0 0 0 0 0 0 0 0 0 0 0 0 0 0 0 0 0 0 0 0 0 0 0 0 0 0 0 0 0 0 0 0 0 0 0 0 0 0 0 0 0 0 0 0 0 0 0 0 0 0 0 0 0 0 0 0 0 0 0 0 0 0 0 0 0 0 0 0 0 0 0 0 0 0 0 0 0 0 0 0 0 0 0 0 0 0 0 0 0 0 0 0 0 0 0 0 0 0 0 0 0 0 0 0 0 244 0 0 0 225 162 0 0 1 0 0 0 0 0 0 0 0 0 0 0 2 0 0 0 0 0 5 0 2 0 0 0 64 0 0 0 255 255 255 255 7 0 5 0 0 0 0 0 data 8 0x50007 0x145c 0x40 0x0 0xe0002 0x0 0x110002 0x0 oops 0
ciMethodData java/util/ArrayList elementData (I)Ljava/lang/Object; 2 6074 orig 264 128 100 232 87 0 0 0 0 48 157 227 237 35 2 0 0 40 1 0 0 0 0 0 0 0 0 0 0 0 0 0 0 0 0 0 0 0 0 0 0 0 0 0 0 0 0 0 0 0 0 0 0 0 0 0 0 0 0 0 0 0 0 0 0 0 0 0 0 0 0 0 0 0 0 0 0 0 0 0 0 77 68 79 32 101 120 116 114 97 32 100 97 116 97 32 108 111 99 107 0 0 0 0 0 0 0 0 0 0 0 0 0 0 0 0 0 0 0 0 0 0 0 0 0 0 0 0 0 0 0 0 0 0 0 0 0 0 0 0 0 0 0 0 0 0 0 0 0 0 0 0 0 0 0 0 0 0 0 0 0 0 0 0 0 0 0 0 0 0 0 0 0 0 0 0 0 0 0 0 0 0 0 0 0 0 0 0 0 0 0 0 0 0 0 0 0 0 0 0 0 0 0 0 0 0 0 0 0 0 0 0 0 0 0 0 0 244 0 0 0 225 162 0 0 1 0 0 0 0 0 0 0 0 0 0 0 2 0 0 0 0 0 3 0 1 0 0 0 0 0 0 0 255 255 255 255 0 0 0 0 0 0 0 0 data 0 oops 0
ciMethodData java/util/ArrayList add (Ljava/lang/Object;)Z 2 7529 orig 264 128 100 232 87 0 0 0 0 16 159 227 237 35 2 0 0 144 1 0 0 0 0 0 0 0 0 0 0 0 0 0 0 0 0 0 0 0 0 0 0 0 0 0 0 0 0 0 0 0 0 0 0 0 0 0 0 0 0 0 0 0 0 0 0 0 0 0 0 0 0 0 0 0 0 0 0 0 0 0 0 77 68 79 32 101 120 116 114 97 32 100 97 116 97 32 108 111 99 107 0 0 0 0 0 0 0 0 0 0 0 0 0 0 0 0 0 0 0 0 0 0 0 0 0 0 0 0 0 0 0 0 0 0 0 0 0 0 0 0 0 0 0 0 0 0 0 0 0 0 0 0 0 0 0 0 0 0 0 0 0 0 0 0 0 0 0 0 0 0 0 0 0 0 0 0 0 0 0 0 0 0 0 0 0 0 0 0 0 0 0 0 0 0 0 0 0 0 0 0 0 0 0 0 0 0 0 0 0 0 0 0 0 0 0 0 0 177 0 0 0 193 229 0 0 1 0 0 0 0 0 0 0 0 0 0 0 2 0 0 0 0 0 15 0 2 0 0 0 64 0 0 0 255 255 255 255 2 0 7 0 0 0 0 0 data 8 0x70002 0x1cba 0x1a0004 0x0 0x223f0bc54d0 0x1 0x223f0bc5580 0x5 oops 2 4 java/net/InetAddress$2 6 com/typesafe/config/ConfigException$IO
ciMethodData java/util/ArrayList ensureCapacityInternal (I)V 2 11765 orig 264 128 100 232 87 0 0 0 0 16 149 227 237 35 2 0 0 112 1 0 0 0 0 0 0 0 0 0 0 0 0 0 0 0 0 0 0 0 0 0 0 0 0 0 0 0 0 0 0 0 0 0 0 0 0 0 0 0 0 0 0 0 0 0 0 0 0 0 0 0 0 0 0 0 0 0 0 0 0 0 0 77 68 79 32 101 120 116 114 97 32 100 97 116 97 32 108 111 99 107 0 0 0 0 0 0 0 0 0 0 0 0 0 0 0 0 0 0 0 0 0 0 0 0 0 0 0 0 0 0 0 0 0 0 0 0 0 0 0 0 0 0 0 0 0 0 0 0 0 0 0 0 0 0 0 0 0 0 0 0 0 0 0 0 0 0 0 0 0 0 0 0 0 0 0 0 0 0 0 0 0 0 0 0 0 0 0 0 0 0 0 0 0 0 0 0 0 0 0 0 0 0 0 0 0 0 0 0 0 0 0 0 0 0 0 0 0 177 0 0 0 33 106 1 0 1 0 0 0 0 0 0 0 0 0 0 0 2 0 0 0 0 0 14 0 2 0 0 0 32 0 0 0 255 255 255 255 2 0 6 0 0 0 0 0 data 4 0x60002 0x2d44 0x90002 0x2d45 oops 0
ciMethodData java/util/ArrayList calculateCapacity ([Ljava/lang/Object;I)I 2 11766 orig 264 128 100 232 87 0 0 0 0 120 148 227 237 35 2 0 0 128 1 0 0 0 0 0 0 0 0 0 0 0 0 0 0 0 0 0 0 0 0 0 0 0 0 0 0 0 0 0 0 0 0 0 0 0 0 0 0 0 0 0 0 0 0 0 0 0 0 0 0 0 0 0 0 0 0 0 0 0 0 0 0 77 68 79 32 101 120 116 114 97 32 100 97 116 97 32 108 111 99 107 0 0 0 0 0 0 0 0 0 0 0 0 0 0 0 0 0 0 0 0 0 0 0 0 0 0 0 0 0 0 0 0 0 0 0 0 0 0 0 0 0 0 0 0 0 0 0 0 0 0 0 0 0 0 0 0 0 0 0 0 0 0 0 0 0 0 0 0 0 0 0 0 0 0 0 0 0 0 0 0 0 0 0 0 0 0 0 0 0 0 0 0 0 0 0 0 0 0 0 0 0 0 0 0 0 0 0 0 0 0 0 0 0 0 0 0 0 177 0 0 0 41 106 1 0 1 0 0 0 0 0 0 0 0 0 0 0 2 0 0 0 0 0 9 0 2 0 0 0 48 0 0 0 255 255 255 255 7 0 4 0 0 0 0 0 data 6 0x40007 0x2778 0x30 0x5cd 0xa0002 0x5cd oops 0
ciMethodData java/util/ArrayList ensureExplicitCapacity (I)V 2 11766 orig 264 128 100 232 87 0 0 0 0 184 149 227 237 35 2 0 0 88 1 0 0 0 0 0 0 0 0 0 0 0 0 0 0 0 0 0 0 0 0 0 0 0 0 0 0 0 0 0 0 0 0 0 0 0 0 0 0 0 0 0 0 0 0 0 0 0 0 0 0 0 0 0 0 0 0 0 0 0 0 0 0 77 68 79 32 101 120 116 114 97 32 100 97 116 97 32 108 111 99 107 0 0 0 0 0 0 0 0 0 0 0 0 0 0 0 0 0 0 0 0 0 0 0 0 0 0 0 0 0 0 0 0 0 0 0 0 0 0 0 0 0 0 0 0 0 0 0 0 0 0 0 0 0 0 0 0 0 0 0 0 0 0 0 0 0 0 0 0 0 0 0 0 0 0 0 0 0 0 0 0 0 0 0 0 0 0 0 0 0 0 0 0 0 0 0 0 0 0 0 0 0 0 0 0 0 0 0 0 0 0 0 0 0 0 0 0 0 177 0 0 0 41 106 1 0 1 0 0 0 0 0 0 0 0 0 0 0 2 0 0 0 0 0 6 0 2 0 0 0 48 0 0 0 255 255 255 255 7 0 17 0 0 0 0 0 data 6 0x110007 0x2538 0x30 0x810 0x160002 0x810 oops 0
ciMethodData java/util/ArrayList grow (I)V 2 2080 orig 264 128 100 232 87 0 0 0 0 112 150 227 237 35 2 0 0 176 1 0 0 64 0 0 0 0 0 0 0 0 0 0 0 0 0 0 0 0 0 0 0 0 0 0 0 0 0 0 0 0 0 0 0 0 0 0 0 0 0 0 0 0 0 0 0 0 0 0 0 0 0 0 0 0 0 0 0 0 0 0 0 77 68 79 32 101 120 116 114 97 32 100 97 116 97 32 108 111 99 107 0 0 0 0 0 0 0 0 0 0 0 0 0 0 0 0 0 0 0 0 0 0 0 0 0 0 0 0 0 0 0 0 0 0 0 0 0 0 0 0 0 0 0 0 0 0 0 0 0 0 0 0 0 0 0 0 0 0 0 0 0 0 0 0 0 0 0 0 0 0 0 0 0 0 0 0 0 0 0 0 0 0 0 0 0 0 0 0 0 0 0 0 0 0 0 0 0 0 0 0 0 0 0 0 0 0 0 0 0 0 0 0 0 0 0 0 0 18 0 0 0 113 64 0 0 1 0 0 0 0 0 0 0 0 0 0 0 2 0 0 0 0 0 15 0 2 0 0 0 96 0 0 0 255 255 255 255 7 0 15 0 0 0 0 0 data 12 0xf0007 0x223 0x20 0x5eb 0x180007 0x80e 0x30 0x0 0x1c0002 0x0 0x260002 0x80e oops 0
ciMethodData java/util/HashMap put (Ljava/lang/Object;Ljava/lang/Object;)Ljava/lang/Object; 2 5430 orig 264 128 100 232 87 0 0 0 0 144 34 229 237 35 2 0 0 152 1 0 0 0 0 0 0 0 0 0 0 0 0 0 0 0 0 0 0 0 0 0 0 0 0 0 0 0 0 0 0 0 0 0 0 0 0 0 0 0 0 0 0 0 0 0 0 0 0 0 0 0 0 0 0 0 0 0 0 0 0 0 0 77 68 79 32 101 120 116 114 97 32 100 97 116 97 32 108 111 99 107 0 0 0 0 0 0 0 0 0 0 0 0 0 0 0 0 0 0 0 0 0 0 0 0 0 0 0 0 0 0 0 0 0 0 0 0 0 0 0 0 0 0 0 0 0 1 0 0 0 0 0 0 0 0 0 0 0 0 0 0 0 0 0 0 0 0 0 0 0 0 0 0 0 0 0 0 0 0 0 0 0 0 0 0 0 0 0 0 0 0 0 0 0 0 0 0 0 0 0 0 0 0 0 0 0 0 0 0 0 0 0 0 0 0 0 0 0 111 0 0 0 57 166 0 0 1 0 0 0 0 0 0 0 0 0 0 0 2 0 0 0 0 0 7 0 2 0 0 0 64 0 0 0 255 255 255 255 2 0 2 0 0 0 0 0 data 8 0x20002 0x14c7 0x90005 0x12a 0x223f1cd0870 0x12ee 0x223f1cd1340 0xaf oops 2 4 java/util/HashMap 6 java/util/LinkedHashMap
ciMethodData java/util/HashMap putVal (ILjava/lang/Object;Ljava/lang/Object;ZZ)Ljava/lang/Object; 2 5442 orig 264 128 100 232 87 0 0 0 0 72 36 229 237 35 2 0 0 176 6 0 0 104 1 0 0 0 0 0 0 0 0 0 0 0 0 0 0 0 0 0 0 0 0 0 0 0 0 0 0 0 0 0 0 0 0 0 0 0 0 0 0 0 0 0 0 0 0 0 0 0 0 0 0 0 0 0 0 0 0 0 0 77 68 79 32 101 120 116 114 97 32 100 97 116 97 32 108 111 99 107 0 0 0 0 0 0 0 0 0 0 0 0 0 0 0 0 0 0 0 0 0 0 0 0 0 0 0 0 0 0 0 0 0 0 0 0 0 0 0 0 0 0 0 0 0 1 0 0 0 0 0 0 0 0 0 0 0 0 0 0 0 0 0 0 0 1 0 0 5 0 0 0 0 0 0 0 0 0 0 0 0 0 0 0 0 0 0 0 0 0 0 0 0 0 0 0 0 0 0 0 0 0 0 0 0 0 0 0 0 0 0 0 0 0 0 0 0 111 0 0 0 153 166 0 0 81 15 0 0 0 0 0 0 0 0 0 0 2 0 0 0 1 0 50 0 2 0 0 0 64 5 0 0 255 255 255 255 7 0 7 0 0 0 0 0 data 168 0x70007 0x445 0x40 0x108e 0x100007 0x108e 0x50 0x0 0x140005 0xc 0x223f1cd0870 0x431 0x223f1cd1340 0x8 0x2c0007 0x6bd 0x98 0xe16 0x380005 0x80 0x223f1cd0870 0xd6a 0x223f1d366e0 0x2c 0x3b0004 0x0 0x223f1cd61f0 0xd96 0x223f1d36790 0x80 0x3c0003 0xe16 0x3d0 0x450007 0x4e7 0xc8 0x1d6 0x510007 0x16b 0x90 0x6b 0x550007 0x0 0x88 0x6b 0x5bf005 0x32 0x223f1d36840 0x39 0x223ee7107e0 0x5 0x5e0007 0x32 0x38 0x3e 0x650003 0x1a9 0x278 0x6a0004 0xfffffffffffffae7 0x223f1cd61f0 0x91 0x223f1d36790 0x1 0x6d0007 0x519 0x98 0x0 0x720004 0x0 0x0 0x0 0x0 0x0 0x7b0005 0x0 0x0 0x0 0x0 0x0 0x800003 0x0 0x1b0 0x8e0007 0x231 0xb8 0x4d3 0x980005 0x50 0x223f1cd0870 0x482 0x223f1d368f0 0x1 0xa20007 0x4d3 0x148 0x0 0xa90005 0x0 0x0 0x0 0x0 0x0 0xac0003 0x0 0xf8 0xb50007 0x1b1 0xc8 0x7f 0xc10007 0x3c 0xc0 0x44 0xc50007 0x0 0x88 0x44 0xcb0005 0x39 0x223f1d36840 0x6 0x223ee713e40 0x4 0xce0007 0x3a 0x38 0xa 0xd10003 0xa 0x30 0xdb0003 0x1ea 0xfffffffffffffe80 0xe00007 0x4d3 0x90 0x1ef 0xec0007 0x1ef 0x40 0x0 0xf10007 0x0 0x20 0x0 0xfd4005 0x0 0x223f1cd0870 0x1ef 0x223f1cd1340 0x1 0x11c0007 0x127d 0x50 0x6c 0x1200005 0xd 0x223f1cd0870 0x5a 0x223f1cd1340 0x5 0x1270005 0xfb 0x223f1cd0870 0x11ec 0x223f1d368f0 0x2 oops 20 10 java/util/HashMap 12 java/util/LinkedHashMap 20 java/util/HashMap 22 java/lang/ProcessEnvironment 26 java/util/HashMap$Node 28 java/util/LinkedHashMap$Entry 47 com/typesafe/config/impl/Path 49 java/lang/String 60 java/util/HashMap$Node 62 java/util/LinkedHashMap$Entry 89 java/util/HashMap 91 java/io/ExpiringCache$1 120 com/typesafe/config/impl/Path 122 java/lang/Integer 148 java/util/HashMap 150 java/util/LinkedHashMap 158 java/util/HashMap 160 java/util/LinkedHashMap 164 java/util/HashMap 166 java/io/ExpiringCache$1
ciMethodData java/util/HashMap newNode (ILjava/lang/Object;Ljava/lang/Object;Ljava/util/HashMap$Node;)Ljava/util/HashMap$Node; 2 4745 orig 264 128 100 232 87 0 0 0 0 16 62 229 237 35 2 0 0 80 1 0 0 0 0 0 0 0 0 0 0 0 0 0 0 0 0 0 0 0 0 0 0 0 0 0 0 0 0 0 0 0 0 0 0 0 0 0 0 0 0 0 0 0 0 0 0 0 0 0 0 0 0 0 0 0 0 0 0 0 0 0 0 77 68 79 32 101 120 116 114 97 32 100 97 116 97 32 108 111 99 107 0 0 0 0 0 0 0 0 0 0 0 0 0 0 0 0 0 0 0 0 0 0 0 0 0 0 0 0 0 0 0 0 0 0 0 0 0 0 0 0 0 0 0 0 0 0 0 0 0 0 0 0 0 0 0 0 0 0 0 0 0 0 0 0 0 0 0 0 0 0 0 0 0 0 0 0 0 0 0 0 0 0 0 0 0 0 0 0 0 0 0 0 0 0 0 0 0 0 0 0 0 0 0 0 0 0 0 0 0 0 0 0 0 0 0 0 0 5 1 0 0 33 140 0 0 1 0 0 0 0 0 0 0 0 0 0 0 2 0 0 0 0 0 3 0 2 0 0 0 16 0 0 0 255 255 255 255 2 0 9 0 0 0 0 0 data 2 0x90002 0x1184 oops 0
ciMethodData java/util/HashMap$Node <init> (ILjava/lang/Object;Ljava/lang/Object;Ljava/util/HashMap$Node;)V 2 5006 orig 264 128 100 232 87 0 0 0 0 0 100 229 237 35 2 0 0 80 1 0 0 0 0 0 0 0 0 0 0 0 0 0 0 0 0 0 0 0 0 0 0 0 0 0 0 0 0 0 0 0 0 0 0 0 0 0 0 0 0 0 0 0 0 0 0 0 0 0 0 0 0 0 0 0 0 0 0 0 0 0 0 77 68 79 32 101 120 116 114 97 32 100 97 116 97 32 108 111 99 107 0 0 0 0 0 0 0 0 0 0 0 0 0 0 0 0 0 0 0 0 0 0 0 0 0 0 0 0 0 0 0 0 0 0 0 0 0 0 0 0 0 0 0 0 0 0 0 0 0 0 0 0 0 0 0 0 0 0 0 0 0 0 0 0 0 0 0 0 0 0 0 0 0 0 0 0 0 0 0 0 0 0 0 0 0 0 0 0 0 0 0 0 0 0 0 0 0 0 0 0 0 0 0 0 0 0 0 0 0 0 0 0 0 0 0 0 0 43 1 0 0 25 147 0 0 1 0 0 0 0 0 0 0 0 0 0 0 2 0 0 0 0 0 3 0 2 0 0 0 16 0 0 0 255 255 255 255 2 0 1 0 0 0 0 0 data 2 0x10002 0x1263 oops 0
ciMethodData java/util/HashMap afterNodeInsertion (Z)V 2 1740 orig 264 128 100 232 87 0 0 0 0 184 65 229 237 35 2 0 0 40 1 0 0 0 0 0 0 0 0 0 0 0 0 0 0 0 0 0 0 0 0 0 0 0 0 0 0 0 0 0 0 0 0 0 0 0 0 0 0 0 0 0 0 0 0 0 0 0 0 0 0 0 0 0 0 0 0 0 0 0 0 0 0 77 68 79 32 101 120 116 114 97 32 100 97 116 97 32 108 111 99 107 0 0 0 0 0 0 0 0 0 0 0 0 0 0 0 0 0 0 0 0 0 0 0 0 0 0 0 0 0 0 0 0 0 0 0 0 0 0 0 0 0 0 0 0 0 0 0 0 0 0 0 0 0 0 0 0 0 0 0 0 0 0 0 0 0 0 0 0 0 0 0 0 0 0 0 0 0 0 0 0 0 0 0 0 0 0 0 0 0 0 0 0 0 0 0 0 0 0 0 0 0 0 0 0 0 0 0 0 0 0 0 0 0 0 0 0 0 12 1 0 0 1 46 0 0 1 0 0 0 0 0 0 0 0 0 0 0 2 0 0 0 0 0 3 0 1 0 0 0 0 0 0 0 255 255 255 255 0 0 0 0 0 0 0 0 data 0 oops 0
ciMethodData java/util/Arrays copyOf ([Ljava/lang/Object;I)[Ljava/lang/Object; 2 3468 orig 264 128 100 232 87 0 0 0 0 56 134 232 237 35 2 0 0 192 1 0 0 0 0 0 0 0 0 0 0 0 0 0 0 0 0 0 0 0 0 0 0 0 0 0 0 0 0 0 0 0 0 0 0 0 0 0 0 0 0 0 0 0 0 0 0 0 0 0 0 0 0 0 0 0 0 0 0 0 0 0 0 77 68 79 32 101 120 116 114 97 32 100 97 116 97 32 108 111 99 107 0 0 0 0 0 0 0 0 0 0 0 0 0 0 0 0 0 0 0 0 0 0 0 0 0 0 0 0 0 0 0 0 0 0 0 0 0 0 0 0 0 0 0 0 0 0 0 0 0 0 0 0 0 0 0 0 0 0 0 0 0 0 0 0 0 0 0 0 0 0 0 0 0 0 0 0 0 0 0 0 0 0 0 0 0 0 0 0 0 0 0 0 0 0 0 0 0 0 0 0 0 0 0 0 0 0 0 0 0 0 0 0 0 0 0 0 0 2 1 0 0 81 100 0 0 1 0 0 0 0 0 0 0 0 0 0 0 2 0 0 0 0 0 3 0 2 0 0 0 112 0 0 0 255 255 255 255 5 0 3 0 0 0 0 0 data 14 0x30005 0x9c 0x223f0b1daf0 0xb9e 0x223f0bc4660 0x51 0x60002 0xc8b 0x90004 0x0 0x0 0x0 0x0 0x0 oops 2 2 [Ljava/lang/Object; 4 [Ljava/lang/String;
ciMethodData java/util/HashSet add (Ljava/lang/Object;)Z 2 6445 orig 264 128 100 232 87 0 0 0 0 24 81 252 237 35 2 0 0 184 1 0 0 0 0 0 0 0 0 0 0 0 0 0 0 0 0 0 0 0 0 0 0 0 0 0 0 0 0 0 0 0 0 0 0 0 0 0 0 0 0 0 0 0 0 0 0 0 0 0 0 0 0 0 0 0 0 0 0 0 0 0 0 77 68 79 32 101 120 116 114 97 32 100 97 116 97 32 108 111 99 107 0 0 0 0 0 0 0 0 0 0 0 0 0 0 0 0 0 0 0 0 0 0 0 0 0 0 0 0 0 0 0 0 0 0 0 0 0 0 0 0 0 0 0 0 0 0 0 0 0 0 0 0 0 0 0 0 0 0 0 0 0 0 0 0 0 0 0 0 0 0 0 0 0 0 0 0 0 0 0 0 0 0 0 0 0 0 0 0 0 0 0 0 0 0 0 0 0 0 0 0 0 0 0 0 0 0 0 0 0 0 0 0 0 0 0 0 0 4 1 0 0 73 193 0 0 1 0 0 0 0 0 0 0 0 0 0 0 2 0 0 0 0 0 6 0 2 0 0 0 104 0 0 0 255 255 255 255 5 0 8 0 0 0 0 0 data 13 0x80005 0x0 0x223f1cd0870 0x17dd 0x223f1cd1340 0x4b 0xb0007 0x799 0x38 0x1089 0xf0003 0x1088 0x18 oops 2 2 java/util/HashMap 4 java/util/LinkedHashMap
ciMethodData java/util/HashMap afterNodeAccess (Ljava/util/HashMap$Node;)V 2 501 orig 264 128 100 232 87 0 0 0 0 40 65 229 237 35 2 0 0 40 1 0 0 0 0 0 0 0 0 0 0 0 0 0 0 0 0 0 0 0 0 0 0 0 0 0 0 0 0 0 0 0 0 0 0 0 0 0 0 0 0 0 0 0 0 0 0 0 0 0 0 0 0 0 0 0 0 0 0 0 0 0 0 77 68 79 32 101 120 116 114 97 32 100 97 116 97 32 108 111 99 107 0 0 0 0 0 0 0 0 0 0 0 0 0 0 0 0 0 0 0 0 0 0 0 0 0 0 0 0 0 0 0 0 0 0 0 0 0 0 0 0 0 0 0 0 0 0 0 0 0 0 0 0 0 0 0 0 0 0 0 0 0 0 0 0 0 0 0 0 0 0 0 0 0 0 0 0 0 0 0 0 0 0 0 0 0 0 0 0 0 0 0 0 0 0 0 0 0 0 0 0 0 0 0 0 0 0 0 0 0 0 0 0 0 0 0 0 0 201 1 0 0 97 1 0 0 1 0 0 0 0 0 0 0 0 0 0 0 2 0 0 0 0 0 3 0 1 0 0 0 0 0 0 0 255 255 255 255 0 0 0 0 0 0 0 0 data 0 oops 0
ciMethod org/antlr/v4/runtime/IntStream index ()I 0 0 1 0 -1
ciMethod org/antlr/v4/runtime/IntStream seek (I)V 0 0 1 0 -1
ciMethod org/antlr/v4/runtime/atn/PredictionContext <init> (I)V 3137 1 2060 0 0
ciMethod org/antlr/v4/runtime/atn/PredictionContext size ()I 0 0 1 0 -1
ciMethod org/antlr/v4/runtime/atn/PredictionContext getParent (I)Lorg/antlr/v4/runtime/atn/PredictionContext; 0 0 1 0 -1
ciMethod org/antlr/v4/runtime/atn/PredictionContext getReturnState (I)I 0 0 1 0 -1
ciMethod org/antlr/v4/runtime/atn/PredictionContext isEmpty ()Z 3441 1 753 0 0
ciMethod org/antlr/v4/runtime/atn/PredictionContext hashCode ()I 1257 1 157 0 0
ciMethod org/antlr/v4/runtime/atn/PredictionContext equals (Ljava/lang/Object;)Z 0 0 1 0 -1
ciMethod org/antlr/v4/runtime/atn/PredictionContext calculateEmptyHashCode ()I 281 1 82 0 0
ciMethod org/antlr/v4/runtime/atn/PredictionContext calculateHashCode (Lorg/antlr/v4/runtime/atn/PredictionContext;I)I 2593 1 1471 0 0
ciMethod org/antlr/v4/runtime/atn/PredictionContext calculateHashCode ([Lorg/antlr/v4/runtime/atn/PredictionContext;[I)I 3121 15873 501 0 0
ciMethod org/antlr/v4/runtime/atn/PredictionContext merge (Lorg/antlr/v4/runtime/atn/PredictionContext;Lorg/antlr/v4/runtime/atn/PredictionContext;ZLorg/antlr/v4/runtime/misc/DoubleKeyMap;)Lorg/antlr/v4/runtime/atn/PredictionContext; 1 1 1329 0 0
ciMethod org/antlr/v4/runtime/atn/PredictionContext mergeSingletons (Lorg/antlr/v4/runtime/atn/SingletonPredictionContext;Lorg/antlr/v4/runtime/atn/SingletonPredictionContext;ZLorg/antlr/v4/runtime/misc/DoubleKeyMap;)Lorg/antlr/v4/runtime/atn/PredictionContext; 1025 1 163 0 -1
ciMethod org/antlr/v4/runtime/atn/PredictionContext mergeRoot (Lorg/antlr/v4/runtime/atn/SingletonPredictionContext;Lorg/antlr/v4/runtime/atn/SingletonPredictionContext;Z)Lorg/antlr/v4/runtime/atn/PredictionContext; 3177 1 163 0 -1
ciMethod org/antlr/v4/runtime/atn/PredictionContext mergeArrays (Lorg/antlr/v4/runtime/atn/ArrayPredictionContext;Lorg/antlr/v4/runtime/atn/ArrayPredictionContext;ZLorg/antlr/v4/runtime/misc/DoubleKeyMap;)Lorg/antlr/v4/runtime/atn/PredictionContext; 1377 5681 206 0 -1
ciMethod org/antlr/v4/runtime/atn/PredictionContext combineCommonParents ([Lorg/antlr/v4/runtime/atn/PredictionContext;)V 1953 14985 212 0 -1
ciMethod org/antlr/v4/runtime/atn/EmptyPredictionContext isEmpty ()Z 1153 1 144 0 0
ciMethod org/antlr/v4/runtime/atn/SingletonPredictionContext <init> (Lorg/antlr/v4/runtime/atn/PredictionContext;I)V 577 1 1554 0 0
ciMethod org/antlr/v4/runtime/atn/SingletonPredictionContext create (Lorg/antlr/v4/runtime/atn/PredictionContext;I)Lorg/antlr/v4/runtime/atn/SingletonPredictionContext; 569 1 1551 0 0
ciMethod org/antlr/v4/runtime/atn/SingletonPredictionContext size ()I 1281 1 160 0 0
ciMethod org/antlr/v4/runtime/atn/SingletonPredictionContext getParent (I)Lorg/antlr/v4/runtime/atn/PredictionContext; 3201 1 556 0 0
ciMethod org/antlr/v4/runtime/atn/SingletonPredictionContext getReturnState (I)I 3705 1 890 0 0
ciMethod org/antlr/v4/runtime/atn/SingletonPredictionContext equals (Ljava/lang/Object;)Z 3337 1 1479 0 0
ciMethod org/antlr/v4/runtime/atn/Transition getSerializationType ()I 0 0 1 0 -1
ciMethod org/antlr/v4/runtime/atn/Transition isEpsilon ()Z 3857 1 482 0 -1
ciMethod org/antlr/v4/runtime/atn/Transition matches (III)Z 0 0 1 0 -1
ciMethod org/antlr/v4/runtime/atn/EpsilonTransition outermostPrecedenceReturn ()I 0 0 1 0 -1
ciMethod org/antlr/v4/runtime/atn/ATNState getNumberOfTransitions ()I 4097 1 34170 0 96
ciMethod org/antlr/v4/runtime/atn/ATNState transition (I)Lorg/antlr/v4/runtime/atn/Transition; 3729 1 22320 0 256
ciMethod org/antlr/v4/runtime/atn/ATNState onlyHasEpsilonTransitions ()Z 6313 1 789 0 0
ciMethod org/antlr/v4/runtime/atn/PredicateTransition getPredicate ()Lorg/antlr/v4/runtime/atn/SemanticContext$Predicate; 0 0 1 0 -1
ciMethod org/antlr/v4/runtime/atn/PrecedencePredicateTransition getPredicate ()Lorg/antlr/v4/runtime/atn/SemanticContext$PrecedencePredicate; 1 1 1 0 0
ciMethodData org/antlr/v4/runtime/atn/ATNState getNumberOfTransitions ()I 2 35773 orig 264 128 100 232 87 0 0 0 0 80 253 148 241 35 2 0 0 120 1 0 0 0 0 0 0 0 0 0 0 0 0 0 0 0 0 0 0 0 0 0 0 0 0 0 0 0 0 0 0 0 0 0 0 0 0 0 0 0 0 0 0 0 0 0 0 0 0 0 0 0 0 0 0 0 0 0 0 0 0 0 0 77 68 79 32 101 120 116 114 97 32 100 97 116 97 32 108 111 99 107 0 0 0 0 0 0 0 0 0 0 0 0 0 0 0 0 0 0 0 0 0 0 0 0 0 0 0 0 0 0 0 0 0 0 0 0 0 0 0 0 0 0 0 0 0 0 0 0 0 0 0 0 0 0 0 0 0 0 0 0 0 0 0 0 0 0 0 0 0 0 0 0 0 0 0 0 0 0 0 0 0 0 0 0 0 0 0 0 0 0 0 0 0 0 0 0 0 0 0 0 0 0 0 0 0 0 0 0 0 0 0 0 0 0 0 0 0 0 2 0 0 233 77 4 0 1 0 0 0 0 0 0 0 0 0 0 0 2 0 0 0 0 0 3 0 2 0 0 0 48 0 0 0 255 255 255 255 5 0 4 0 0 0 0 0 data 6 0x40005 0x0 0x223f072f6c0 0x89cb 0x0 0x0 oops 1 2 java/util/ArrayList
ciMethodData org/antlr/v4/runtime/atn/ATNState transition (I)Lorg/antlr/v4/runtime/atn/Transition; 2 23321 orig 264 128 100 232 87 0 0 0 0 224 255 148 241 35 2 0 0 176 1 0 0 0 0 0 0 0 0 0 0 0 0 0 0 0 0 0 0 0 0 0 0 0 0 0 0 0 0 0 0 0 0 0 0 0 0 0 0 0 0 0 0 0 0 0 0 0 0 0 0 0 0 0 0 0 0 0 0 0 0 0 0 77 68 79 32 101 120 116 114 97 32 100 97 116 97 32 108 111 99 107 0 0 0 0 0 0 0 0 0 0 0 0 0 0 0 0 0 0 0 0 0 0 0 0 0 0 0 0 0 0 0 0 0 0 0 0 0 0 0 0 0 0 0 0 0 0 0 0 0 0 0 0 0 0 0 0 0 0 0 0 0 0 0 0 0 0 0 0 0 0 0 0 0 0 0 0 0 0 0 0 0 0 0 0 0 0 0 0 0 0 0 0 0 0 0 0 0 0 0 0 0 0 0 0 0 0 0 0 0 0 0 0 0 0 0 0 0 207 1 0 0 57 202 2 0 1 0 0 0 0 0 0 0 0 0 0 0 2 0 0 0 0 0 3 0 2 0 0 0 96 0 0 0 255 255 255 255 5 0 5 0 0 0 0 0 data 12 0x50005 0x0 0x223f072f6c0 0x594f 0x0 0x0 0xa0004 0x0 0x223f106f2e0 0x1470 0x223f0724dd0 0x3410 oops 3 2 java/util/ArrayList 8 org/antlr/v4/runtime/atn/AtomTransition 10 org/antlr/v4/runtime/atn/EpsilonTransition
ciMethod org/antlr/v4/runtime/dfa/DFA isPrecedenceDfa ()Z 1033 1 63 0 0
ciMethod org/antlr/v4/runtime/atn/ATNConfig <init> (Lorg/antlr/v4/runtime/atn/ATNState;ILorg/antlr/v4/runtime/atn/PredictionContext;Lorg/antlr/v4/runtime/atn/SemanticContext;)V 2465 1 2556 0 0
ciMethod org/antlr/v4/runtime/atn/ATNConfig <init> (Lorg/antlr/v4/runtime/atn/ATNConfig;Lorg/antlr/v4/runtime/atn/ATNState;)V 2433 1 7979 0 0
ciMethod org/antlr/v4/runtime/atn/ATNConfig <init> (Lorg/antlr/v4/runtime/atn/ATNConfig;Lorg/antlr/v4/runtime/atn/ATNState;Lorg/antlr/v4/runtime/atn/SemanticContext;)V 0 0 1 0 0
ciMethod org/antlr/v4/runtime/atn/ATNConfig <init> (Lorg/antlr/v4/runtime/atn/ATNConfig;Lorg/antlr/v4/runtime/atn/ATNState;Lorg/antlr/v4/runtime/atn/PredictionContext;)V 737 1 654 0 0
ciMethod org/antlr/v4/runtime/atn/ATNConfig <init> (Lorg/antlr/v4/runtime/atn/ATNConfig;Lorg/antlr/v4/runtime/atn/ATNState;Lorg/antlr/v4/runtime/atn/PredictionContext;Lorg/antlr/v4/runtime/atn/SemanticContext;)V 2873 1 5479 0 128
ciMethod org/antlr/v4/runtime/atn/ATNConfig getOuterContextDepth ()I 3857 1 3874 0 0
ciMethod org/antlr/v4/runtime/atn/ATNConfig isPrecedenceFilterSuppressed ()Z 3201 1 6052 0 0
ciMethod org/antlr/v4/runtime/atn/ATNConfig setPrecedenceFilterSuppressed (Z)V 0 0 1 0 -1
ciMethod org/antlr/v4/runtime/atn/ATNConfig equals (Ljava/lang/Object;)Z 3953 1 3192 0 0
ciMethod org/antlr/v4/runtime/atn/ATNConfig equals (Lorg/antlr/v4/runtime/atn/ATNConfig;)Z 3945 1 3195 0 0
ciMethod org/antlr/v4/runtime/atn/ATNConfig hashCode ()I 2385 1 6036 0 -1
ciMethod org/antlr/v4/runtime/atn/LexerATNConfig hashCode ()I 4097 1 3571 0 0
ciMethod org/antlr/v4/runtime/atn/LexerATNConfig equals (Lorg/antlr/v4/runtime/atn/ATNConfig;)Z 3953 1 1074 0 0
ciMethod org/antlr/v4/runtime/atn/ATNConfigSet add (Lorg/antlr/v4/runtime/atn/ATNConfig;Lorg/antlr/v4/runtime/misc/DoubleKeyMap;)Z 2225 1 3339 0 0
ciMethod org/antlr/v4/runtime/atn/ATNConfigSet$AbstractConfigHashSet createBucket (I)[Lorg/antlr/v4/runtime/atn/ATNConfig; 3937 1 3333 0 0
ciMethod org/antlr/v4/runtime/atn/ATNConfigSet$AbstractConfigHashSet createBucket (I)[Ljava/lang/Object; 3937 1 3325 0 0
ciMethod org/antlr/v4/runtime/misc/Array2DHashSet getOrAdd (Ljava/lang/Object;)Ljava/lang/Object; 3849 1 3874 0 0
ciMethod org/antlr/v4/runtime/misc/Array2DHashSet getOrAddImpl (Ljava/lang/Object;)Ljava/lang/Object; 3129 1225 3873 0 0
ciMethod org/antlr/v4/runtime/misc/Array2DHashSet getBucket (Ljava/lang/Object;)I 4097 1 5377 0 0
ciMethod org/antlr/v4/runtime/misc/Array2DHashSet expand ()V 65 6785 54 0 0
ciMethod org/antlr/v4/runtime/misc/Array2DHashSet size ()I 1089 1 54 0 -1
ciMethod org/antlr/v4/runtime/misc/Array2DHashSet createBuckets (I)[[Ljava/lang/Object; 0 0 1 0 -1
ciMethod org/antlr/v4/runtime/misc/Array2DHashSet createBucket (I)[Ljava/lang/Object; 0 0 1 0 -1
ciMethod org/antlr/v4/runtime/misc/EqualityComparator hashCode (Ljava/lang/Object;)I 0 0 1 0 -1
ciMethod org/antlr/v4/runtime/misc/EqualityComparator equals (Ljava/lang/Object;Ljava/lang/Object;)Z 0 0 1 0 -1
ciMethod org/antlr/v4/runtime/misc/ObjectEqualityComparator hashCode (Ljava/lang/Object;)I 4097 1 1716 0 0
ciMethod org/antlr/v4/runtime/misc/ObjectEqualityComparator equals (Ljava/lang/Object;Ljava/lang/Object;)Z 4097 1 1379 0 0
ciMethod org/antlr/v4/runtime/atn/ATNConfigSet$ConfigEqualityComparator hashCode (Lorg/antlr/v4/runtime/atn/ATNConfig;)I 4097 1 3654 0 0
ciMethod org/antlr/v4/runtime/atn/ATNConfigSet$ConfigEqualityComparator equals (Lorg/antlr/v4/runtime/atn/ATNConfig;Lorg/antlr/v4/runtime/atn/ATNConfig;)Z 3217 1 1985 0 0
ciMethod org/antlr/v4/runtime/atn/ATNConfigSet$ConfigEqualityComparator equals (Ljava/lang/Object;Ljava/lang/Object;)Z 3129 1 1986 0 0
ciMethod org/antlr/v4/runtime/atn/ATNConfigSet$ConfigEqualityComparator hashCode (Ljava/lang/Object;)I 4097 1 3657 0 0
ciMethod org/antlr/v4/runtime/atn/ParserATNSimulator evalSemanticContext (Lorg/antlr/v4/runtime/atn/SemanticContext;Lorg/antlr/v4/runtime/ParserRuleContext;IZ)Z 4097 1 1 0 -1
ciMethod org/antlr/v4/runtime/atn/ParserATNSimulator closureCheckingStopState (Lorg/antlr/v4/runtime/atn/ATNConfig;Lorg/antlr/v4/runtime/atn/ATNConfigSet;Ljava/util/Set;ZZIZ)V 4097 81 5711 0 0
ciMethod org/antlr/v4/runtime/atn/ParserATNSimulator closure_ (Lorg/antlr/v4/runtime/atn/ATNConfig;Lorg/antlr/v4/runtime/atn/ATNConfigSet;Ljava/util/Set;ZZIZ)V 4097 4753 5979 0 0
ciMethod org/antlr/v4/runtime/atn/ParserATNSimulator getEpsilonTarget (Lorg/antlr/v4/runtime/atn/ATNConfig;Lorg/antlr/v4/runtime/atn/Transition;ZZZZ)Lorg/antlr/v4/runtime/atn/ATNConfig; 3849 1 10928 0 1984
ciMethod org/antlr/v4/runtime/atn/ParserATNSimulator actionTransition (Lorg/antlr/v4/runtime/atn/ATNConfig;Lorg/antlr/v4/runtime/atn/ActionTransition;)Lorg/antlr/v4/runtime/atn/ATNConfig; 0 0 2 0 0
ciMethod org/antlr/v4/runtime/atn/ParserATNSimulator precedenceTransition (Lorg/antlr/v4/runtime/atn/ATNConfig;Lorg/antlr/v4/runtime/atn/PrecedencePredicateTransition;ZZZ)Lorg/antlr/v4/runtime/atn/ATNConfig; 1 1 851 0 0
ciMethod org/antlr/v4/runtime/atn/ParserATNSimulator predTransition (Lorg/antlr/v4/runtime/atn/ATNConfig;Lorg/antlr/v4/runtime/atn/PredicateTransition;ZZZ)Lorg/antlr/v4/runtime/atn/ATNConfig; 0 0 1 0 0
ciMethod org/antlr/v4/runtime/atn/ParserATNSimulator ruleTransition (Lorg/antlr/v4/runtime/atn/ATNConfig;Lorg/antlr/v4/runtime/atn/RuleTransition;)Lorg/antlr/v4/runtime/atn/ATNConfig; 737 1 656 0 0
ciMethod org/antlr/v4/runtime/atn/SemanticContext and (Lorg/antlr/v4/runtime/atn/SemanticContext;Lorg/antlr/v4/runtime/atn/SemanticContext;)Lorg/antlr/v4/runtime/atn/SemanticContext; 0 0 1 0 0
ciMethod org/antlr/v4/runtime/atn/SemanticContext$Predicate hashCode ()I 4097 1 5826 0 256
ciMethod org/antlr/v4/runtime/atn/SemanticContext$Predicate equals (Ljava/lang/Object;)Z 3153 1 3612 0 0
ciMethod org/antlr/v4/runtime/atn/ArrayPredictionContext <init> (Lorg/antlr/v4/runtime/atn/SingletonPredictionContext;)V 1385 1 207 0 0
ciMethod org/antlr/v4/runtime/atn/ArrayPredictionContext <init> ([Lorg/antlr/v4/runtime/atn/PredictionContext;[I)V 3121 1 489 0 0
ciMethod org/antlr/v4/runtime/atn/ArrayPredictionContext equals (Ljava/lang/Object;)Z 4097 1 703 0 0
ciMethod org/antlr/v4/runtime/misc/MurmurHash initialize ()I 4097 1 5894 0 0
ciMethod org/antlr/v4/runtime/misc/MurmurHash initialize (I)I 2249 1 16639 0 0
ciMethod org/antlr/v4/runtime/misc/MurmurHash update (II)I 2577 1 6268 0 64
ciMethod org/antlr/v4/runtime/misc/MurmurHash update (ILjava/lang/Object;)I 2089 1 25084 0 192
ciMethod org/antlr/v4/runtime/misc/MurmurHash finish (II)I 4097 1 1652 0 96
ciMethodData org/antlr/v4/runtime/misc/MurmurHash update (II)I 2 6268 orig 264 128 100 232 87 0 0 0 0 232 246 173 241 35 2 0 0 48 1 0 0 0 0 0 0 0 0 0 0 0 0 0 0 0 0 0 0 0 0 0 0 0 0 0 0 0 0 0 0 0 0 0 0 0 0 0 0 0 0 0 0 0 0 0 0 0 0 0 0 0 0 0 0 0 0 0 0 0 0 0 0 77 68 79 32 101 120 116 114 97 32 100 97 116 97 32 108 111 99 107 0 0 0 0 0 0 0 0 0 0 0 0 0 0 0 0 0 0 0 0 0 0 0 0 0 0 0 0 0 0 0 0 0 0 0 0 0 0 0 0 0 0 0 0 0 0 0 0 0 0 0 0 0 0 0 0 0 0 0 0 0 0 0 0 0 0 0 0 0 0 0 0 0 0 0 0 0 0 0 0 0 0 0 0 0 25 0 0 0 0 0 0 0 0 0 0 0 0 0 0 0 0 0 0 0 0 0 0 0 0 0 0 0 0 0 0 0 62 1 0 0 209 185 0 0 1 0 0 0 0 0 0 0 0 0 0 0 2 0 0 0 0 0 3 0 1 0 0 0 0 0 0 0 255 255 255 255 0 0 0 0 0 0 0 0 data 0 oops 0
ciMethodData org/antlr/v4/runtime/misc/MurmurHash update (ILjava/lang/Object;)I 2 25084 orig 264 128 100 232 87 0 0 0 0 160 247 173 241 35 2 0 0 200 1 0 0 104 0 0 0 0 0 0 0 0 0 0 0 0 0 0 0 0 0 0 0 0 0 0 0 0 0 0 0 0 0 0 0 0 0 0 0 0 0 0 0 0 0 0 0 0 0 0 0 0 0 0 0 0 0 0 0 0 0 0 0 77 68 79 32 101 120 116 114 97 32 100 97 116 97 32 108 111 99 107 0 0 0 0 0 0 0 0 0 0 0 0 0 0 0 0 0 0 0 0 0 0 0 0 0 0 0 0 0 0 0 0 0 0 0 0 0 0 0 0 0 0 0 0 0 0 0 0 0 0 0 0 0 0 0 0 0 0 0 0 0 0 0 0 0 0 0 0 0 0 0 0 0 0 0 0 0 0 0 0 0 0 0 0 0 0 0 0 0 0 0 0 0 0 0 0 0 0 0 0 0 0 0 0 0 0 0 0 0 0 0 0 0 0 0 0 0 5 1 0 0 185 7 3 0 1 0 0 0 0 0 0 0 0 0 0 0 2 0 0 0 0 0 6 0 2 0 0 0 120 0 0 0 255 255 255 255 7 0 2 0 0 0 0 0 data 15 0x20007 0xe9d 0x68 0x526a 0x60005 0x16db 0x223f072f610 0x1674 0x223f0b88660 0x2537 0x90003 0x5268 0x18 0xd0002 0x60f7 oops 2 6 org/antlr/v4/runtime/atn/EmptyPredictionContext 8 org/antlr/v4/runtime/atn/SemanticContext$Predicate
ciMethodData org/antlr/v4/runtime/misc/MurmurHash initialize (I)I 2 16639 orig 264 128 100 232 87 0 0 0 0 144 245 173 241 35 2 0 0 32 1 0 0 0 0 0 0 0 0 0 0 0 0 0 0 0 0 0 0 0 0 0 0 0 0 0 0 0 0 0 0 0 0 0 0 0 0 0 0 0 0 0 0 0 0 0 0 0 0 0 0 0 0 0 0 0 0 0 0 0 0 0 0 77 68 79 32 101 120 116 114 97 32 100 97 116 97 32 108 111 99 107 0 0 0 0 0 0 0 0 0 0 0 0 0 0 0 0 0 0 0 0 0 0 0 0 0 0 0 0 0 0 0 0 0 0 0 0 0 0 0 0 0 0 0 0 0 0 0 0 0 0 0 0 0 0 0 0 0 0 0 0 0 0 0 0 0 0 0 0 0 0 0 0 0 0 0 0 0 0 0 0 0 0 0 0 0 0 0 0 0 0 0 0 0 0 0 0 0 0 0 0 0 0 0 0 0 0 0 0 0 0 0 0 0 0 0 0 0 25 1 0 0 49 255 1 0 1 0 0 0 0 0 0 0 0 0 0 0 2 0 0 0 0 0 3 0 1 0 0 0 0 0 0 0 255 255 255 255 0 0 0 0 0 0 0 0 data 0 oops 0
ciMethodData org/antlr/v4/runtime/misc/MurmurHash finish (II)I 2 1652 orig 264 128 100 232 87 0 0 0 0 152 248 173 241 35 2 0 0 40 1 0 0 0 0 0 0 0 0 0 0 0 0 0 0 0 0 0 0 0 0 0 0 0 0 0 0 0 0 0 0 0 0 0 0 0 0 0 0 0 0 0 0 0 0 0 0 0 0 0 0 0 0 0 0 0 0 0 0 0 0 0 0 77 68 79 32 101 120 116 114 97 32 100 97 116 97 32 108 111 99 107 0 0 0 0 0 0 0 0 0 0 0 0 0 0 0 0 0 0 0 0 0 0 0 0 0 0 0 0 0 0 0 0 0 0 0 0 0 0 0 0 0 0 0 0 0 0 0 0 0 0 0 0 0 0 0 0 0 0 0 0 0 0 0 0 0 0 0 0 0 0 0 0 0 0 0 0 0 0 0 0 0 0 0 0 0 25 0 0 0 0 0 0 0 0 0 0 0 0 0 0 0 0 0 0 0 0 0 0 0 0 0 0 0 0 0 0 0 0 2 0 0 161 35 0 0 1 0 0 0 0 0 0 0 0 0 0 0 2 0 0 0 0 0 3 0 1 0 0 0 0 0 0 0 255 255 255 255 0 0 0 0 0 0 0 0 data 0 oops 0
ciMethodData org/antlr/v4/runtime/atn/LexerATNConfig hashCode ()I 2 3571 orig 264 128 100 232 87 0 0 0 0 104 173 150 241 35 2 0 0 0 2 0 0 136 0 0 0 0 0 0 0 0 0 0 0 0 0 0 0 0 0 0 0 0 0 0 0 0 0 0 0 0 0 0 0 0 0 0 0 0 0 0 0 0 0 0 0 0 0 0 0 0 0 0 0 0 0 0 0 0 0 0 0 77 68 79 32 101 120 116 114 97 32 100 97 116 97 32 108 111 99 107 0 0 0 0 0 0 0 0 0 0 0 0 0 0 0 0 0 0 0 0 0 0 0 0 0 0 0 0 0 0 0 0 0 0 0 0 0 0 0 0 0 0 0 0 0 0 0 0 0 0 0 0 0 0 0 0 0 0 0 0 0 0 0 0 0 0 0 0 0 0 0 0 0 0 0 0 0 0 0 0 0 0 0 0 0 0 0 0 0 0 0 0 0 0 0 0 0 0 0 0 0 0 0 0 0 0 0 0 0 0 0 0 0 0 0 0 0 0 2 0 0 153 95 0 0 1 0 0 0 0 0 0 0 0 0 0 0 2 0 0 0 0 0 18 0 2 0 0 0 184 0 0 0 255 255 255 255 2 0 2 0 0 0 0 0 data 23 0x20002 0xbf3 0xe0002 0xbf4 0x170002 0xbf4 0x200002 0xbf4 0x290002 0xbf6 0x320007 0xa62 0x38 0x193 0x360003 0x193 0x18 0x3a0002 0xbf6 0x430002 0xbf6 0x4a0002 0xbf4 oops 0
ciMethodData org/antlr/v4/runtime/atn/SemanticContext$Predicate hashCode ()I 2 5826 orig 264 128 100 232 87 0 0 0 0 168 238 172 241 35 2 0 0 208 1 0 0 104 0 0 0 0 0 0 0 0 0 0 0 0 0 0 0 0 0 0 0 0 0 0 0 0 0 0 0 0 0 0 0 0 0 0 0 0 0 0 0 0 0 0 0 0 0 0 0 0 0 0 0 0 0 0 0 0 0 0 0 77 68 79 32 101 120 116 114 97 32 100 97 116 97 32 108 111 99 107 0 0 0 0 0 0 0 0 0 0 0 0 0 0 0 0 0 0 0 0 0 0 0 0 0 0 0 0 0 0 0 0 0 0 0 0 0 0 0 0 0 0 0 0 0 0 0 0 0 0 0 0 0 0 0 0 0 0 0 0 0 0 0 0 0 0 0 0 0 0 0 0 0 0 0 0 0 0 0 0 0 0 0 0 0 0 0 0 0 0 0 0 0 0 0 0 0 0 0 0 0 0 0 0 0 0 0 0 0 0 0 0 0 0 0 0 0 0 2 0 0 17 166 0 0 1 0 0 0 0 0 0 0 0 0 0 0 2 0 0 0 0 0 6 0 2 0 0 0 136 0 0 0 255 255 255 255 2 0 0 0 0 0 0 0 data 17 0x2 0x14c4 0x90002 0x14c5 0x120002 0x14c8 0x1b0007 0x14c9 0x38 0x0 0x1f0003 0x0 0x18 0x230002 0x14ca 0x290002 0x14cb oops 0
ciMethodData org/antlr/v4/runtime/misc/MurmurHash initialize ()I 2 5894 orig 264 128 100 232 87 0 0 0 0 240 244 173 241 35 2 0 0 80 1 0 0 0 0 0 0 0 0 0 0 0 0 0 0 0 0 0 0 0 0 0 0 0 0 0 0 0 0 0 0 0 0 0 0 0 0 0 0 0 0 0 0 0 0 0 0 0 0 0 0 0 0 0 0 0 0 0 0 0 0 0 0 77 68 79 32 101 120 116 114 97 32 100 97 116 97 32 108 111 99 107 0 0 0 0 0 0 0 0 0 0 0 0 0 0 0 0 0 0 0 0 0 0 0 0 0 0 0 0 0 0 0 0 0 0 0 0 0 0 0 0 0 0 0 0 0 0 0 0 0 0 0 0 0 0 0 0 0 0 0 0 0 0 0 0 0 0 0 0 0 0 0 0 0 0 0 0 0 0 0 0 0 0 0 0 0 0 0 0 0 0 0 0 0 0 0 0 0 0 0 0 0 0 0 0 0 0 0 0 0 0 0 0 0 0 0 0 0 0 2 0 0 49 168 0 0 1 0 0 0 0 0 0 0 0 0 0 0 2 0 0 0 0 0 3 0 2 0 0 0 16 0 0 0 255 255 255 255 2 0 1 0 0 0 0 0 data 2 0x10002 0x1507 oops 0
ciMethodData org/antlr/v4/runtime/atn/ATNConfig <init> (Lorg/antlr/v4/runtime/atn/ATNConfig;Lorg/antlr/v4/runtime/atn/ATNState;Lorg/antlr/v4/runtime/atn/PredictionContext;Lorg/antlr/v4/runtime/atn/SemanticContext;)V 2 5479 orig 264 128 100 232 87 0 0 0 0 176 155 150 241 35 2 0 0 80 1 0 0 0 0 0 0 0 0 0 0 0 0 0 0 0 0 0 0 0 0 0 0 0 0 0 0 0 0 0 0 0 0 0 0 0 0 0 0 0 0 0 0 0 0 0 0 0 0 0 0 0 0 0 0 0 0 0 0 0 0 0 0 77 68 79 32 101 120 116 114 97 32 100 97 116 97 32 108 111 99 107 0 0 0 0 0 0 0 0 0 0 0 0 0 0 0 0 0 0 0 0 0 0 0 0 0 0 0 0 0 0 0 0 0 0 0 0 0 0 0 0 0 0 0 0 0 0 0 0 0 0 0 0 0 0 0 0 0 0 0 0 0 0 0 0 0 0 0 0 0 0 0 0 0 0 0 0 0 0 0 0 0 0 0 0 0 1 0 0 0 0 0 0 0 0 0 0 0 0 0 0 0 3 0 0 0 0 0 0 0 0 0 0 0 0 0 0 0 103 1 0 0 1 160 0 0 1 0 0 0 0 0 0 0 0 0 0 0 2 0 0 0 0 0 3 0 2 0 0 0 16 0 0 0 255 255 255 255 2 0 1 0 0 0 0 0 data 2 0x10002 0x1401 oops 0
ciMethodData org/antlr/v4/runtime/atn/SingletonPredictionContext create (Lorg/antlr/v4/runtime/atn/PredictionContext;I)Lorg/antlr/v4/runtime/atn/SingletonPredictionContext; 2 1555 orig 264 128 100 232 87 0 0 0 0 168 131 148 241 35 2 0 0 120 1 0 0 32 0 0 0 0 0 0 0 0 0 0 0 0 0 0 0 0 0 0 0 0 0 0 0 0 0 0 0 0 0 0 0 0 0 0 0 0 0 0 0 0 0 0 0 0 0 0 0 0 0 0 0 0 0 0 0 0 0 0 0 77 68 79 32 101 120 116 114 97 32 100 97 116 97 32 108 111 99 107 0 0 0 0 0 0 0 0 0 0 0 0 0 0 0 0 0 0 0 0 0 0 0 0 0 0 0 0 0 0 0 0 0 0 0 0 0 0 0 0 0 0 0 0 0 0 0 0 0 0 0 0 0 0 0 0 0 0 0 0 0 0 0 0 0 0 0 0 0 0 0 0 0 0 0 0 0 0 0 0 0 0 0 0 0 0 0 0 0 0 0 0 0 0 0 0 0 0 0 0 0 0 0 0 0 0 0 0 0 0 0 0 0 0 0 0 0 71 0 0 0 97 46 0 0 1 0 0 0 0 0 0 0 0 0 0 0 2 0 0 0 0 0 8 0 2 0 0 0 80 0 0 0 255 255 255 255 7 0 3 0 0 0 0 0 data 10 0x30007 0x5cc 0x40 0x0 0x70007 0x0 0x20 0x0 0x140002 0x5ca oops 0
ciMethodData org/antlr/v4/runtime/misc/Array2DHashSet getBucket (Ljava/lang/Object;)I 2 5377 orig 264 128 100 232 87 0 0 0 0 168 7 151 241 35 2 0 0 128 1 0 0 0 0 0 0 0 0 0 0 0 0 0 0 0 0 0 0 0 0 0 0 0 0 0 0 0 0 0 0 0 0 0 0 0 0 0 0 0 0 0 0 0 0 0 0 0 0 0 0 0 0 0 0 0 0 0 0 0 0 0 0 77 68 79 32 101 120 116 114 97 32 100 97 116 97 32 108 111 99 107 0 0 0 0 0 0 0 0 0 0 0 0 0 0 0 0 0 0 0 0 0 0 0 0 0 0 0 0 0 0 0 0 0 0 0 0 0 0 0 0 0 0 0 0 0 0 0 0 0 0 0 0 0 0 0 0 0 0 0 0 0 0 0 0 0 0 0 0 0 0 0 0 0 0 0 0 0 0 0 0 0 0 0 0 0 0 0 0 0 0 0 0 0 0 0 0 0 0 0 0 0 0 0 0 0 0 0 0 0 0 0 0 0 0 0 0 0 0 2 0 0 9 152 0 0 1 0 0 0 0 0 0 0 0 0 0 0 2 0 0 0 0 0 3 0 2 0 0 0 48 0 0 0 255 255 255 255 5 0 5 0 0 0 0 0 data 6 0x50005 0x0 0x223f0b81790 0x4b4 0x223f0b81840 0xe4d oops 2 2 org/antlr/v4/runtime/misc/ObjectEqualityComparator 4 org/antlr/v4/runtime/atn/ATNConfigSet$ConfigEqualityComparator
ciMethodData org/antlr/v4/runtime/atn/SingletonPredictionContext <init> (Lorg/antlr/v4/runtime/atn/PredictionContext;I)V 2 1554 orig 264 128 100 232 87 0 0 0 0 192 130 148 241 35 2 0 0 16 2 0 0 88 0 0 0 0 0 0 0 0 0 0 0 0 0 0 0 0 0 0 0 0 0 0 0 0 0 0 0 0 0 0 0 0 0 0 0 0 0 0 0 0 0 0 0 0 0 0 0 0 0 0 0 0 0 0 0 0 0 0 0 77 68 79 32 101 120 116 114 97 32 100 97 116 97 32 108 111 99 107 0 0 0 0 0 0 0 0 0 0 0 0 0 0 0 0 0 0 0 0 0 0 0 0 0 0 0 0 0 0 0 0 0 0 0 0 0 0 0 0 0 0 0 0 0 0 0 0 0 0 0 0 0 0 0 0 0 0 0 0 0 0 0 0 0 0 0 0 0 0 0 0 0 0 0 0 0 0 0 0 0 0 0 0 0 0 0 0 0 0 0 0 0 0 0 0 0 0 0 0 0 0 0 0 0 0 0 0 0 0 0 0 0 0 0 0 0 72 0 0 0 81 46 0 0 1 0 0 0 0 0 0 0 0 0 0 0 2 0 0 0 0 0 12 0 2 0 0 0 184 0 0 0 255 255 255 255 7 0 2 0 0 0 0 0 data 23 0x20007 0x51 0x48 0x579 0x70002 0x57a 0xa0003 0x57c 0x28 0xd0002 0x52 0x100002 0x5d1 0x160007 0x5d1 0x50 0x0 0x1b0007 0x0 0x30 0x0 0x220002 0x0 oops 0
ciMethodData org/antlr/v4/runtime/misc/ObjectEqualityComparator hashCode (Ljava/lang/Object;)I 2 1716 orig 264 128 100 232 87 0 0 0 0 152 47 168 241 35 2 0 0 160 1 0 0 0 0 0 0 0 0 0 0 0 0 0 0 0 0 0 0 0 0 0 0 0 0 0 0 0 0 0 0 0 0 0 0 0 0 0 0 0 0 0 0 0 0 0 0 0 0 0 0 0 0 0 0 0 0 0 0 0 0 0 0 77 68 79 32 101 120 116 114 97 32 100 97 116 97 32 108 111 99 107 0 0 0 0 0 0 0 0 0 0 0 0 0 0 0 0 0 0 0 0 0 0 0 0 0 0 0 0 0 0 0 0 0 0 0 0 0 0 0 0 0 0 0 0 0 0 0 0 0 0 0 0 0 0 0 0 0 0 0 0 0 0 0 0 0 0 0 0 0 0 0 0 0 0 0 0 0 0 0 0 0 0 0 0 0 0 0 0 0 0 0 0 0 0 0 0 0 0 0 0 0 0 0 0 0 0 0 0 0 0 0 0 0 0 0 0 0 0 2 0 0 161 37 0 0 1 0 0 0 0 0 0 0 0 0 0 0 2 0 0 0 0 0 5 0 2 0 0 0 80 0 0 0 255 255 255 255 7 0 1 0 0 0 0 0 data 10 0x10007 0x4b4 0x20 0x0 0x70005 0x0 0x223f0b8ccd0 0x4b4 0x0 0x0 oops 1 6 org/antlr/v4/runtime/atn/LexerATNConfig
ciMethodData org/antlr/v4/runtime/atn/ATNConfigSet add (Lorg/antlr/v4/runtime/atn/ATNConfig;Lorg/antlr/v4/runtime/misc/DoubleKeyMap;)Z 2 3845 orig 264 128 100 232 87 0 0 0 0 80 191 150 241 35 2 0 0 128 3 0 0 112 1 0 0 0 0 0 0 0 0 0 0 0 0 0 0 0 0 0 0 0 0 0 0 0 0 0 0 0 0 0 0 0 0 0 0 0 0 0 0 0 0 0 0 0 0 0 0 0 0 0 0 0 0 0 0 0 0 0 0 77 68 79 32 101 120 116 114 97 32 100 97 116 97 32 108 111 99 107 0 0 0 0 0 0 0 0 0 0 0 0 0 0 0 0 0 0 0 0 0 0 0 0 0 0 0 0 0 0 0 0 0 0 0 0 0 0 0 0 0 0 0 0 0 0 0 0 0 0 0 0 0 0 0 0 0 0 0 0 0 0 0 0 0 0 0 0 0 0 0 0 0 0 0 0 0 0 0 0 0 0 0 0 0 0 0 0 0 0 0 0 0 0 0 0 0 0 0 0 0 0 0 0 0 0 0 0 0 0 0 0 0 0 0 0 0 22 1 0 0 121 111 0 0 1 0 0 0 0 0 0 0 0 0 0 0 2 0 0 0 0 0 46 0 2 0 0 0 40 2 0 0 255 255 255 255 7 0 4 0 0 0 0 0 data 69 0x40007 0xe0e 0x30 0x0 0xd0002 0x0 0x180007 0xe0d 0x20 0x0 0x210005 0x137 0x223f072ebd0 0xa06 0x223f0b8ccd0 0x2d1 0x240007 0x64d 0x20 0x7c0 0x310005 0x137 0x223f0b8cd80 0xa05 0x223f0b8ce30 0x2d1 0x340004 0x0 0x223f0b8ccd0 0x406 0x223f072ebd0 0xa04 0x3a0007 0x498 0x50 0x974 0x470005 0x0 0x223f072f6c0 0x973 0x0 0x0 0x510007 0x0 0x38 0x499 0x550003 0x499 0x18 0x660002 0x499 0x740002 0x498 0x7b0005 0x0 0x223f072ebd0 0x498 0x0 0x0 0x7e0007 0x49a 0x50 0x0 0x830005 0x0 0x0 0x0 0x0 0x0 oops 8 12 org/antlr/v4/runtime/atn/ATNConfig 14 org/antlr/v4/runtime/atn/LexerATNConfig 22 org/antlr/v4/runtime/atn/ATNConfigSet$ConfigHashSet 24 org/antlr/v4/runtime/atn/OrderedATNConfigSet$LexerConfigHashSet 28 org/antlr/v4/runtime/atn/LexerATNConfig 30 org/antlr/v4/runtime/atn/ATNConfig 38 java/util/ArrayList 55 org/antlr/v4/runtime/atn/ATNConfig
ciMethodData org/antlr/v4/runtime/atn/ATNConfigSet$AbstractConfigHashSet createBucket (I)[Ljava/lang/Object; 2 3325 orig 264 128 100 232 87 0 0 0 0 240 244 150 241 35 2 0 0 128 1 0 0 0 0 0 0 0 0 0 0 0 0 0 0 0 0 0 0 0 0 0 0 0 0 0 0 0 0 0 0 0 0 0 0 0 0 0 0 0 0 0 0 0 0 0 0 0 0 0 0 0 0 0 0 0 0 0 0 0 0 0 0 77 68 79 32 101 120 116 114 97 32 100 97 116 97 32 108 111 99 107 0 0 0 0 0 0 0 0 0 0 0 0 0 0 0 0 0 0 0 0 0 0 0 0 0 0 0 0 0 0 0 0 0 0 0 0 0 0 0 0 0 0 0 0 0 0 0 0 0 0 0 0 0 0 0 0 0 0 0 0 0 0 0 0 0 0 0 0 0 0 0 0 0 0 0 0 0 0 0 0 0 0 0 0 0 0 0 0 0 0 0 0 0 0 0 0 0 0 0 0 0 0 0 0 0 0 0 0 0 0 0 0 0 0 0 0 0 236 1 0 0 137 88 0 0 1 0 0 0 0 0 0 0 0 0 0 0 2 0 0 0 0 0 3 0 2 0 0 0 48 0 0 0 255 255 255 255 5 0 2 0 0 0 0 0 data 6 0x20005 0x0 0x223f0b8ce30 0x375 0x223f0b8cd80 0x7a4 oops 2 2 org/antlr/v4/runtime/atn/OrderedATNConfigSet$LexerConfigHashSet 4 org/antlr/v4/runtime/atn/ATNConfigSet$ConfigHashSet
ciMethodData org/antlr/v4/runtime/atn/ATNConfigSet$AbstractConfigHashSet createBucket (I)[Lorg/antlr/v4/runtime/atn/ATNConfig; 2 3333 orig 264 128 100 232 87 0 0 0 0 64 244 150 241 35 2 0 0 40 1 0 0 0 0 0 0 0 0 0 0 0 0 0 0 0 0 0 0 0 0 0 0 0 0 0 0 0 0 0 0 0 0 0 0 0 0 0 0 0 0 0 0 0 0 0 0 0 0 0 0 0 0 0 0 0 0 0 0 0 0 0 0 77 68 79 32 101 120 116 114 97 32 100 97 116 97 32 108 111 99 107 0 0 0 0 0 0 0 0 0 0 0 0 0 0 0 0 0 0 0 0 0 0 0 0 0 0 0 0 0 0 0 0 0 0 0 0 0 0 0 0 0 0 0 0 0 0 0 0 0 0 0 0 0 0 0 0 0 0 0 0 0 0 0 0 0 0 0 0 0 0 0 0 0 0 0 0 0 0 0 0 0 0 0 0 0 0 0 0 0 0 0 0 0 0 0 0 0 0 0 0 0 0 0 0 0 0 0 0 0 0 0 0 0 0 0 0 0 236 1 0 0 201 88 0 0 1 0 0 0 0 0 0 0 0 0 0 0 2 0 0 0 0 0 3 0 1 0 0 0 0 0 0 0 255 255 255 255 0 0 0 0 0 0 0 0 data 0 oops 0
ciMethodData org/antlr/v4/runtime/atn/ATNConfig isPrecedenceFilterSuppressed ()Z 2 6835 orig 264 128 100 232 87 0 0 0 0 8 157 150 241 35 2 0 0 88 1 0 0 0 0 0 0 0 0 0 0 0 0 0 0 0 0 0 0 0 0 0 0 0 0 0 0 0 0 0 0 0 0 0 0 0 0 0 0 0 0 0 0 0 0 0 0 0 0 0 0 0 0 0 0 0 0 0 0 0 0 0 0 77 68 79 32 101 120 116 114 97 32 100 97 116 97 32 108 111 99 107 0 0 0 0 0 0 0 0 0 0 0 0 0 0 0 0 0 0 0 0 0 0 0 0 0 0 0 0 0 0 0 0 0 0 0 0 0 0 0 0 0 0 0 0 0 0 0 0 0 0 0 0 0 0 0 0 0 0 0 0 0 0 0 0 0 0 0 0 0 0 0 0 0 0 0 0 0 0 0 0 0 0 0 0 0 0 0 0 0 0 0 0 0 0 0 0 0 0 0 0 0 0 0 0 0 0 0 0 0 0 0 0 0 0 0 0 0 144 1 0 0 25 201 0 0 1 0 0 0 0 0 0 0 0 0 0 0 2 0 0 0 0 0 6 0 2 0 0 0 56 0 0 0 255 255 255 255 7 0 7 0 0 0 0 0 data 7 0x70007 0x1923 0x38 0x0 0xb0003 0x0 0x18 oops 0
ciMethodData org/antlr/v4/runtime/misc/ObjectEqualityComparator equals (Ljava/lang/Object;Ljava/lang/Object;)Z 1 1379 orig 264 128 100 232 87 0 0 0 0 120 48 168 241 35 2 0 0 224 1 0 0 64 0 0 0 0 0 0 0 0 0 0 0 0 0 0 0 0 0 0 0 0 0 0 0 0 0 0 0 0 0 0 0 0 0 0 0 0 0 0 0 0 0 0 0 0 0 0 0 0 0 0 0 0 0 0 0 0 0 0 0 77 68 79 32 101 120 116 114 97 32 100 97 116 97 32 108 111 99 107 0 0 0 0 0 0 0 0 0 0 0 0 0 0 0 0 0 0 0 0 0 0 0 0 0 0 0 0 0 0 0 0 0 0 0 0 0 0 0 0 0 0 0 0 0 0 0 0 0 0 0 0 0 0 0 0 0 0 0 0 0 0 0 0 0 0 0 0 0 0 0 0 0 0 0 0 0 0 0 0 0 0 0 0 0 0 0 0 0 0 0 0 0 0 0 0 0 0 0 0 0 0 0 0 0 0 0 0 0 0 0 0 0 0 0 0 0 0 2 0 0 25 27 0 0 1 0 0 0 0 0 0 0 0 0 0 0 2 0 0 0 0 0 8 0 2 0 0 0 136 0 0 0 255 255 255 255 7 0 1 0 0 0 0 0 data 17 0x10007 0xbf 0x58 0x2a5 0x50007 0x0 0x38 0x2a5 0x90003 0x2a5 0x18 0x100005 0x0 0x223f0b8ccd0 0xa1 0x223f0d8bab0 0x1e oops 2 13 org/antlr/v4/runtime/atn/LexerATNConfig 15 org/antlr/v4/runtime/atn/LexerActionExecutor
ciMethodData org/antlr/v4/runtime/misc/Array2DHashSet getOrAddImpl (Ljava/lang/Object;)Ljava/lang/Object; 2 3873 orig 264 128 100 232 87 0 0 0 0 168 5 151 241 35 2 0 0 120 3 0 0 176 0 0 0 0 0 0 0 0 0 0 0 0 0 0 0 0 0 0 0 0 0 0 0 0 0 0 0 0 0 0 0 0 0 0 0 0 0 0 0 0 0 0 0 0 0 0 0 0 0 0 0 0 0 0 0 0 0 0 0 77 68 79 32 101 120 116 114 97 32 100 97 116 97 32 108 111 99 107 0 0 0 0 0 0 0 0 0 0 0 0 0 0 0 0 0 0 0 0 0 0 0 0 0 0 0 0 0 0 0 0 0 0 0 0 0 0 0 0 0 0 0 0 0 0 0 0 0 0 0 0 0 0 0 0 0 0 0 0 0 0 0 0 0 0 0 0 0 0 0 0 0 0 0 0 0 0 0 0 0 0 0 0 0 0 0 0 0 0 0 0 0 0 0 0 0 0 0 0 0 0 0 0 0 0 0 0 0 0 0 0 0 0 0 0 0 135 1 0 0 209 108 0 0 41 30 0 0 0 0 0 0 0 0 0 0 2 0 0 0 1 0 12 0 2 0 0 0 40 2 0 0 255 255 255 255 5 0 2 0 0 0 0 0 data 69 0x20005 0x44 0x223f0b8ce30 0x352 0x223f0b8cd80 0xa03 0xe0007 0x6df 0xb0 0x6bb 0x160005 0x0 0x223f0b8ce30 0x2ff 0x223f0b8cd80 0x3bb 0x1d0004 0x0 0x223f0b8ccd0 0x300 0x223f072ebd0 0x3bb 0x240004 0x0 0x223f0b81720 0x6ba 0x0 0x0 0x380007 0x33 0xd8 0xa72 0x430007 0x85f 0x50 0x214 0x4a0004 0x0 0x223f0b8ccd0 0x8f 0x223f072ebd0 0x185 0x5e0005 0x0 0x223f0b81790 0x9d 0x223f0b81840 0x7c1 0x610007 0x3c4 0x20 0x499 0x6a0003 0x3c4 0xffffffffffffff40 0x760002 0x33 0x800004 0x0 0x223f0b81720 0x33 0x0 0x0 0x850004 0x0 0x223f072ebd0 0x2d 0x223f0b8ccd0 0x6 oops 14 2 org/antlr/v4/runtime/atn/OrderedATNConfigSet$LexerConfigHashSet 4 org/antlr/v4/runtime/atn/ATNConfigSet$ConfigHashSet 12 org/antlr/v4/runtime/atn/OrderedATNConfigSet$LexerConfigHashSet 14 org/antlr/v4/runtime/atn/ATNConfigSet$ConfigHashSet 18 org/antlr/v4/runtime/atn/LexerATNConfig 20 org/antlr/v4/runtime/atn/ATNConfig 24 [Lorg/antlr/v4/runtime/atn/ATNConfig; 38 org/antlr/v4/runtime/atn/LexerATNConfig 40 org/antlr/v4/runtime/atn/ATNConfig 44 org/antlr/v4/runtime/misc/ObjectEqualityComparator 46 org/antlr/v4/runtime/atn/ATNConfigSet$ConfigEqualityComparator 59 [Lorg/antlr/v4/runtime/atn/ATNConfig; 65 org/antlr/v4/runtime/atn/ATNConfig 67 org/antlr/v4/runtime/atn/LexerATNConfig
ciMethodData org/antlr/v4/runtime/atn/ATNConfig equals (Ljava/lang/Object;)Z 2 3192 orig 264 128 100 232 87 0 0 0 0 192 158 150 241 35 2 0 0 0 2 0 0 48 0 0 0 0 0 0 0 0 0 0 0 0 0 0 0 0 0 0 0 0 0 0 0 0 0 0 0 0 0 0 0 0 0 0 0 0 0 0 0 0 0 0 0 0 0 0 0 0 0 0 0 0 0 0 0 0 0 0 0 77 68 79 32 101 120 116 114 97 32 100 97 116 97 32 108 111 99 107 0 0 0 0 0 0 0 0 0 0 0 0 0 0 0 0 0 0 0 0 0 0 0 0 0 0 0 0 0 0 0 0 0 0 0 0 0 0 0 0 0 0 0 0 0 0 0 0 0 0 0 0 0 0 0 0 0 0 0 0 0 0 0 0 0 0 0 0 0 0 0 0 0 0 0 0 0 0 0 0 0 0 0 0 0 0 0 0 0 0 0 0 0 0 0 0 0 0 0 0 0 0 0 0 0 0 0 0 0 0 0 0 0 0 0 0 0 238 1 0 0 81 84 0 0 1 0 0 0 0 0 0 0 0 0 0 0 2 0 0 0 0 0 5 0 2 0 0 0 176 0 0 0 255 255 255 255 4 0 1 0 0 0 0 0 data 22 0x10004 0x0 0x223f0b8ccd0 0x243 0x223f072ebd0 0x847 0x40007 0xa8b 0x20 0x0 0xb0004 0x0 0x223f0b8ccd0 0x244 0x223f072ebd0 0x848 0xe0005 0x0 0x223f0b8ccd0 0x244 0x223f072ebd0 0x848 oops 6 2 org/antlr/v4/runtime/atn/LexerATNConfig 4 org/antlr/v4/runtime/atn/ATNConfig 12 org/antlr/v4/runtime/atn/LexerATNConfig 14 org/antlr/v4/runtime/atn/ATNConfig 18 org/antlr/v4/runtime/atn/LexerATNConfig 20 org/antlr/v4/runtime/atn/ATNConfig
ciMethodData org/antlr/v4/runtime/atn/LexerATNConfig equals (Lorg/antlr/v4/runtime/atn/ATNConfig;)Z 1 1075 orig 264 128 100 232 87 0 0 0 0 120 174 150 241 35 2 0 0 112 2 0 0 240 0 0 0 0 0 0 0 0 0 0 0 0 0 0 0 0 0 0 0 0 0 0 0 0 0 0 0 0 0 0 0 0 0 0 0 0 0 0 0 0 0 0 0 0 0 0 0 0 0 0 0 0 0 0 0 0 0 0 0 77 68 79 32 101 120 116 114 97 32 100 97 116 97 32 108 111 99 107 0 0 0 0 0 0 0 0 0 0 0 0 0 0 0 0 0 0 0 0 0 0 0 0 0 0 0 0 0 0 0 0 0 0 0 0 0 0 0 0 0 0 0 0 0 0 0 0 0 0 0 0 0 0 0 0 0 0 0 0 0 0 0 0 0 0 0 0 0 0 0 0 0 0 0 0 0 0 0 0 0 0 0 0 0 0 0 0 0 0 0 0 0 0 0 0 0 0 0 0 0 0 0 0 0 0 0 0 0 0 0 0 0 0 0 0 0 238 1 0 0 41 18 0 0 1 0 0 0 0 0 0 0 0 0 0 0 2 0 0 0 0 0 17 0 2 0 0 0 32 1 0 0 255 255 255 255 7 0 2 0 0 0 0 0 data 36 0x20007 0x245 0x20 0x0 0x80004 0x0 0x223f0b8ccd0 0x245 0x0 0x0 0xb0007 0x246 0x20 0x0 0x110004 0x0 0x223f0b8ccd0 0x246 0x0 0x0 0x1d0007 0x246 0x20 0x0 0x2d0005 0x0 0x223f0b81790 0x246 0x0 0x0 0x300007 0x246 0x20 0x0 0x370002 0x247 oops 3 6 org/antlr/v4/runtime/atn/LexerATNConfig 16 org/antlr/v4/runtime/atn/LexerATNConfig 26 org/antlr/v4/runtime/misc/ObjectEqualityComparator
ciMethodData org/antlr/v4/runtime/atn/ATNConfig equals (Lorg/antlr/v4/runtime/atn/ATNConfig;)Z 2 3196 orig 264 128 100 232 87 0 0 0 0 240 159 150 241 35 2 0 0 72 3 0 0 240 0 0 0 0 0 0 0 0 0 0 0 0 0 0 0 0 0 0 0 0 0 0 0 0 0 0 0 0 0 0 0 0 0 0 0 0 0 0 0 0 0 0 0 0 0 0 0 0 0 0 0 0 0 0 0 0 0 0 0 77 68 79 32 101 120 116 114 97 32 100 97 116 97 32 108 111 99 107 0 0 0 0 0 0 0 0 0 0 0 0 0 0 0 0 0 0 0 0 0 0 0 0 0 0 0 0 0 0 0 0 0 0 0 0 0 0 0 0 0 0 0 0 0 0 0 0 0 0 0 0 0 0 0 0 0 0 0 0 0 0 0 0 0 0 0 0 0 0 0 0 0 0 0 0 0 0 0 0 0 0 0 0 0 0 0 0 0 0 0 0 0 0 0 0 0 0 0 0 0 0 0 0 0 0 0 0 0 0 0 0 0 0 0 0 0 237 1 0 0 121 84 0 0 1 0 0 0 0 0 0 0 0 0 0 0 2 0 0 0 0 0 32 0 2 0 0 0 248 1 0 0 255 255 255 255 7 0 2 0 0 0 0 0 data 63 0x20007 0xa8e 0x20 0x0 0x80007 0xa8e 0x20 0x0 0x1b0007 0x8c 0x1b8 0xa02 0x260007 0x0 0x198 0xa02 0x310007 0x80a 0x90 0x1f8 0x380007 0x0 0x158 0x1f8 0x430005 0x0 0x223f072f560 0x1e9 0x223f0e54440 0xf 0x460007 0x6b 0x108 0x18c 0x510005 0x0 0x223f0b88660 0x996 0x0 0x0 0x540007 0x0 0xb8 0x994 0x580005 0x0 0x223f0b8ccd0 0x1ba 0x223f072ebd0 0x7da 0x5c0005 0x0 0x223f0b8ccd0 0x1ba 0x223f072ebd0 0x7da 0x5f0007 0x0 0x38 0x994 0x630003 0x994 0x18 oops 7 26 org/antlr/v4/runtime/atn/SingletonPredictionContext 28 org/antlr/v4/runtime/atn/ArrayPredictionContext 36 org/antlr/v4/runtime/atn/SemanticContext$Predicate 46 org/antlr/v4/runtime/atn/LexerATNConfig 48 org/antlr/v4/runtime/atn/ATNConfig 52 org/antlr/v4/runtime/atn/LexerATNConfig 54 org/antlr/v4/runtime/atn/ATNConfig
ciMethod org/antlr/v4/runtime/atn/LexerActionExecutor hashCode ()I 897 1 72 0 0
ciMethod org/antlr/v4/runtime/atn/LexerActionExecutor equals (Ljava/lang/Object;)Z 401 1 30 0 0
ciMethodData org/antlr/v4/runtime/misc/Array2DHashSet getOrAdd (Ljava/lang/Object;)Ljava/lang/Object; 2 3874 orig 264 128 100 232 87 0 0 0 0 0 4 151 241 35 2 0 0 208 1 0 0 32 0 0 0 0 0 0 0 0 0 0 0 0 0 0 0 0 0 0 0 0 0 0 0 0 0 0 0 0 0 0 0 0 0 0 0 0 0 0 0 0 0 0 0 0 0 0 0 0 0 0 0 0 0 0 0 0 0 0 0 77 68 79 32 101 120 116 114 97 32 100 97 116 97 32 108 111 99 107 0 0 0 0 0 0 0 0 0 0 0 0 0 0 0 0 0 0 0 0 0 0 0 0 0 0 0 0 0 0 0 0 0 0 0 0 0 0 0 0 0 0 0 0 0 0 0 0 0 0 0 0 0 0 0 0 0 0 0 0 0 0 0 0 0 0 0 0 0 0 0 0 0 0 0 0 0 0 0 0 0 0 0 0 0 0 0 0 0 0 0 0 0 0 0 0 0 0 0 0 0 0 0 0 0 0 0 0 0 0 0 0 0 0 0 0 0 225 1 0 0 9 106 0 0 1 0 0 0 0 0 0 0 0 0 0 0 2 0 0 0 0 0 6 0 2 0 0 0 128 0 0 0 255 255 255 255 7 0 8 0 0 0 0 0 data 16 0x80007 0xd13 0x50 0x2e 0xc0005 0x0 0x223f0b8cd80 0x2b 0x223f0b8ce30 0x3 0x110005 0x0 0x223f0b8ce30 0x33c 0x223f0b8cd80 0xa05 oops 4 6 org/antlr/v4/runtime/atn/ATNConfigSet$ConfigHashSet 8 org/antlr/v4/runtime/atn/OrderedATNConfigSet$LexerConfigHashSet 12 org/antlr/v4/runtime/atn/OrderedATNConfigSet$LexerConfigHashSet 14 org/antlr/v4/runtime/atn/ATNConfigSet$ConfigHashSet
ciMethodData org/antlr/v4/runtime/atn/ATNConfig getOuterContextDepth ()I 2 3874 orig 264 128 100 232 87 0 0 0 0 88 156 150 241 35 2 0 0 32 1 0 0 0 0 0 0 0 0 0 0 0 0 0 0 0 0 0 0 0 0 0 0 0 0 0 0 0 0 0 0 0 0 0 0 0 0 0 0 0 0 0 0 0 0 0 0 0 0 0 0 0 0 0 0 0 0 0 0 0 0 0 0 77 68 79 32 101 120 116 114 97 32 100 97 116 97 32 108 111 99 107 0 0 0 0 0 0 0 0 0 0 0 0 0 0 0 0 0 0 0 0 0 0 0 0 0 0 0 0 0 0 0 0 0 0 0 0 0 0 0 0 0 0 0 0 0 0 0 0 0 0 0 0 0 0 0 0 0 0 0 0 0 0 0 0 0 0 0 0 0 0 0 0 0 0 0 0 0 0 0 0 0 0 0 0 0 0 0 0 0 0 0 0 0 0 0 0 0 0 0 0 0 0 0 0 0 0 0 0 0 0 0 0 0 0 0 0 0 226 1 0 0 1 106 0 0 1 0 0 0 0 0 0 0 0 0 0 0 2 0 0 0 0 0 3 0 1 0 0 0 0 0 0 0 255 255 255 255 0 0 0 0 0 0 0 0 data 0 oops 0
ciMethodData org/antlr/v4/runtime/atn/PredictionContext merge (Lorg/antlr/v4/runtime/atn/PredictionContext;Lorg/antlr/v4/runtime/atn/PredictionContext;ZLorg/antlr/v4/runtime/misc/DoubleKeyMap;)Lorg/antlr/v4/runtime/atn/PredictionContext; 2 1329 orig 264 128 100 232 87 0 0 0 0 208 101 148 241 35 2 0 0 160 5 0 0 192 3 0 0 0 0 0 0 0 0 0 0 0 0 0 0 0 0 0 0 0 0 0 0 0 0 0 0 0 0 0 0 0 0 0 0 0 0 0 0 0 0 0 0 0 0 0 0 0 0 0 0 0 0 0 0 0 0 0 0 77 68 79 32 101 120 116 114 97 32 100 97 116 97 32 108 111 99 107 0 0 0 0 0 0 0 0 0 0 0 0 0 0 0 0 0 0 0 0 0 0 0 0 0 0 0 0 0 0 0 0 0 0 0 0 0 0 0 0 0 0 0 0 0 0 0 0 0 0 0 0 0 0 0 0 0 0 0 0 0 0 0 0 0 0 0 0 0 0 0 0 0 0 0 0 0 0 0 0 0 0 0 0 0 0 0 0 0 0 0 0 0 0 0 0 0 0 0 0 0 0 0 0 0 0 0 0 0 0 0 0 0 0 0 0 0 0 0 0 0 137 41 0 0 1 0 0 0 0 0 0 0 0 0 0 0 2 0 0 0 0 0 27 0 2 0 0 0 64 4 0 0 255 255 255 255 7 0 3 0 0 0 0 0 data 136 0x30007 0x532 0x70 0x0 0x70007 0x0 0x40 0x0 0xb0007 0x0 0x30 0x0 0x120002 0x0 0x180007 0x3bb 0x70 0x176 0x1d0005 0x0 0x223f072f560 0xa7 0x223f0e54440 0xcf 0x200007 0x171 0x20 0x6 0x260004 0xffffffffffffff31 0x223f072f560 0xa3 0x223f0e54440 0xac 0x290007 0xcf 0xe0 0xa3 0x2d0004 0x0 0x223f072f560 0xa3 0x0 0x0 0x300007 0x0 0x90 0xa3 0x340004 0x0 0x223f072f560 0xa2 0x0 0x0 0x380004 0x0 0x223f072f560 0xa3 0x0 0x0 0x3d0002 0xa2 0x420007 0x0 0xc0 0xce 0x460004 0xffffffffffffff32 0x223f0e54440 0xad 0x0 0x0 0x490007 0xce 0x20 0x0 0x4f0004 0xffffffffffffff31 0x223f072f560 0xad 0x0 0x0 0x520007 0xcf 0x20 0x0 0x580004 0xffffffffffffff31 0x223f0e54440 0xad 0x0 0x0 0x5b0007 0xcf 0x60 0x0 0x630004 0x0 0x0 0x0 0x0 0x0 0x660002 0x0 0x6b0004 0x0 0x223f072f560 0xcf 0x0 0x0 0x6e0007 0x0 0x60 0xcf 0x760004 0x0 0x223f072f560 0xcf 0x0 0x0 0x790002 0xcf 0x7e0004 0x0 0x223f0e54440 0xcf 0x0 0x0 0x820004 0x0 0x223f0e54440 0xcf 0x0 0x0 0x870002 0xcf oops 14 20 org/antlr/v4/runtime/atn/SingletonPredictionContext 22 org/antlr/v4/runtime/atn/ArrayPredictionContext 30 org/antlr/v4/runtime/atn/SingletonPredictionContext 32 org/antlr/v4/runtime/atn/ArrayPredictionContext 40 org/antlr/v4/runtime/atn/SingletonPredictionContext 50 org/antlr/v4/runtime/atn/SingletonPredictionContext 56 org/antlr/v4/runtime/atn/SingletonPredictionContext 68 org/antlr/v4/runtime/atn/ArrayPredictionContext 78 org/antlr/v4/runtime/atn/SingletonPredictionContext 88 org/antlr/v4/runtime/atn/ArrayPredictionContext 106 org/antlr/v4/runtime/atn/SingletonPredictionContext 116 org/antlr/v4/runtime/atn/SingletonPredictionContext 124 org/antlr/v4/runtime/atn/ArrayPredictionContext 130 org/antlr/v4/runtime/atn/ArrayPredictionContext
ciMethodData org/antlr/v4/runtime/atn/ATNConfig <init> (Lorg/antlr/v4/runtime/atn/ATNState;ILorg/antlr/v4/runtime/atn/PredictionContext;Lorg/antlr/v4/runtime/atn/SemanticContext;)V 2 2556 orig 264 128 100 232 87 0 0 0 0 136 151 150 241 35 2 0 0 80 1 0 0 0 0 0 0 0 0 0 0 0 0 0 0 0 0 0 0 0 0 0 0 0 0 0 0 0 0 0 0 0 0 0 0 0 0 0 0 0 0 0 0 0 0 0 0 0 0 0 0 0 0 0 0 0 0 0 0 0 0 0 0 77 68 79 32 101 120 116 114 97 32 100 97 116 97 32 108 111 99 107 0 0 0 0 0 0 0 0 0 0 0 0 0 0 0 0 0 0 0 0 0 0 0 0 0 0 0 0 0 0 0 0 0 0 0 0 0 0 0 0 0 0 0 0 0 0 0 0 0 0 0 0 0 0 0 0 0 0 0 0 0 0 0 0 0 0 0 0 0 0 0 0 0 0 0 0 0 0 0 0 0 0 0 0 0 0 0 0 0 0 0 0 0 0 0 0 0 0 0 0 0 0 0 0 0 0 0 0 0 0 0 0 0 0 0 0 0 51 1 0 0 65 70 0 0 1 0 0 0 0 0 0 0 0 0 0 0 2 0 0 0 0 0 3 0 2 0 0 0 16 0 0 0 255 255 255 255 2 0 1 0 0 0 0 0 data 2 0x10002 0x8c9 oops 0
ciMethodData org/antlr/v4/runtime/atn/SemanticContext$Predicate equals (Ljava/lang/Object;)Z 2 3612 orig 264 128 100 232 87 0 0 0 0 192 239 172 241 35 2 0 0 104 2 0 0 80 0 0 0 0 0 0 0 0 0 0 0 0 0 0 0 0 0 0 0 0 0 0 0 0 0 0 0 0 0 0 0 0 0 0 0 0 0 0 0 0 0 0 0 0 0 0 0 0 0 0 0 0 0 0 0 0 0 0 0 77 68 79 32 101 120 116 114 97 32 100 97 116 97 32 108 111 99 107 0 0 0 0 0 0 0 0 0 0 0 0 0 0 0 0 0 0 0 0 0 0 0 0 0 0 0 0 0 0 0 0 0 0 0 0 0 0 0 0 0 0 0 0 0 0 0 0 0 0 0 0 0 0 0 0 0 0 0 0 0 0 0 0 0 0 0 0 0 0 0 0 0 0 0 0 0 0 0 0 0 0 0 0 0 0 0 0 0 0 0 0 0 0 0 0 0 0 0 0 0 0 0 0 0 0 0 0 0 0 0 0 0 0 0 0 0 138 1 0 0 145 100 0 0 1 0 0 0 0 0 0 0 0 0 0 0 2 0 0 0 0 0 15 0 2 0 0 0 24 1 0 0 255 255 255 255 4 0 1 0 0 0 0 0 data 35 0x10004 0x0 0x223f0b88660 0xc93 0x0 0x0 0x40007 0xc94 0x20 0x0 0xb0007 0x0 0x20 0xc94 0x110004 0x0 0x0 0x0 0x0 0x0 0x1d0007 0x0 0x78 0x0 0x280007 0x0 0x58 0x0 0x330007 0x0 0x38 0x0 0x370003 0x0 0x18 oops 1 2 org/antlr/v4/runtime/atn/SemanticContext$Predicate
ciMethod org/antlr/v4/runtime/misc/DoubleKeyMap put (Ljava/lang/Object;Ljava/lang/Object;Ljava/lang/Object;)Ljava/lang/Object; 241 1 24 0 -1
ciMethod org/antlr/v4/runtime/misc/DoubleKeyMap get (Ljava/lang/Object;Ljava/lang/Object;)Ljava/lang/Object; 1873 1 48 0 -1
ciMethodData org/antlr/v4/runtime/atn/ParserATNSimulator getEpsilonTarget (Lorg/antlr/v4/runtime/atn/ATNConfig;Lorg/antlr/v4/runtime/atn/Transition;ZZZZ)Lorg/antlr/v4/runtime/atn/ATNConfig; 2 10928 orig 264 128 100 232 87 0 0 0 0 224 254 168 241 35 2 0 0 120 4 0 0 32 1 0 0 0 0 0 0 0 0 0 0 0 0 0 0 0 0 0 0 0 0 0 0 0 0 0 0 0 0 0 0 0 0 0 0 0 0 0 0 0 0 0 0 0 0 0 0 0 0 0 0 0 0 0 0 0 0 0 0 77 68 79 32 101 120 116 114 97 32 100 97 116 97 32 108 111 99 107 0 0 0 0 0 0 0 0 0 0 0 0 0 0 0 0 0 0 0 0 0 0 0 0 0 0 0 0 0 0 0 0 0 0 0 0 0 0 0 0 0 0 0 0 0 0 0 0 0 0 0 0 0 0 0 0 0 0 0 0 0 0 0 0 0 0 0 0 0 0 0 0 0 0 0 0 0 0 0 0 0 0 0 0 0 0 0 0 0 0 0 0 0 0 0 0 0 0 0 0 0 0 0 0 0 0 0 0 0 0 0 0 0 0 0 0 0 225 1 0 0 121 70 1 0 1 0 0 0 0 0 0 0 0 0 0 0 2 0 0 0 0 0 24 0 2 0 0 0 0 3 0 0 255 255 255 255 5 0 1 0 0 0 0 0 data 96 0x10005 0xc70 0x223f0724dd0 0x1a35 0x223f0722a70 0x236 0x40008 0x16 0x0 0x2d0 0x26 0x240 0x0 0x250 0xc 0xc0 0x0 0x180 0x6 0x250 0x0 0x1e0 0x6 0x250 0x0 0x2d0 0x0 0x2d0 0x0 0x120 0x3f0004 0x0 0x223f0722a70 0x234 0x0 0x0 0x420005 0x0 0x223f072e9a0 0x234 0x0 0x0 0x490004 0x0 0x223f11145f0 0x353 0x0 0x0 0x510005 0x0 0x223f072e9a0 0x353 0x0 0x0 0x580004 0x0 0x0 0x0 0x0 0x0 0x600005 0x0 0x0 0x0 0x0 0x0 0x670004 0x0 0x223f0720d80 0x2 0x0 0x0 0x6a0005 0x0 0x223f072e9a0 0x2 0x0 0x0 0x770002 0x1a26 0x7d0007 0x91d 0x80 0x0 0x840005 0x0 0x0 0x0 0x0 0x0 0x870007 0x0 0x30 0x0 0x930002 0x0 oops 8 2 org/antlr/v4/runtime/atn/EpsilonTransition 4 org/antlr/v4/runtime/atn/RuleTransition 32 org/antlr/v4/runtime/atn/RuleTransition 38 org/antlr/v4/runtime/atn/ParserATNSimulator 44 org/antlr/v4/runtime/atn/PrecedencePredicateTransition 50 org/antlr/v4/runtime/atn/ParserATNSimulator 68 org/antlr/v4/runtime/atn/ActionTransition 74 org/antlr/v4/runtime/atn/ParserATNSimulator
ciMethodData org/antlr/v4/runtime/atn/ATNConfig <init> (Lorg/antlr/v4/runtime/atn/ATNConfig;Lorg/antlr/v4/runtime/atn/ATNState;)V 2 7979 orig 264 128 100 232 87 0 0 0 0 80 152 150 241 35 2 0 0 64 1 0 0 0 0 0 0 0 0 0 0 0 0 0 0 0 0 0 0 0 0 0 0 0 0 0 0 0 0 0 0 0 0 0 0 0 0 0 0 0 0 0 0 0 0 0 0 0 0 0 0 0 0 0 0 0 0 0 0 0 0 0 0 77 68 79 32 101 120 116 114 97 32 100 97 116 97 32 108 111 99 107 0 0 0 0 0 0 0 0 0 0 0 0 0 0 0 0 0 0 0 0 0 0 0 0 0 0 0 0 0 0 0 0 0 0 0 0 0 0 0 0 0 0 0 0 0 0 0 0 0 0 0 0 0 0 0 0 0 0 0 0 0 0 0 0 0 0 0 0 0 0 0 0 0 0 0 0 0 0 0 0 0 0 0 0 0 1 0 0 0 0 0 0 0 0 0 0 0 0 0 0 0 3 0 0 0 0 0 0 0 0 0 0 0 0 0 0 0 48 1 0 0 217 239 0 0 1 0 0 0 0 0 0 0 0 0 0 0 2 0 0 0 0 0 3 0 2 0 0 0 16 0 0 0 255 255 255 255 2 0 11 0 0 0 0 0 data 2 0xb0002 0x1dfc oops 0
ciMethodData org/antlr/v4/runtime/atn/ParserATNSimulator ruleTransition (Lorg/antlr/v4/runtime/atn/ATNConfig;Lorg/antlr/v4/runtime/atn/RuleTransition;)Lorg/antlr/v4/runtime/atn/ATNConfig; 1 656 orig 264 128 100 232 87 0 0 0 0 0 5 169 241 35 2 0 0 120 1 0 0 0 0 0 0 0 0 0 0 0 0 0 0 0 0 0 0 0 0 0 0 0 0 0 0 0 0 0 0 0 0 0 0 0 0 0 0 0 0 0 0 0 0 0 0 0 0 0 0 0 0 0 0 0 0 0 0 0 0 0 0 77 68 79 32 101 120 116 114 97 32 100 97 116 97 32 108 111 99 107 0 0 0 0 0 0 0 0 0 0 0 0 0 0 0 0 0 0 0 0 0 0 0 0 0 0 0 0 0 0 0 0 0 0 0 0 0 0 0 0 0 0 0 0 0 0 0 0 0 0 0 0 0 0 0 0 0 0 0 0 0 0 0 0 0 0 0 0 0 0 0 0 0 0 0 0 0 0 0 0 0 0 0 0 0 0 0 0 0 0 0 0 0 0 0 0 0 0 0 0 0 0 0 0 0 0 0 0 0 0 0 0 0 0 0 0 0 92 0 0 0 161 17 0 0 1 0 0 0 0 0 0 0 0 0 0 0 2 0 0 0 0 0 0 0 0 0 0 0 32 0 0 0 255 255 255 255 2 0 13 0 0 0 0 0 data 4 0xd0002 0x235 0x1d0002 0x236 oops 0
ciMethodData org/antlr/v4/runtime/atn/ATNConfig <init> (Lorg/antlr/v4/runtime/atn/ATNConfig;Lorg/antlr/v4/runtime/atn/ATNState;Lorg/antlr/v4/runtime/atn/PredictionContext;)V 1 657 orig 264 128 100 232 87 0 0 0 0 184 154 150 241 35 2 0 0 72 1 0 0 0 0 0 0 0 0 0 0 0 0 0 0 0 0 0 0 0 0 0 0 0 0 0 0 0 0 0 0 0 0 0 0 0 0 0 0 0 0 0 0 0 0 0 0 0 0 0 0 0 0 0 0 0 0 0 0 0 0 0 0 77 68 79 32 101 120 116 114 97 32 100 97 116 97 32 108 111 99 107 0 0 0 0 0 0 0 0 0 0 0 0 0 0 0 0 0 0 0 0 0 0 0 0 0 0 0 0 0 0 0 0 0 0 0 0 0 0 0 0 0 0 0 0 0 0 0 0 0 0 0 0 0 0 0 0 0 0 0 0 0 0 0 0 0 0 0 0 0 0 0 0 0 0 0 0 0 0 0 0 0 0 0 0 0 0 0 0 0 0 0 0 0 0 0 0 0 0 0 0 0 0 0 0 0 0 0 0 0 0 0 0 0 0 0 0 0 92 0 0 0 169 17 0 0 1 0 0 0 0 0 0 0 0 0 0 0 2 0 0 0 0 0 0 0 0 0 0 0 16 0 0 0 255 255 255 255 2 0 8 0 0 0 0 0 data 2 0x80002 0x235 oops 0
ciMethodData org/antlr/v4/runtime/atn/ParserATNSimulator precedenceTransition (Lorg/antlr/v4/runtime/atn/ATNConfig;Lorg/antlr/v4/runtime/atn/PrecedencePredicateTransition;ZZZ)Lorg/antlr/v4/runtime/atn/ATNConfig; 1 851 orig 264 128 100 232 87 0 0 0 0 208 1 169 241 35 2 0 0 128 3 0 0 128 1 0 0 0 0 0 0 0 0 0 0 0 0 0 0 0 0 0 0 0 0 0 0 0 0 0 0 0 0 0 0 0 0 0 0 0 0 0 0 0 0 0 0 0 0 0 0 0 0 0 0 0 0 0 0 0 0 0 0 77 68 79 32 101 120 116 114 97 32 100 97 116 97 32 108 111 99 107 0 0 0 0 0 0 0 0 0 0 0 0 0 0 0 0 0 0 0 0 0 0 0 0 0 0 0 0 0 0 0 0 0 0 0 0 0 0 0 0 0 0 0 0 0 0 0 0 0 0 0 0 0 0 0 0 0 0 0 0 0 0 0 0 0 0 0 0 0 0 0 0 0 0 0 0 0 0 0 0 0 0 0 0 0 0 0 0 0 0 0 0 0 0 0 0 0 0 0 0 0 0 0 0 0 0 0 0 0 0 0 0 0 0 0 0 0 0 0 0 0 153 26 0 0 1 0 0 0 0 0 0 0 0 0 0 0 2 0 0 0 0 0 14 0 2 0 0 0 16 2 0 0 255 255 255 255 7 0 4 0 0 0 0 0 data 66 0x40007 0x1e3 0x200 0x170 0x90007 0x170 0x1e0 0x0 0xe0007 0x0 0x158 0x0 0x150005 0x0 0x0 0x0 0x0 0x0 0x240005 0x0 0x0 0x0 0x0 0x0 0x2b0005 0x0 0x0 0x0 0x0 0x0 0x380005 0x0 0x0 0x0 0x0 0x0 0x430005 0x0 0x0 0x0 0x0 0x0 0x4a0007 0x0 0x30 0x0 0x560002 0x0 0x5b0003 0x0 0x90 0x630005 0x0 0x0 0x0 0x0 0x0 0x660002 0x0 0x760002 0x0 0x7b0003 0x0 0x28 0x870002 0x353 oops 0
ciMethodData org/antlr/v4/runtime/atn/PredictionContext calculateHashCode (Lorg/antlr/v4/runtime/atn/PredictionContext;I)I 2 1471 orig 264 128 100 232 87 0 0 0 0 200 98 148 241 35 2 0 0 144 1 0 0 0 0 0 0 0 0 0 0 0 0 0 0 0 0 0 0 0 0 0 0 0 0 0 0 0 0 0 0 0 0 0 0 0 0 0 0 0 0 0 0 0 0 0 0 0 0 0 0 0 0 0 0 0 0 0 0 0 0 0 0 77 68 79 32 101 120 116 114 97 32 100 97 116 97 32 108 111 99 107 0 0 0 0 0 0 0 0 0 0 0 0 0 0 0 0 0 0 0 0 0 0 0 0 0 0 0 0 0 0 0 0 0 0 0 0 0 0 0 0 0 0 0 0 0 0 0 0 0 0 0 0 0 0 0 0 0 0 0 0 0 0 0 0 0 0 0 0 0 0 0 0 0 0 0 0 0 0 0 0 0 0 0 0 0 0 0 0 0 0 0 0 0 0 0 0 0 0 0 0 0 0 0 0 0 0 0 0 0 0 0 0 0 0 0 0 0 68 1 0 0 217 35 0 0 1 0 0 0 0 0 0 0 0 0 0 0 2 0 0 0 0 0 7 0 2 0 0 0 64 0 0 0 255 255 255 255 2 0 1 0 0 0 0 0 data 8 0x10002 0x47b 0x70002 0x47b 0xd0002 0x47f 0x130002 0x480 oops 0
ciMethodData org/antlr/v4/runtime/atn/SingletonPredictionContext equals (Ljava/lang/Object;)Z 2 1479 orig 264 128 100 232 87 0 0 0 0 24 135 148 241 35 2 0 0 24 3 0 0 208 0 0 0 0 0 0 0 0 0 0 0 0 0 0 0 0 0 0 0 0 0 0 0 0 0 0 0 0 0 0 0 0 0 0 0 0 0 0 0 0 0 0 0 0 0 0 0 0 0 0 0 0 0 0 0 0 0 0 0 77 68 79 32 101 120 116 114 97 32 100 97 116 97 32 108 111 99 107 0 0 0 0 0 0 0 0 0 0 0 0 0 0 0 0 0 0 0 0 0 0 0 0 0 0 0 0 0 0 0 0 0 0 0 0 0 0 0 0 0 0 0 0 0 0 0 0 0 0 0 0 0 0 0 0 0 0 0 0 0 0 0 0 0 0 0 0 0 0 0 0 0 0 0 0 0 0 0 0 0 0 0 0 0 0 0 0 0 0 0 0 0 0 0 0 0 0 0 0 0 0 0 0 0 0 0 0 0 0 0 0 0 0 0 0 0 161 1 0 0 49 33 0 0 1 0 0 0 0 0 0 0 0 0 0 0 2 0 0 0 0 0 17 0 2 0 0 0 200 1 0 0 255 255 255 255 7 0 2 0 0 0 0 0 data 57 0x20007 0x377 0x20 0xaf 0x80004 0x0 0x223f072f560 0x371 0x223f072f610 0x6 0xb0007 0x377 0x20 0x0 0x110005 0x2 0x223f072f560 0x375 0x0 0x0 0x150005 0x0 0x223f072f560 0x371 0x223f072f610 0x6 0x180007 0x2b3 0x20 0xc4 0x1e0004 0x0 0x223f072f560 0x2b3 0x0 0x0 0x2a0007 0x0 0xa8 0x2b3 0x310007 0x0 0x88 0x2b3 0x3c0005 0x8 0x223f072f560 0x15b 0x223f072f610 0x150 0x3f0007 0x0 0x38 0x2b3 0x430003 0x2b3 0x18 oops 8 6 org/antlr/v4/runtime/atn/SingletonPredictionContext 8 org/antlr/v4/runtime/atn/EmptyPredictionContext 16 org/antlr/v4/runtime/atn/SingletonPredictionContext 22 org/antlr/v4/runtime/atn/SingletonPredictionContext 24 org/antlr/v4/runtime/atn/EmptyPredictionContext 32 org/antlr/v4/runtime/atn/SingletonPredictionContext 46 org/antlr/v4/runtime/atn/SingletonPredictionContext 48 org/antlr/v4/runtime/atn/EmptyPredictionContext
ciMethodData org/antlr/v4/runtime/atn/PredictionContext <init> (I)V 2 2062 orig 264 128 100 232 87 0 0 0 0 192 91 148 241 35 2 0 0 56 1 0 0 0 0 0 0 0 0 0 0 0 0 0 0 0 0 0 0 0 0 0 0 0 0 0 0 0 0 0 0 0 0 0 0 0 0 0 0 0 0 0 0 0 0 0 0 0 0 0 0 0 0 0 0 0 0 0 0 0 0 0 0 77 68 79 32 101 120 116 114 97 32 100 97 116 97 32 108 111 99 107 0 0 0 0 0 0 0 0 0 0 0 0 0 0 0 0 0 0 0 0 0 0 0 0 0 0 0 0 0 0 0 0 0 0 0 0 0 0 0 0 0 0 0 0 0 0 0 0 0 0 0 0 0 0 0 0 0 0 0 0 0 0 0 0 0 0 0 0 0 0 0 0 0 0 0 0 0 0 0 0 0 0 0 0 0 0 0 0 0 0 0 0 0 0 0 0 0 0 0 0 0 0 0 0 0 0 0 0 0 0 0 0 0 0 0 0 0 136 1 0 0 49 52 0 0 1 0 0 0 0 0 0 0 0 0 0 0 2 0 0 0 0 0 3 0 2 0 0 0 16 0 0 0 255 255 255 255 2 0 1 0 0 0 0 0 data 2 0x10002 0x688 oops 0
ciMethodData org/antlr/v4/runtime/atn/ParserATNSimulator closureCheckingStopState (Lorg/antlr/v4/runtime/atn/ATNConfig;Lorg/antlr/v4/runtime/atn/ATNConfigSet;Ljava/util/Set;ZZIZ)V 2 5845 orig 264 128 100 232 87 0 0 0 0 120 249 168 241 35 2 0 0 104 5 0 0 136 3 0 0 0 0 0 0 0 0 0 0 0 0 0 0 0 0 0 0 0 0 0 0 0 0 0 0 0 0 0 0 0 0 0 0 0 0 0 0 0 0 0 0 0 0 0 0 0 0 0 0 0 0 0 0 0 0 0 0 77 68 79 32 101 120 116 114 97 32 100 97 116 97 32 108 111 99 107 0 0 0 0 0 0 0 0 0 0 0 0 0 0 0 0 0 0 0 0 0 0 0 0 0 0 0 0 0 0 0 0 0 0 0 0 0 0 0 0 0 0 0 0 0 0 0 0 0 0 0 0 0 0 0 0 0 0 0 0 0 0 0 0 0 0 0 0 0 0 0 0 0 0 0 0 0 0 0 0 0 0 0 0 0 0 0 0 0 0 0 0 0 0 0 0 0 0 0 0 0 0 0 0 0 0 0 0 0 0 0 0 0 0 0 0 0 0 2 0 0 137 165 0 0 73 1 0 0 0 0 0 0 0 0 0 0 2 0 0 0 1 0 19 0 2 0 0 0 232 3 0 0 255 255 255 255 4 0 4 0 0 0 0 0 data 125 0x40004 0xffffffffffffec7a 0x223f072f400 0x33 0x223f072f4b0 0x128 0x70007 0x1385 0x388 0x128 0xe0005 0x0 0x223f072f560 0x27 0x223f072f610 0x100 0x110007 0x101 0x2e8 0x27 0x1d0005 0x0 0x223f072f560 0x4e 0x0 0x0 0x200007 0x27 0x298 0x27 0x290005 0x0 0x223f072f560 0x27 0x0 0x0 0x2e0007 0x27 0xe0 0x0 0x330007 0x0 0x78 0x0 0x430002 0x0 0x4a0005 0x0 0x0 0x0 0x0 0x0 0x4e0003 0x0 0x1b0 0x5d0005 0x0 0x0 0x0 0x0 0x0 0x600003 0x0 0x168 0x700005 0x0 0x223f072f560 0x27 0x0 0x0 0x730005 0x0 0x223f072f6c0 0x27 0x0 0x0 0x780004 0x0 0x223f072f770 0x10 0x223f072f820 0xa 0x830005 0x0 0x223f072f560 0x27 0x0 0x0 0x980002 0x27 0xa90007 0x27 0x50 0x0 0xb00007 0x0 0x30 0x0 0xb70002 0x0 0xca0005 0x0 0x223f072e9a0 0x27 0x0 0x0 0xd00003 0x27 0xfffffffffffffd50 0xd60007 0x101 0x50 0x0 0xdf0005 0x0 0x0 0x0 0x0 0x0 0xf00005 0x0 0x223f072e9a0 0x1485 0x0 0x0 oops 13 2 org/antlr/v4/runtime/atn/BasicState 4 org/antlr/v4/runtime/atn/RuleStopState 12 org/antlr/v4/runtime/atn/SingletonPredictionContext 14 org/antlr/v4/runtime/atn/EmptyPredictionContext 22 org/antlr/v4/runtime/atn/SingletonPredictionContext 32 org/antlr/v4/runtime/atn/SingletonPredictionContext 66 org/antlr/v4/runtime/atn/SingletonPredictionContext 72 java/util/ArrayList 78 org/antlr/v4/runtime/atn/BlockEndState 80 org/antlr/v4/runtime/atn/StarLoopEntryState 84 org/antlr/v4/runtime/atn/SingletonPredictionContext 102 org/antlr/v4/runtime/atn/ParserATNSimulator 121 org/antlr/v4/runtime/atn/ParserATNSimulator
ciMethodData org/antlr/v4/runtime/atn/ParserATNSimulator closure_ (Lorg/antlr/v4/runtime/atn/ATNConfig;Lorg/antlr/v4/runtime/atn/ATNConfigSet;Ljava/util/Set;ZZIZ)V 2 10929 orig 264 128 100 232 87 0 0 0 0 72 252 168 241 35 2 0 0 144 7 0 0 80 0 0 0 0 0 0 0 0 0 0 0 0 0 0 0 0 0 0 0 0 0 0 0 0 0 0 0 0 0 0 0 0 0 0 0 0 0 0 0 0 0 0 0 0 0 0 0 0 0 0 0 0 0 0 0 0 0 0 0 77 68 79 32 101 120 116 114 97 32 100 97 116 97 32 108 111 99 107 0 0 0 0 0 0 0 0 0 0 0 0 0 0 0 0 0 0 0 0 0 0 0 0 0 0 0 0 0 0 0 0 0 0 0 0 0 0 0 0 0 0 0 0 0 0 0 0 0 0 0 0 0 0 0 0 0 0 0 0 0 0 0 0 0 0 0 0 0 0 0 0 0 0 0 0 0 0 0 0 0 0 0 0 0 0 0 0 0 0 0 0 0 0 0 0 0 0 0 0 0 0 0 0 0 0 0 0 0 0 0 0 0 0 0 0 0 82 2 0 0 1 211 0 0 249 66 1 0 0 0 0 0 0 0 0 0 2 0 0 0 1 0 46 0 2 0 0 0 16 6 0 0 255 255 255 255 5 0 8 0 0 0 0 0 data 194 0x80005 0xab7 0x223f0555bb0 0x113 0x223f072f400 0xea4 0xb0007 0x1169 0x50 0x904 0x140005 0x0 0x223f072eca0 0x905 0x0 0x0 0x1f0005 0x200d 0x223f072f400 0x1dad 0x223f072f770 0x502 0x220007 0x1a69 0x560 0x284a 0x290005 0x1703 0x223f072f400 0xeda 0x223f072f770 0x281 0x300004 0xffffffffffffd7b6 0x223f0724dd0 0x4e 0x223f0722a70 0x16 0x330007 0x2 0x58 0x284b 0x380007 0x1210 0x38 0x163b 0x3c0003 0x163c 0x18 0x4a0007 0x255d 0x38 0x2f2 0x4e0003 0x2f3 0x18 0x560005 0x0 0x223f072e9a0 0x2851 0x0 0x0 0x5d0007 0x905 0x408 0x1f47 0x620005 0x355 0x223f0724dd0 0x19da 0x223f0722a70 0x221 0x650007 0x1f4d 0x88 0x0 0x6b0005 0x0 0x0 0x0 0x0 0x0 0x700007 0x0 0x38 0x0 0x730003 0x0 0x348 0x7e0004 0xffffffffffffe942 0x223f072f400 0x1b 0x223f072f770 0xa 0x810007 0x16bd 0x260 0x899 0x870007 0x89a 0x50 0x0 0x8c0007 0x0 0x30 0x0 0x930002 0x0 0x9a0005 0x0 0x223f0555c60 0x89a 0x0 0x0 0x9f0007 0x32e 0x38 0x569 0xa20003 0x56a 0x240 0xa90007 0x0 0x120 0x32e 0xb00005 0x0 0x223f0723c30 0x32e 0x0 0x0 0xb30007 0x32e 0xd0 0x0 0xb80004 0x0 0x0 0x0 0x0 0x0 0xbb0005 0x0 0x0 0x0 0x0 0x0 0xcc0007 0x0 0x50 0x0 0xd20005 0x0 0x0 0x0 0x0 0x0 0xe80007 0x32e 0x50 0x0 0xef0007 0x0 0x30 0x0 0xf60002 0x0 0xfd0003 0x32e 0x88 0x1020004 0xffffffffffffeb5e 0x223f0724dd0 0x4e 0x223f0722a70 0x220 0x1050007 0x14a2 0x40 0x220 0x10a0007 0x178 0x20 0xa9 0x11d0005 0x0 0x223f072e9a0 0x19e5 0x0 0x0 0x1230003 0x2854 0xfffffffffffffa88 oops 19 2 org/antlr/v4/runtime/atn/BasicBlockStartState 4 org/antlr/v4/runtime/atn/BasicState 12 org/antlr/v4/runtime/atn/ATNConfigSet 18 org/antlr/v4/runtime/atn/BasicState 20 org/antlr/v4/runtime/atn/BlockEndState 28 org/antlr/v4/runtime/atn/BasicState 30 org/antlr/v4/runtime/atn/BlockEndState 34 org/antlr/v4/runtime/atn/EpsilonTransition 36 org/antlr/v4/runtime/atn/RuleTransition 58 org/antlr/v4/runtime/atn/ParserATNSimulator 68 org/antlr/v4/runtime/atn/EpsilonTransition 70 org/antlr/v4/runtime/atn/RuleTransition 91 org/antlr/v4/runtime/atn/BasicState 93 org/antlr/v4/runtime/atn/BlockEndState 111 java/util/HashSet 128 org/antlr/v4/runtime/dfa/DFA 173 org/antlr/v4/runtime/atn/EpsilonTransition 175 org/antlr/v4/runtime/atn/RuleTransition 187 org/antlr/v4/runtime/atn/ParserATNSimulator
ciMethodData org/antlr/v4/runtime/atn/SingletonPredictionContext getReturnState (I)I 1 890 orig 264 128 100 232 87 0 0 0 0 248 133 148 241 35 2 0 0 120 1 0 0 0 0 0 0 0 0 0 0 0 0 0 0 0 0 0 0 0 0 0 0 0 0 0 0 0 0 0 0 0 0 0 0 0 0 0 0 0 0 0 0 0 0 0 0 0 0 0 0 0 0 0 0 0 0 0 0 0 0 0 0 77 68 79 32 101 120 116 114 97 32 100 97 116 97 32 108 111 99 107 0 0 0 0 0 0 0 0 0 0 0 0 0 0 0 0 0 0 0 0 0 0 0 0 0 0 0 0 0 0 0 0 0 0 0 0 0 0 0 0 0 0 0 0 0 0 0 0 0 0 0 0 0 0 0 0 0 0 0 0 0 0 0 0 0 0 0 0 0 0 0 0 0 0 0 0 0 0 0 0 0 0 0 0 0 0 0 0 0 0 0 0 0 0 0 0 0 0 0 0 0 0 0 0 0 0 0 0 0 0 0 0 0 0 0 0 0 207 1 0 0 89 13 0 0 1 0 0 0 0 0 0 0 0 0 0 0 2 0 0 0 0 0 4 0 2 0 0 0 80 0 0 0 255 255 255 255 7 0 3 0 0 0 0 0 data 10 0x30007 0x1ab 0x50 0x0 0x70007 0x0 0x30 0x0 0xe0002 0x0 oops 0
ciMethodData org/antlr/v4/runtime/atn/PredictionContext calculateEmptyHashCode ()I 1 82 orig 264 128 100 232 87 0 0 0 0 248 97 148 241 35 2 0 0 96 1 0 0 0 0 0 0 0 0 0 0 0 0 0 0 0 0 0 0 0 0 0 0 0 0 0 0 0 0 0 0 0 0 0 0 0 0 0 0 0 0 0 0 0 0 0 0 0 0 0 0 0 0 0 0 0 0 0 0 0 0 0 0 77 68 79 32 101 120 116 114 97 32 100 97 116 97 32 108 111 99 107 0 0 0 0 0 0 0 0 0 0 0 0 0 0 0 0 0 0 0 0 0 0 0 0 0 0 0 0 0 0 0 0 0 0 0 0 0 0 0 0 0 0 0 0 0 0 0 0 0 0 0 0 0 0 0 0 0 0 0 0 0 0 0 0 0 0 0 0 0 0 0 0 0 0 0 0 0 0 0 0 0 0 0 0 0 0 0 0 0 0 0 0 0 0 0 0 0 0 0 0 0 0 0 0 0 0 0 0 0 0 0 0 0 0 0 0 0 35 0 0 0 121 1 0 0 1 0 0 0 0 0 0 0 0 0 0 0 2 0 0 0 0 0 0 0 0 0 0 0 32 0 0 0 255 255 255 255 2 0 1 0 0 0 0 0 data 4 0x10002 0x2f 0x70002 0x2f oops 0
ciMethodData org/antlr/v4/runtime/atn/ATNConfigSet$ConfigEqualityComparator hashCode (Ljava/lang/Object;)I 2 3657 orig 264 128 100 232 87 0 0 0 0 184 62 168 241 35 2 0 0 176 1 0 0 0 0 0 0 0 0 0 0 0 0 0 0 0 0 0 0 0 0 0 0 0 0 0 0 0 0 0 0 0 0 0 0 0 0 0 0 0 0 0 0 0 0 0 0 0 0 0 0 0 0 0 0 0 0 0 0 0 0 0 0 77 68 79 32 101 120 116 114 97 32 100 97 116 97 32 108 111 99 107 0 0 0 0 0 0 0 0 0 0 0 0 0 0 0 0 0 0 0 0 0 0 0 0 0 0 0 0 0 0 0 0 0 0 0 0 0 0 0 0 0 0 0 0 0 0 0 0 0 0 0 0 0 0 0 0 0 0 0 0 0 0 0 0 0 0 0 0 0 0 0 0 0 0 0 0 0 0 0 0 0 0 0 0 0 0 0 0 0 0 0 0 0 0 0 0 0 0 0 0 0 0 0 0 0 0 0 0 0 0 0 0 0 0 0 0 0 0 2 0 0 73 98 0 0 1 0 0 0 0 0 0 0 0 0 0 0 2 0 0 0 0 0 3 0 2 0 0 0 96 0 0 0 255 255 255 255 4 0 2 0 0 0 0 0 data 12 0x20004 0x0 0x223f072ebd0 0xc4b 0x0 0x0 0x50005 0x55 0x223f0b81840 0xbf8 0x0 0x0 oops 2 2 org/antlr/v4/runtime/atn/ATNConfig 8 org/antlr/v4/runtime/atn/ATNConfigSet$ConfigEqualityComparator
ciMethodData org/antlr/v4/runtime/atn/ATNConfigSet$ConfigEqualityComparator hashCode (Lorg/antlr/v4/runtime/atn/ATNConfig;)I 2 3654 orig 264 128 100 232 87 0 0 0 0 32 60 168 241 35 2 0 0 128 1 0 0 0 0 0 0 0 0 0 0 0 0 0 0 0 0 0 0 0 0 0 0 0 0 0 0 0 0 0 0 0 0 0 0 0 0 0 0 0 0 0 0 0 0 0 0 0 0 0 0 0 0 0 0 0 0 0 0 0 0 0 0 77 68 79 32 101 120 116 114 97 32 100 97 116 97 32 108 111 99 107 0 0 0 0 0 0 0 0 0 0 0 0 0 0 0 0 0 0 0 0 0 0 0 0 0 0 0 0 0 0 0 0 0 0 0 0 0 0 0 0 0 0 0 0 0 0 0 0 0 0 0 0 0 0 0 0 0 0 0 0 0 0 0 0 0 0 0 0 0 0 0 0 0 0 0 0 0 0 0 0 0 0 0 0 0 0 0 0 0 0 0 0 0 0 0 0 0 0 0 0 0 0 0 0 0 0 0 0 0 0 0 0 0 0 0 0 0 0 2 0 0 49 98 0 0 1 0 0 0 0 0 0 0 0 0 0 0 2 0 0 0 0 0 3 0 2 0 0 0 48 0 0 0 255 255 255 255 5 0 34 0 0 0 0 0 data 6 0x220005 0x0 0x223f0b88660 0xc47 0x0 0x0 oops 1 2 org/antlr/v4/runtime/atn/SemanticContext$Predicate
ciMethodData org/antlr/v4/runtime/atn/ArrayPredictionContext equals (Ljava/lang/Object;)Z 1 703 orig 264 128 100 232 87 0 0 0 0 40 229 173 241 35 2 0 0 232 2 0 0 208 0 0 0 0 0 0 0 0 0 0 0 0 0 0 0 0 0 0 0 0 0 0 0 0 0 0 0 0 0 0 0 0 0 0 0 0 0 0 0 0 0 0 0 0 0 0 0 0 0 0 0 0 0 0 0 0 0 0 0 77 68 79 32 101 120 116 114 97 32 100 97 116 97 32 108 111 99 107 0 0 0 0 0 0 0 0 0 0 0 0 0 0 0 0 0 0 0 0 0 0 0 0 0 0 0 0 0 0 0 0 0 0 0 0 0 0 0 0 0 0 0 0 0 0 0 0 0 0 0 0 0 0 0 0 0 0 0 0 0 0 0 0 0 0 0 0 0 0 0 0 0 0 0 0 0 0 0 0 0 0 0 0 0 0 0 0 0 0 0 0 0 0 0 0 0 0 0 0 0 0 0 0 0 0 0 0 0 0 0 0 0 0 0 0 0 0 2 0 0 249 5 0 0 1 0 0 0 0 0 0 0 0 0 0 0 2 0 0 0 0 0 15 0 2 0 0 0 152 1 0 0 255 255 255 255 7 0 2 0 0 0 0 0 data 51 0x20007 0xbf 0x20 0x0 0x80004 0xffffffffffffffc7 0x223f0e54440 0x86 0x223f072f560 0xe 0xb0007 0x86 0x20 0x39 0x110005 0x2d 0x223f0e54440 0x59 0x0 0x0 0x150005 0x0 0x223f0e54440 0x86 0x0 0x0 0x180007 0x1e 0x20 0x68 0x1e0004 0x0 0x223f0e54440 0x1e 0x0 0x0 0x2a0002 0x1e 0x2d0007 0x0 0x68 0x1e 0x380002 0x1e 0x3b0007 0x0 0x38 0x1e 0x3f0003 0x1e 0x18 oops 5 6 org/antlr/v4/runtime/atn/ArrayPredictionContext 8 org/antlr/v4/runtime/atn/SingletonPredictionContext 16 org/antlr/v4/runtime/atn/ArrayPredictionContext 22 org/antlr/v4/runtime/atn/ArrayPredictionContext 32 org/antlr/v4/runtime/atn/ArrayPredictionContext
ciMethodData org/antlr/v4/runtime/atn/PredictionContext calculateHashCode ([Lorg/antlr/v4/runtime/atn/PredictionContext;[I)I 1 2436 orig 264 128 100 232 87 0 0 0 0 64 100 148 241 35 2 0 0 0 2 0 0 64 0 0 0 0 0 0 0 0 0 0 0 0 0 0 0 0 0 0 0 0 0 0 0 0 0 0 0 0 0 0 0 0 0 0 0 0 0 0 0 0 0 0 0 0 0 0 0 0 0 0 0 0 0 0 0 0 0 0 0 77 68 79 32 101 120 116 114 97 32 100 97 116 97 32 108 111 99 107 0 0 0 0 0 0 0 0 0 0 0 0 0 0 0 0 0 0 0 0 0 0 0 0 0 0 0 0 0 0 0 0 0 0 0 0 0 0 0 0 0 0 0 0 0 0 0 0 0 0 0 0 0 0 0 0 0 0 0 0 0 0 0 0 0 0 0 0 0 0 0 0 0 0 0 0 0 0 0 0 0 0 0 0 0 0 0 0 0 0 0 0 0 0 0 0 0 0 0 0 0 0 0 0 0 0 0 0 0 0 0 0 0 0 0 0 0 192 7 0 0 121 3 0 0 33 14 0 0 0 0 0 0 0 0 0 0 2 0 0 0 2 0 13 0 2 0 0 0 176 0 0 0 255 255 255 255 2 0 1 0 0 0 0 0 data 22 0x10002 0x6f 0x120007 0x6f 0x48 0xe2 0x1e0002 0xe2 0x250003 0xe2 0xffffffffffffffd0 0x350007 0x6f 0x48 0xe2 0x410002 0xe2 0x480003 0xe2 0xffffffffffffffd0 0x500002 0x6f oops 0
ciMethodData org/antlr/v4/runtime/atn/ArrayPredictionContext <init> ([Lorg/antlr/v4/runtime/atn/PredictionContext;[I)V 1 501 orig 264 128 100 232 87 0 0 0 0 56 225 173 241 35 2 0 0 88 2 0 0 208 0 0 0 0 0 0 0 0 0 0 0 0 0 0 0 0 0 0 0 0 0 0 0 0 0 0 0 0 0 0 0 0 0 0 0 0 0 0 0 0 0 0 0 0 0 0 0 0 0 0 0 0 0 0 0 0 0 0 0 77 68 79 32 101 120 116 114 97 32 100 97 116 97 32 108 111 99 107 0 0 0 0 0 0 0 0 0 0 0 0 0 0 0 0 0 0 0 0 0 0 0 0 0 0 0 0 0 0 0 0 0 0 0 0 0 0 0 0 0 0 0 0 0 0 0 0 0 0 0 0 0 0 0 0 0 0 0 0 0 0 0 0 0 0 0 0 0 0 0 0 0 0 0 0 0 0 0 0 0 0 0 0 0 0 0 0 0 0 0 0 0 0 0 0 0 0 0 0 0 0 0 0 0 0 0 0 0 0 0 0 0 0 0 0 0 134 1 0 0 121 3 0 0 1 0 0 0 0 0 0 0 0 0 0 0 2 0 0 0 0 0 5 0 2 0 0 0 0 1 0 0 255 255 255 255 2 0 3 0 0 0 0 0 data 32 0x30002 0x6f 0x60002 0x6f 0xc0007 0x6f 0x70 0x0 0x100007 0x0 0x40 0x0 0x150007 0x0 0x30 0x0 0x1c0002 0x0 0x230007 0x6f 0x70 0x0 0x270007 0x0 0x40 0x0 0x2c0007 0x0 0x30 0x0 0x330002 0x0 oops 0
ciMethodData org/antlr/v4/runtime/atn/PredictionContext isEmpty ()Z 1 753 orig 264 128 100 232 87 0 0 0 0 64 95 148 241 35 2 0 0 128 1 0 0 0 0 0 0 0 0 0 0 0 0 0 0 0 0 0 0 0 0 0 0 0 0 0 0 0 0 0 0 0 0 0 0 0 0 0 0 0 0 0 0 0 0 0 0 0 0 0 0 0 0 0 0 0 0 0 0 0 0 0 0 77 68 79 32 101 120 116 114 97 32 100 97 116 97 32 108 111 99 107 0 0 0 0 0 0 0 0 0 0 0 0 0 0 0 0 0 0 0 0 0 0 0 0 0 0 0 0 0 0 0 0 0 0 0 0 0 0 0 0 0 0 0 0 0 0 0 0 0 0 0 0 0 0 0 0 0 0 0 0 0 0 0 0 0 0 0 0 0 0 0 0 0 0 0 0 0 0 0 0 0 0 0 0 0 0 0 0 0 0 0 0 0 0 0 0 0 0 0 0 0 0 0 0 0 0 0 0 0 0 0 0 0 0 0 0 0 174 1 0 0 25 10 0 0 1 0 0 0 0 0 0 0 0 0 0 0 2 0 0 0 0 0 6 0 2 0 0 0 56 0 0 0 255 255 255 255 7 0 4 0 0 0 0 0 data 7 0x40007 0x143 0x38 0x0 0x80003 0x0 0x18 oops 0
ciMethodData org/antlr/v4/runtime/atn/ATNConfigSet$ConfigEqualityComparator equals (Ljava/lang/Object;Ljava/lang/Object;)Z 2 1986 orig 264 128 100 232 87 0 0 0 0 8 62 168 241 35 2 0 0 232 1 0 0 0 0 0 0 0 0 0 0 0 0 0 0 0 0 0 0 0 0 0 0 0 0 0 0 0 0 0 0 0 0 0 0 0 0 0 0 0 0 0 0 0 0 0 0 0 0 0 0 0 0 0 0 0 0 0 0 0 0 0 0 77 68 79 32 101 120 116 114 97 32 100 97 116 97 32 108 111 99 107 0 0 0 0 0 0 0 0 0 0 0 0 0 0 0 0 0 0 0 0 0 0 0 0 0 0 0 0 0 0 0 0 0 0 0 0 0 0 0 0 0 0 0 0 0 0 0 0 0 0 0 0 0 0 0 0 0 0 0 0 0 0 0 0 0 0 0 0 0 0 0 0 0 0 0 0 0 0 0 0 0 0 0 0 0 0 0 0 0 0 0 0 0 0 0 0 0 0 0 0 0 0 0 0 0 0 0 0 0 0 0 0 0 0 0 0 0 134 1 0 0 217 49 0 0 1 0 0 0 0 0 0 0 0 0 0 0 2 0 0 0 0 0 3 0 2 0 0 0 144 0 0 0 255 255 255 255 4 0 2 0 0 0 0 0 data 18 0x20004 0x0 0x223f072ebd0 0x63b 0x0 0x0 0x60004 0x0 0x223f072ebd0 0x63b 0x0 0x0 0x90005 0x4f 0x223f0b81840 0x5ec 0x0 0x0 oops 3 2 org/antlr/v4/runtime/atn/ATNConfig 8 org/antlr/v4/runtime/atn/ATNConfig 14 org/antlr/v4/runtime/atn/ATNConfigSet$ConfigEqualityComparator
ciMethodData org/antlr/v4/runtime/atn/ATNConfigSet$ConfigEqualityComparator equals (Lorg/antlr/v4/runtime/atn/ATNConfig;Lorg/antlr/v4/runtime/atn/ATNConfig;)Z 2 1985 orig 264 128 100 232 87 0 0 0 0 24 61 168 241 35 2 0 0 96 2 0 0 64 0 0 0 0 0 0 0 0 0 0 0 0 0 0 0 0 0 0 0 0 0 0 0 0 0 0 0 0 0 0 0 0 0 0 0 0 0 0 0 0 0 0 0 0 0 0 0 0 0 0 0 0 0 0 0 0 0 0 0 77 68 79 32 101 120 116 114 97 32 100 97 116 97 32 108 111 99 107 0 0 0 0 0 0 0 0 0 0 0 0 0 0 0 0 0 0 0 0 0 0 0 0 0 0 0 0 0 0 0 0 0 0 0 0 0 0 0 0 0 0 0 0 0 0 0 0 0 0 0 0 0 0 0 0 0 0 0 0 0 0 0 0 0 0 0 0 0 0 0 0 0 0 0 0 0 0 0 0 0 0 0 0 0 0 0 0 0 0 0 0 0 0 0 0 0 0 0 0 0 0 0 0 0 0 0 0 0 0 0 0 0 0 0 0 0 144 1 0 0 121 49 0 0 1 0 0 0 0 0 0 0 0 0 0 0 2 0 0 0 0 0 18 0 2 0 0 0 8 1 0 0 255 255 255 255 7 0 2 0 0 0 0 0 data 33 0x20007 0x62f 0x20 0x0 0x80007 0x0 0x40 0x62f 0xc0007 0x630 0x20 0x0 0x1f0007 0x26c 0xa8 0x3c4 0x2a0007 0x0 0x88 0x3c4 0x350005 0x0 0x223f0b88660 0x3c4 0x0 0x0 0x380007 0x0 0x38 0x3c4 0x3c0003 0x3c4 0x18 oops 1 22 org/antlr/v4/runtime/atn/SemanticContext$Predicate
ciMethodData org/antlr/v4/runtime/atn/ArrayPredictionContext <init> (Lorg/antlr/v4/runtime/atn/SingletonPredictionContext;)V 1 212 orig 264 128 100 232 87 0 0 0 0 56 224 173 241 35 2 0 0 144 1 0 0 0 0 0 0 0 0 0 0 0 0 0 0 0 0 0 0 0 0 0 0 0 0 0 0 0 0 0 0 0 0 0 0 0 0 0 0 0 0 0 0 0 0 0 0 0 0 0 0 0 0 0 0 0 0 0 0 0 0 0 0 77 68 79 32 101 120 116 114 97 32 100 97 116 97 32 108 111 99 107 0 0 0 0 0 0 0 0 0 0 0 0 0 0 0 0 0 0 0 0 0 0 0 0 0 0 0 0 0 0 0 0 0 0 0 0 0 0 0 0 0 0 0 0 0 0 0 0 0 0 0 0 0 0 0 0 0 0 0 0 0 0 0 0 0 0 0 0 0 0 0 0 0 0 0 0 0 0 0 0 0 0 0 0 0 0 0 0 0 0 0 0 0 0 0 0 0 0 0 0 0 0 0 0 0 0 0 0 0 0 0 0 0 0 0 0 0 173 0 0 0 57 1 0 0 1 0 0 0 0 0 0 0 0 0 0 0 2 0 0 0 0 0 0 0 0 0 0 0 64 0 0 0 255 255 255 255 4 0 11 0 0 0 0 0 data 8 0xb0004 0x0 0x223f072f560 0x17 0x223f072f610 0x10 0x160002 0x27 oops 2 2 org/antlr/v4/runtime/atn/SingletonPredictionContext 4 org/antlr/v4/runtime/atn/EmptyPredictionContext
ciMethodData org/antlr/v4/runtime/atn/SingletonPredictionContext getParent (I)Lorg/antlr/v4/runtime/atn/PredictionContext; 1 556 orig 264 128 100 232 87 0 0 0 0 32 133 148 241 35 2 0 0 120 1 0 0 0 0 0 0 0 0 0 0 0 0 0 0 0 0 0 0 0 0 0 0 0 0 0 0 0 0 0 0 0 0 0 0 0 0 0 0 0 0 0 0 0 0 0 0 0 0 0 0 0 0 0 0 0 0 0 0 0 0 0 0 77 68 79 32 101 120 116 114 97 32 100 97 116 97 32 108 111 99 107 0 0 0 0 0 0 0 0 0 0 0 0 0 0 0 0 0 0 0 0 0 0 0 0 0 0 0 0 0 0 0 0 0 0 0 0 0 0 0 0 0 0 0 0 0 0 0 0 0 0 0 0 0 0 0 0 0 0 0 0 0 0 0 0 0 0 0 0 0 0 0 0 0 0 0 0 0 0 0 0 0 0 0 0 0 0 0 0 0 0 0 0 0 0 0 0 0 0 0 0 0 0 0 0 0 0 0 0 0 0 0 0 0 0 0 0 0 144 1 0 0 225 4 0 0 1 0 0 0 0 0 0 0 0 0 0 0 2 0 0 0 0 0 4 0 2 0 0 0 80 0 0 0 255 255 255 255 7 0 3 0 0 0 0 0 data 10 0x30007 0x9c 0x50 0x0 0x70007 0x0 0x30 0x0 0xe0002 0x0 oops 0
compile org/antlr/v4/runtime/atn/ParserATNSimulator closureCheckingStopState (Lorg/antlr/v4/runtime/atn/ATNConfig;Lorg/antlr/v4/runtime/atn/ATNConfigSet;Ljava/util/Set;ZZIZ)V -1 4 inline 231 0 -1 org/antlr/v4/runtime/atn/ParserATNSimulator closureCheckingStopState (Lorg/antlr/v4/runtime/atn/ATNConfig;Lorg/antlr/v4/runtime/atn/ATNConfigSet;Ljava/util/Set;ZZIZ)V 1 14 org/antlr/v4/runtime/atn/EmptyPredictionContext isEmpty ()Z 1 14 org/antlr/v4/runtime/atn/PredictionContext isEmpty ()Z 1 29 org/antlr/v4/runtime/atn/SingletonPredictionContext size ()I 1 41 org/antlr/v4/runtime/atn/SingletonPredictionContext getReturnState (I)I 1 112 org/antlr/v4/runtime/atn/SingletonPredictionContext getReturnState (I)I 1 115 java/util/ArrayList get (I)Ljava/lang/Object; 2 2 java/util/ArrayList rangeCheck (I)V 2 7 java/util/ArrayList elementData (I)Ljava/lang/Object; 1 131 org/antlr/v4/runtime/atn/SingletonPredictionContext getParent (I)Lorg/antlr/v4/runtime/atn/PredictionContext; 1 152 org/antlr/v4/runtime/atn/ATNConfig <init> (Lorg/antlr/v4/runtime/atn/ATNState;ILorg/antlr/v4/runtime/atn/PredictionContext;Lorg/antlr/v4/runtime/atn/SemanticContext;)V 2 1 java/lang/Object <init> ()V 1 240 org/antlr/v4/runtime/atn/ParserATNSimulator closure_ (Lorg/antlr/v4/runtime/atn/ATNConfig;Lorg/antlr/v4/runtime/atn/ATNConfigSet;Ljava/util/Set;ZZIZ)V 2 8 org/antlr/v4/runtime/atn/ATNState onlyHasEpsilonTransitions ()Z 2 20 org/antlr/v4/runtime/atn/ATNConfigSet add (Lorg/antlr/v4/runtime/atn/ATNConfig;Lorg/antlr/v4/runtime/misc/DoubleKeyMap;)Z 3 33 org/antlr/v4/runtime/atn/ATNConfig getOuterContextDepth ()I 3 49 org/antlr/v4/runtime/misc/Array2DHashSet getOrAdd (Ljava/lang/Object;)Ljava/lang/Object; 4 17 org/antlr/v4/runtime/misc/Array2DHashSet getOrAddImpl (Ljava/lang/Object;)Ljava/lang/Object; 5 2 org/antlr/v4/runtime/misc/Array2DHashSet getBucket (Ljava/lang/Object;)I 6 5 org/antlr/v4/runtime/atn/ATNConfigSet$ConfigEqualityComparator hashCode (Ljava/lang/Object;)I 7 5 org/antlr/v4/runtime/atn/ATNConfigSet$ConfigEqualityComparator hashCode (Lorg/antlr/v4/runtime/atn/ATNConfig;)I 8 34 org/antlr/v4/runtime/atn/SemanticContext$Predicate hashCode ()I 9 0 org/antlr/v4/runtime/misc/MurmurHash initialize ()I 10 1 org/antlr/v4/runtime/misc/MurmurHash initialize (I)I 9 9 org/antlr/v4/runtime/misc/MurmurHash update (II)I 9 18 org/antlr/v4/runtime/misc/MurmurHash update (II)I 9 35 org/antlr/v4/runtime/misc/MurmurHash update (II)I 9 41 org/antlr/v4/runtime/misc/MurmurHash finish (II)I 6 5 org/antlr/v4/runtime/misc/ObjectEqualityComparator hashCode (Ljava/lang/Object;)I 7 7 org/antlr/v4/runtime/atn/LexerATNConfig hashCode ()I 8 2 org/antlr/v4/runtime/misc/MurmurHash initialize (I)I 8 14 org/antlr/v4/runtime/misc/MurmurHash update (II)I 8 23 org/antlr/v4/runtime/misc/MurmurHash update (II)I 8 32 org/antlr/v4/runtime/misc/MurmurHash update (ILjava/lang/Object;)I 9 6 org/antlr/v4/runtime/atn/PredictionContext hashCode ()I 9 13 org/antlr/v4/runtime/misc/MurmurHash update (II)I 8 41 org/antlr/v4/runtime/misc/MurmurHash update (ILjava/lang/Object;)I 9 13 org/antlr/v4/runtime/misc/MurmurHash update (II)I 8 58 org/antlr/v4/runtime/misc/MurmurHash update (II)I 8 67 org/antlr/v4/runtime/misc/MurmurHash update (ILjava/lang/Object;)I 9 6 org/antlr/v4/runtime/atn/LexerActionExecutor hashCode ()I 9 13 org/antlr/v4/runtime/misc/MurmurHash update (II)I 8 74 org/antlr/v4/runtime/misc/MurmurHash finish (II)I 5 22 org/antlr/v4/runtime/atn/ATNConfigSet$AbstractConfigHashSet createBucket (I)[Ljava/lang/Object; 6 2 org/antlr/v4/runtime/atn/ATNConfigSet$AbstractConfigHashSet createBucket (I)[Lorg/antlr/v4/runtime/atn/ATNConfig; 5 94 org/antlr/v4/runtime/atn/ATNConfigSet$ConfigEqualityComparator equals (Ljava/lang/Object;Ljava/lang/Object;)Z 6 9 org/antlr/v4/runtime/atn/ATNConfigSet$ConfigEqualityComparator equals (Lorg/antlr/v4/runtime/atn/ATNConfig;Lorg/antlr/v4/runtime/atn/ATNConfig;)Z 7 53 org/antlr/v4/runtime/atn/SemanticContext$Predicate equals (Ljava/lang/Object;)Z 5 94 org/antlr/v4/runtime/misc/ObjectEqualityComparator equals (Ljava/lang/Object;Ljava/lang/Object;)Z 5 118 java/util/Arrays copyOf ([Ljava/lang/Object;I)[Ljava/lang/Object; 3 71 java/util/ArrayList add (Ljava/lang/Object;)Z 4 7 java/util/ArrayList ensureCapacityInternal (I)V 5 6 java/util/ArrayList calculateCapacity ([Ljava/lang/Object;I)I 5 9 java/util/ArrayList ensureExplicitCapacity (I)V 6 22 java/util/ArrayList grow (I)V 7 38 java/util/Arrays copyOf ([Ljava/lang/Object;I)[Ljava/lang/Object; 3 102 org/antlr/v4/runtime/atn/PredictionContext merge (Lorg/antlr/v4/runtime/atn/PredictionContext;Lorg/antlr/v4/runtime/atn/PredictionContext;ZLorg/antlr/v4/runtime/misc/DoubleKeyMap;)Lorg/antlr/v4/runtime/atn/PredictionContext; 4 29 org/antlr/v4/runtime/atn/ArrayPredictionContext equals (Ljava/lang/Object;)Z 5 17 org/antlr/v4/runtime/atn/PredictionContext hashCode ()I 5 21 org/antlr/v4/runtime/atn/PredictionContext hashCode ()I 4 29 org/antlr/v4/runtime/atn/SingletonPredictionContext equals (Ljava/lang/Object;)Z 5 17 org/antlr/v4/runtime/atn/PredictionContext hashCode ()I 5 21 org/antlr/v4/runtime/atn/PredictionContext hashCode ()I 4 121 org/antlr/v4/runtime/atn/ArrayPredictionContext <init> (Lorg/antlr/v4/runtime/atn/SingletonPredictionContext;)V 5 22 org/antlr/v4/runtime/atn/ArrayPredictionContext <init> ([Lorg/antlr/v4/runtime/atn/PredictionContext;[I)V 6 3 org/antlr/v4/runtime/atn/PredictionContext calculateHashCode ([Lorg/antlr/v4/runtime/atn/PredictionContext;[I)I 7 1 org/antlr/v4/runtime/misc/MurmurHash initialize (I)I 7 30 org/antlr/v4/runtime/misc/MurmurHash update (ILjava/lang/Object;)I 8 6 org/antlr/v4/runtime/atn/PredictionContext hashCode ()I 8 13 org/antlr/v4/runtime/misc/MurmurHash update (II)I 6 6 org/antlr/v4/runtime/atn/PredictionContext <init> (I)V 7 1 java/lang/Object <init> ()V 3 123 org/antlr/v4/runtime/atn/ATNConfig isPrecedenceFilterSuppressed ()Z 2 31 org/antlr/v4/runtime/atn/ATNState getNumberOfTransitions ()I 3 4 java/util/ArrayList size ()I 2 41 org/antlr/v4/runtime/atn/ATNState transition (I)Lorg/antlr/v4/runtime/atn/Transition; 3 5 java/util/ArrayList get (I)Ljava/lang/Object; 4 2 java/util/ArrayList rangeCheck (I)V 4 7 java/util/ArrayList elementData (I)Ljava/lang/Object; 2 86 org/antlr/v4/runtime/atn/ParserATNSimulator getEpsilonTarget (Lorg/antlr/v4/runtime/atn/ATNConfig;Lorg/antlr/v4/runtime/atn/Transition;ZZZZ)Lorg/antlr/v4/runtime/atn/ATNConfig; 3 81 org/antlr/v4/runtime/atn/ParserATNSimulator precedenceTransition (Lorg/antlr/v4/runtime/atn/ATNConfig;Lorg/antlr/v4/runtime/atn/PrecedencePredicateTransition;ZZZ)Lorg/antlr/v4/runtime/atn/ATNConfig; 4 86 org/antlr/v4/runtime/atn/ATNConfig <init> (Lorg/antlr/v4/runtime/atn/ATNConfig;Lorg/antlr/v4/runtime/atn/ATNState;)V 5 11 org/antlr/v4/runtime/atn/ATNConfig <init> (Lorg/antlr/v4/runtime/atn/ATNConfig;Lorg/antlr/v4/runtime/atn/ATNState;Lorg/antlr/v4/runtime/atn/PredictionContext;Lorg/antlr/v4/runtime/atn/SemanticContext;)V 6 1 java/lang/Object <init> ()V 4 135 org/antlr/v4/runtime/atn/ATNConfig <init> (Lorg/antlr/v4/runtime/atn/ATNConfig;Lorg/antlr/v4/runtime/atn/ATNState;)V 5 11 org/antlr/v4/runtime/atn/ATNConfig <init> (Lorg/antlr/v4/runtime/atn/ATNConfig;Lorg/antlr/v4/runtime/atn/ATNState;Lorg/antlr/v4/runtime/atn/PredictionContext;Lorg/antlr/v4/runtime/atn/SemanticContext;)V 6 1 java/lang/Object <init> ()V 3 66 org/antlr/v4/runtime/atn/ParserATNSimulator ruleTransition (Lorg/antlr/v4/runtime/atn/ATNConfig;Lorg/antlr/v4/runtime/atn/RuleTransition;)Lorg/antlr/v4/runtime/atn/ATNConfig; 4 13 org/antlr/v4/runtime/atn/SingletonPredictionContext create (Lorg/antlr/v4/runtime/atn/PredictionContext;I)Lorg/antlr/v4/runtime/atn/SingletonPredictionContext; 5 20 org/antlr/v4/runtime/atn/SingletonPredictionContext <init> (Lorg/antlr/v4/runtime/atn/PredictionContext;I)V 6 7 org/antlr/v4/runtime/atn/PredictionContext calculateHashCode (Lorg/antlr/v4/runtime/atn/PredictionContext;I)I 7 1 org/antlr/v4/runtime/misc/MurmurHash initialize (I)I 7 7 org/antlr/v4/runtime/misc/MurmurHash update (ILjava/lang/Object;)I 8 6 org/antlr/v4/runtime/atn/PredictionContext hashCode ()I 8 13 org/antlr/v4/runtime/misc/MurmurHash update (II)I 7 13 org/antlr/v4/runtime/misc/MurmurHash update (II)I 7 19 org/antlr/v4/runtime/misc/MurmurHash finish (II)I 6 13 org/antlr/v4/runtime/atn/PredictionContext calculateEmptyHashCode ()I 7 1 org/antlr/v4/runtime/misc/MurmurHash initialize (I)I 6 16 org/antlr/v4/runtime/atn/PredictionContext <init> (I)V 7 1 java/lang/Object <init> ()V 4 29 org/antlr/v4/runtime/atn/ATNConfig <init> (Lorg/antlr/v4/runtime/atn/ATNConfig;Lorg/antlr/v4/runtime/atn/ATNState;Lorg/antlr/v4/runtime/atn/PredictionContext;)V 5 8 org/antlr/v4/runtime/atn/ATNConfig <init> (Lorg/antlr/v4/runtime/atn/ATNConfig;Lorg/antlr/v4/runtime/atn/ATNState;Lorg/antlr/v4/runtime/atn/PredictionContext;Lorg/antlr/v4/runtime/atn/SemanticContext;)V 6 1 java/lang/Object <init> ()V 3 119 org/antlr/v4/runtime/atn/ATNConfig <init> (Lorg/antlr/v4/runtime/atn/ATNConfig;Lorg/antlr/v4/runtime/atn/ATNState;)V 4 11 org/antlr/v4/runtime/atn/ATNConfig <init> (Lorg/antlr/v4/runtime/atn/ATNConfig;Lorg/antlr/v4/runtime/atn/ATNState;Lorg/antlr/v4/runtime/atn/PredictionContext;Lorg/antlr/v4/runtime/atn/SemanticContext;)V 5 1 java/lang/Object <init> ()V 2 154 java/util/HashSet add (Ljava/lang/Object;)Z 3 8 java/util/HashMap put (Ljava/lang/Object;Ljava/lang/Object;)Ljava/lang/Object; 4 2 java/util/HashMap hash (Ljava/lang/Object;)I 4 9 java/util/HashMap putVal (ILjava/lang/Object;Ljava/lang/Object;ZZ)Ljava/lang/Object; 5 56 java/util/LinkedHashMap newNode (ILjava/lang/Object;Ljava/lang/Object;Ljava/util/HashMap$Node;)Ljava/util/HashMap$Node; 6 9 java/util/LinkedHashMap$Entry <init> (ILjava/lang/Object;Ljava/lang/Object;Ljava/util/HashMap$Node;)V 7 6 java/util/HashMap$Node <init> (ILjava/lang/Object;Ljava/lang/Object;Ljava/util/HashMap$Node;)V 8 1 java/lang/Object <init> ()V 6 17 java/util/LinkedHashMap linkNodeLast (Ljava/util/LinkedHashMap$Entry;)V 5 91 org/antlr/v4/runtime/atn/ATNConfig equals (Ljava/lang/Object;)Z 6 14 org/antlr/v4/runtime/atn/ATNConfig equals (Lorg/antlr/v4/runtime/atn/ATNConfig;)Z 7 67 org/antlr/v4/runtime/atn/SingletonPredictionContext equals (Ljava/lang/Object;)Z 8 17 org/antlr/v4/runtime/atn/PredictionContext hashCode ()I 8 21 org/antlr/v4/runtime/atn/PredictionContext hashCode ()I 7 67 org/antlr/v4/runtime/atn/ArrayPredictionContext equals (Ljava/lang/Object;)Z 8 17 org/antlr/v4/runtime/atn/PredictionContext hashCode ()I 8 21 org/antlr/v4/runtime/atn/PredictionContext hashCode ()I 7 81 org/antlr/v4/runtime/atn/SemanticContext$Predicate equals (Ljava/lang/Object;)Z 7 88 org/antlr/v4/runtime/atn/ATNConfig isPrecedenceFilterSuppressed ()Z 7 92 org/antlr/v4/runtime/atn/ATNConfig isPrecedenceFilterSuppressed ()Z 6 14 org/antlr/v4/runtime/atn/LexerATNConfig equals (Lorg/antlr/v4/runtime/atn/ATNConfig;)Z 7 45 org/antlr/v4/runtime/misc/ObjectEqualityComparator equals (Ljava/lang/Object;Ljava/lang/Object;)Z 5 203 org/antlr/v4/runtime/atn/ATNConfig equals (Ljava/lang/Object;)Z 6 14 org/antlr/v4/runtime/atn/ATNConfig equals (Lorg/antlr/v4/runtime/atn/ATNConfig;)Z 7 67 org/antlr/v4/runtime/atn/SingletonPredictionContext equals (Ljava/lang/Object;)Z 8 17 org/antlr/v4/runtime/atn/PredictionContext hashCode ()I 8 21 org/antlr/v4/runtime/atn/PredictionContext hashCode ()I 7 67 org/antlr/v4/runtime/atn/ArrayPredictionContext equals (Ljava/lang/Object;)Z 8 17 org/antlr/v4/runtime/atn/PredictionContext hashCode ()I 8 21 org/antlr/v4/runtime/atn/PredictionContext hashCode ()I 7 81 org/antlr/v4/runtime/atn/SemanticContext$Predicate equals (Ljava/lang/Object;)Z 7 88 org/antlr/v4/runtime/atn/ATNConfig isPrecedenceFilterSuppressed ()Z 7 92 org/antlr/v4/runtime/atn/ATNConfig isPrecedenceFilterSuppressed ()Z 6 14 org/antlr/v4/runtime/atn/LexerATNConfig equals (Lorg/antlr/v4/runtime/atn/ATNConfig;)Z 7 45 org/antlr/v4/runtime/misc/ObjectEqualityComparator equals (Ljava/lang/Object;Ljava/lang/Object;)Z 5 152 java/util/LinkedHashMap newNode (ILjava/lang/Object;Ljava/lang/Object;Ljava/util/HashMap$Node;)Ljava/util/HashMap$Node; 6 9 java/util/LinkedHashMap$Entry <init> (ILjava/lang/Object;Ljava/lang/Object;Ljava/util/HashMap$Node;)V 7 6 java/util/HashMap$Node <init> (ILjava/lang/Object;Ljava/lang/Object;Ljava/util/HashMap$Node;)V 8 1 java/lang/Object <init> ()V 6 17 java/util/LinkedHashMap linkNodeLast (Ljava/util/LinkedHashMap$Entry;)V 5 295 java/util/LinkedHashMap afterNodeInsertion (Z)V 6 15 java/util/LinkedHashMap removeEldestEntry (Ljava/util/Map$Entry;)Z 5 56 java/util/HashMap newNode (ILjava/lang/Object;Ljava/lang/Object;Ljava/util/HashMap$Node;)Ljava/util/HashMap$Node; 6 9 java/util/HashMap$Node <init> (ILjava/lang/Object;Ljava/lang/Object;Ljava/util/HashMap$Node;)V 7 1 java/lang/Object <init> ()V 5 152 java/util/HashMap newNode (ILjava/lang/Object;Ljava/lang/Object;Ljava/util/HashMap$Node;)Ljava/util/HashMap$Node; 6 9 java/util/HashMap$Node <init> (ILjava/lang/Object;Ljava/lang/Object;Ljava/util/HashMap$Node;)V 7 1 java/lang/Object <init> ()V 5 253 java/util/HashMap afterNodeAccess (Ljava/util/HashMap$Node;)V 5 295 java/util/HashMap afterNodeInsertion (Z)V 2 176 org/antlr/v4/runtime/dfa/DFA isPrecedenceDfa ()Z 2 285 org/antlr/v4/runtime/atn/ParserATNSimulator closureCheckingStopState (Lorg/antlr/v4/runtime/atn/ATNConfig;Lorg/antlr/v4/runtime/atn/ATNConfigSet;Ljava/util/Set;ZZIZ)V 3 14 org/antlr/v4/runtime/atn/EmptyPredictionContext isEmpty ()Z 3 14 org/antlr/v4/runtime/atn/PredictionContext isEmpty ()Z 3 29 org/antlr/v4/runtime/atn/SingletonPredictionContext size ()I 3 41 org/antlr/v4/runtime/atn/SingletonPredictionContext getReturnState (I)I 3 112 org/antlr/v4/runtime/atn/SingletonPredictionContext getReturnState (I)I 3 115 java/util/ArrayList get (I)Ljava/lang/Object; 4 2 java/util/ArrayList rangeCheck (I)V 4 7 java/util/ArrayList elementData (I)Ljava/lang/Object; 3 131 org/antlr/v4/runtime/atn/SingletonPredictionContext getParent (I)Lorg/antlr/v4/runtime/atn/PredictionContext; 3 152 org/antlr/v4/runtime/atn/ATNConfig <init> (Lorg/antlr/v4/runtime/atn/ATNState;ILorg/antlr/v4/runtime/atn/PredictionContext;Lorg/antlr/v4/runtime/atn/SemanticContext;)V 4 1 java/lang/Object <init> ()V 3 240 org/antlr/v4/runtime/atn/ParserATNSimulator closure_ (Lorg/antlr/v4/runtime/atn/ATNConfig;Lorg/antlr/v4/runtime/atn/ATNConfigSet;Ljava/util/Set;ZZIZ)V 4 8 org/antlr/v4/runtime/atn/ATNState onlyHasEpsilonTransitions ()Z 4 20 org/antlr/v4/runtime/atn/ATNConfigSet add (Lorg/antlr/v4/runtime/atn/ATNConfig;Lorg/antlr/v4/runtime/misc/DoubleKeyMap;)Z 5 33 org/antlr/v4/runtime/atn/ATNConfig getOuterContextDepth ()I 5 49 org/antlr/v4/runtime/misc/Array2DHashSet getOrAdd (Ljava/lang/Object;)Ljava/lang/Object; 6 17 org/antlr/v4/runtime/misc/Array2DHashSet getOrAddImpl (Ljava/lang/Object;)Ljava/lang/Object; 7 2 org/antlr/v4/runtime/misc/Array2DHashSet getBucket (Ljava/lang/Object;)I 8 5 org/antlr/v4/runtime/atn/ATNConfigSet$ConfigEqualityComparator hashCode (Ljava/lang/Object;)I 9 5 org/antlr/v4/runtime/atn/ATNConfigSet$ConfigEqualityComparator hashCode (Lorg/antlr/v4/runtime/atn/ATNConfig;)I 10 34 org/antlr/v4/runtime/atn/SemanticContext$Predicate hashCode ()I 8 5 org/antlr/v4/runtime/misc/ObjectEqualityComparator hashCode (Ljava/lang/Object;)I 9 7 org/antlr/v4/runtime/atn/LexerATNConfig hashCode ()I 10 2 org/antlr/v4/runtime/misc/MurmurHash initialize (I)I 10 14 org/antlr/v4/runtime/misc/MurmurHash update (II)I 10 23 org/antlr/v4/runtime/misc/MurmurHash update (II)I 10 32 org/antlr/v4/runtime/misc/MurmurHash update (ILjava/lang/Object;)I 11 6 org/antlr/v4/runtime/atn/PredictionContext hashCode ()I 10 41 org/antlr/v4/runtime/misc/MurmurHash update (ILjava/lang/Object;)I 10 58 org/antlr/v4/runtime/misc/MurmurHash update (II)I 10 67 org/antlr/v4/runtime/misc/MurmurHash update (ILjava/lang/Object;)I 11 6 org/antlr/v4/runtime/atn/LexerActionExecutor hashCode ()I 10 74 org/antlr/v4/runtime/misc/MurmurHash finish (II)I 7 22 org/antlr/v4/runtime/atn/ATNConfigSet$AbstractConfigHashSet createBucket (I)[Ljava/lang/Object; 8 2 org/antlr/v4/runtime/atn/ATNConfigSet$AbstractConfigHashSet createBucket (I)[Lorg/antlr/v4/runtime/atn/ATNConfig; 7 94 org/antlr/v4/runtime/atn/ATNConfigSet$ConfigEqualityComparator equals (Ljava/lang/Object;Ljava/lang/Object;)Z 8 9 org/antlr/v4/runtime/atn/ATNConfigSet$ConfigEqualityComparator equals (Lorg/antlr/v4/runtime/atn/ATNConfig;Lorg/antlr/v4/runtime/atn/ATNConfig;)Z 9 53 org/antlr/v4/runtime/atn/SemanticContext$Predicate equals (Ljava/lang/Object;)Z 7 94 org/antlr/v4/runtime/misc/ObjectEqualityComparator equals (Ljava/lang/Object;Ljava/lang/Object;)Z 7 118 java/util/Arrays copyOf ([Ljava/lang/Object;I)[Ljava/lang/Object; 5 71 java/util/ArrayList add (Ljava/lang/Object;)Z 6 7 java/util/ArrayList ensureCapacityInternal (I)V 7 6 java/util/ArrayList calculateCapacity ([Ljava/lang/Object;I)I 7 9 java/util/ArrayList ensureExplicitCapacity (I)V 8 22 java/util/ArrayList grow (I)V 9 38 java/util/Arrays copyOf ([Ljava/lang/Object;I)[Ljava/lang/Object; 5 102 org/antlr/v4/runtime/atn/PredictionContext merge (Lorg/antlr/v4/runtime/atn/PredictionContext;Lorg/antlr/v4/runtime/atn/PredictionContext;ZLorg/antlr/v4/runtime/misc/DoubleKeyMap;)Lorg/antlr/v4/runtime/atn/PredictionContext; 6 29 org/antlr/v4/runtime/atn/ArrayPredictionContext equals (Ljava/lang/Object;)Z 7 17 org/antlr/v4/runtime/atn/PredictionContext hashCode ()I 7 21 org/antlr/v4/runtime/atn/PredictionContext hashCode ()I 6 29 org/antlr/v4/runtime/atn/SingletonPredictionContext equals (Ljava/lang/Object;)Z 7 17 org/antlr/v4/runtime/atn/PredictionContext hashCode ()I 7 21 org/antlr/v4/runtime/atn/PredictionContext hashCode ()I 6 121 org/antlr/v4/runtime/atn/ArrayPredictionContext <init> (Lorg/antlr/v4/runtime/atn/SingletonPredictionContext;)V 7 22 org/antlr/v4/runtime/atn/ArrayPredictionContext <init> ([Lorg/antlr/v4/runtime/atn/PredictionContext;[I)V 8 3 org/antlr/v4/runtime/atn/PredictionContext calculateHashCode ([Lorg/antlr/v4/runtime/atn/PredictionContext;[I)I 9 1 org/antlr/v4/runtime/misc/MurmurHash initialize (I)I 9 30 org/antlr/v4/runtime/misc/MurmurHash update (ILjava/lang/Object;)I 10 6 org/antlr/v4/runtime/atn/PredictionContext hashCode ()I 10 13 org/antlr/v4/runtime/misc/MurmurHash update (II)I 8 6 org/antlr/v4/runtime/atn/PredictionContext <init> (I)V 9 1 java/lang/Object <init> ()V 5 123 org/antlr/v4/runtime/atn/ATNConfig isPrecedenceFilterSuppressed ()Z 4 31 org/antlr/v4/runtime/atn/ATNState getNumberOfTransitions ()I 5 4 java/util/ArrayList size ()I 4 41 org/antlr/v4/runtime/atn/ATNState transition (I)Lorg/antlr/v4/runtime/atn/Transition; 5 5 java/util/ArrayList get (I)Ljava/lang/Object; 6 2 java/util/ArrayList rangeCheck (I)V 6 7 java/util/ArrayList elementData (I)Ljava/lang/Object; 4 86 org/antlr/v4/runtime/atn/ParserATNSimulator getEpsilonTarget (Lorg/antlr/v4/runtime/atn/ATNConfig;Lorg/antlr/v4/runtime/atn/Transition;ZZZZ)Lorg/antlr/v4/runtime/atn/ATNConfig; 5 81 org/antlr/v4/runtime/atn/ParserATNSimulator precedenceTransition (Lorg/antlr/v4/runtime/atn/ATNConfig;Lorg/antlr/v4/runtime/atn/PrecedencePredicateTransition;ZZZ)Lorg/antlr/v4/runtime/atn/ATNConfig; 4 176 org/antlr/v4/runtime/dfa/DFA isPrecedenceDfa ()Z
